AC084864.1	AC078909.2	KRT38	CGB7	AC084114.1	LINC02846	LINC01977	PCDH12	ZNF444	AL353572.1	AC138207.3	F10	CES2	RHBDL3	DDIT3	SCARB1	TMEM74B	PODN	AC026369.2	SMUG1	MFAP4	FAM71E1	LINC01354	DISP3	LINC00885	NACA3P	APOD	AC019133.1	AC023136.1	LINC01689	AC010624.1	ELFN1	AL136099.1	SLC14A2	DPT	PTP4A2P2	RCN2	AC109439.1	AL389889.2	LINC01731	AC093627.6	AC008592.4	TFF1	AC084030.1	GPC3	C16orf86	AK1	AC084036.1	AC006504.7	THY1	DLL4	ATP23	RNA5SP89	NIM1K	NOL3	AC006063.4	TSC22D3	AL445224.1	ART5	PI16	SCARA5	C20orf202	AC119677.1	DCN	LINC01834	SP7	ADH1B	ADGRB2	TNFAIP8L1	LINC02555	RERGL	PIMREG	LMBR1L	CYYR1	NINJ1	AC008443.3	PIGZ	UXS1	ADAMTSL2	AC148477.2	COX6A1	LINC01532	DUOXA2	TMEM145	CPXM2	RFC5	CAPN11	PID1	ATP1A1	SMOC2	ATP4A	FADS1	LBX2-AS1	SPAAR	SOX18	DEFB107A	AC099332.1	FBLN1	GATB	P4HA2	AC025946.1	NRSN1	SPRY4	AL353807.2	EGFLAM	AL390726.2	AL162872.1	AC116345.4	AC107294.1	AC129492.1	ATAD3C	AL391807.1	ARHGAP22	TECRL	FOXS1	RAB40C	FAM167B	PAPSS2	SLC17A7	OSR1	CKMT1A	ELL2P3	AL355990.1	FTLP19	RSU1	CA12	AC104088.3	ACADVL	AC117473.1	TAPBPL	SPECC1L	AC092327.2	TMEM63C	B3GALNT2P1	LMOD1	AC233266.2	NDUFA12P1	RETREG1	LINC02417	ATP2B1-AS1	RNU6-1248P	TBL1X	DNAJC1	MACROH2A1	CPNE2	LINC01637	PRKX	SMOX	SDC2	AC026785.3	EFNB3	ARHGEF15	AC107373.1	PRELP	PRRT4	ENPP3	ADH1C	AC018558.6	LINC01672	PLEKHO2	Metazoa_SRP(ENSG00000276193.1)	AC116036.2	ARFGAP3	AL160286.1	AC064862.3	Z97056.2	CCNP	AC111000.3	SLC22A18	GTPBP2	GLT8D2	LINC01444	AKAP8P1	CCL15	AC116351.1	CSPG4	BRINP3	AC040977.1	CCN3	SHMT2	AC108724.2	TMEM171	AC119427.2	LMO7	PLXDC1	CDR2	NID1	DDX25	VSIG10L	LINC02701	AC095050.1	AL355999.1	AL604028.1	AIF1L	SCN4A	RCOR2	LINC01140	RPS23P1	FAM180B	PCP4	PYGO2	FAM234A	RPL23P11	CPLANE2	ERN2	FBLN5	CBX2	ENG	C1QL4	ISCU	MYOC	AC012378.2	LRIG1	MSI1	OR51E1	ATP2C2	HMGXB3	OR4K3	AC040160.1	CDH16	AL359745.1	CYTH3	AP000438.1	MMRN2	AL157703.1	FBLL1	GDF10	VN1R8P	KLHDC8A	CPQ	TNS3	USHBP1	HBB	AC010425.1	MATN2	PLOD3	FP325317.1	NOX1	ADAM33	AC012508.1	TFCP2L1	MIR526A1	AL606753.2	AC006058.4	OR7E14P	SPRY1	AL390728.6	TSPAN19	RNF212	FRG2IP	RNASET2	AC245100.3	OSTN	CYSTM1	SRRM4	LIFR-AS1	PGAP6	LINC02489	OR51F4P	RNPEP	AFAP1L2	AL355298.1	ADAMTS7	BCL2L10	AL009179.1	THSD1	AL391119.1	KCNV1	AOX1	SERINC2	TFF3	C1QTNF7	ADRA1D	AP003498.2	A2M	AC026444.1	PRX	LMO3	GLUL	NOTCH4	FBLN2	CALHM5	SAMD10	AC004009.2	TRPV6	SLC25A47	EWSAT1	SLC6A12-AS1	FMO2	RAET1K	FIBIN	TMEM132D	CCDC12P1	PROK1	SLC50A1	EPOR	TDRD10	AC015712.1	PGA3	MT1G	AC108463.1	AC100812.1	EXOC3L2	AL121809.2	SRARP	FAM89A	OGN	CCN2	PNMA8A	CHRDL1	MCOLN3	AC012433.2	AC027250.1	DEFB122	AC132812.1	AC093424.1	PPP1R14C	PDE4DIPP1	KRTAP5-10	C11orf49	NEK4P3	TBXA2R	GLI1	AL117336.2	MBOAT7	AC108673.2	RPL23AP85	PHETA1	LINC01267	AC013270.1	AC008808.2	MTCO1P23	ABCC6P1	MAGEH1	MIR34AHG	GAPDHP35	AAAS	PCNPP3	MFAP1	TMEM81	ZFYVE21	AL591419.1	HORMAD2	UFSP2	TSPAN3	NDUFA3P4	NT5C3A	TAFA5	VN1R70P	AC096589.2	STX6	RAB23	TMEM221	VIT	HLA-K	TMOD1	AC078899.3	CBX4	FAM78B	ATP13A2	SEC14L3	NQO1	WDR55	MAST2	AC148477.3	PDGFB	AC083841.2	RNU6-650P	MTCO3P13	SNRPD3	TCEAL2	PRXL2B	TRIL	LCE1A	LINC01289	CA2	GAPDHP25	AC108941.3	CSNK2A2	ZNF571-AS1	Y_RNA(ENSG00000222335.1)	DIO3	HK1	SRCIN1	WDR38	SLC25A26	AP1S1	ALAS1	TEKT4	AC083805.1	LINC01224	RN7SKP229	LINC01785	PLCB3	AC092979.1	ASB1	HOATZ	AC092115.3	RNU6-938P	SSX4B	AC010331.1	ABCG4	ORMDL1	AL353613.1	EFEMP1	IAH1	AC007603.1	LINC02361	AC136618.1	TOMM40L	C15orf56	AL158206.1	NAA60	AMFR	AC019235.1	AL357054.4	MARCKSL1	RPL10P19	CITED2	TPPP	AC006449.5	AC009831.1	ICAM2	RPL21P111	ST7-AS1	LINC02431	CCKBR	Y_RNA(ENSG00000200179.1)	AL034374.1	RPS27A	AC009242.1	MIR448	RN7SL607P	AC011467.5	BLOC1S2	AC108075.1	HRAT92	DCAKD	GRB10	MYL10	NFE2L3	FAM177A1	MYH11	NBR2	AL163534.1	SLC43A3	TFIP11	DUSP1	SGTA	UBFD1	AC092637.1	GOLM1	AL591074.1	CDA	TCEAL5	CCDC154	KLK13	IL17RC	FEZ1	NT5DC2	HBM	GAREM2	RNA5SP470	PLPP2	MTDHP2	ACAT1	SIRT5	PHF23	TTC9	TUB	NOX5	ACOX2	AL032819.2	AC090023.2	Metazoa_SRP(ENSG00000275909.1)	TMEM255B	AP000757.1	RPUSD1	AL121895.2	TNFRSF11B	AC104667.1	TNFRSF10B	ALOX12B	LAYN	NWD1	EIF3L	AC008662.1	TMEM174	SLC7A4	ARL15	SNX24	AP005264.2	EGFL7	AC116553.1	IGHE	AC015660.3	DHRS7B	EME2	PLEKHH3	SEC14L6
0.0	0.0	0.0	0.0	0.0	0.0	0.0	0.0	0.0	0.0	0.0	0.0	0.0	0.0	0.0	0.0	0.0	0.0	0.0	0.0	0.0	0.0	0.0	0.0	0.0	0.0	0.0	0.0	0.0	0.0	0.0	0.0	0.0	0.0	0.0	0.0	0.0	0.0	0.0	0.0	0.0	0.0	0.0	0.0	0.0	0.0	0.0	0.0	0.0	0.0	0.0	0.0	0.0	0.0	0.0	0.0	0.0	0.0	0.0	0.0	0.0	0.0	0.0	0.0	0.0	0.0	0.0	0.0	0.0	0.0	0.0	0.0	0.0	0.0	0.0	0.0	0.0	0.0	0.0	0.0	0.0	0.0	0.0	0.0	0.0	0.0	0.0	0.0	0.0	0.0	0.0	0.0	0.0	0.0	0.0	0.0	0.0	0.0	0.0	0.0	0.0	0.0	0.0	0.0	0.0	0.0	0.0	0.0	0.0	0.0	0.0	0.0	0.0	0.0	0.0	0.0	0.0	0.0	0.0	0.0	0.0	0.0	0.0	0.0	0.0	0.0	0.0	0.0	0.0	0.0	0.0	0.0	0.0	0.0	0.0	0.0	0.0	0.0	0.0	0.0	0.0	0.0	0.0	0.0	0.0	0.0	0.0	0.0	0.0	0.0	0.0	0.0	0.0	0.0	0.0	0.0	0.0	0.0	0.0	0.0	0.0	0.0	0.0	0.0	0.0	0.0	0.0	0.0	0.0	0.0	0.0	0.0	0.0	0.0	0.0	0.0	0.0	0.0	0.0	0.0	0.0	0.0	0.0	0.0	0.0	0.0	0.0	0.0	0.0	0.0	0.0	0.0	0.0	0.0	0.0	0.0	0.0	0.0	0.0	0.0	0.0	0.0	0.0	0.0	0.0	0.0	0.0	0.0	0.0	0.0	0.0	0.0	0.0	0.0	0.0	0.0	0.0	0.0	0.0	0.0	0.0	0.0	0.0	0.0	0.0	0.0	0.0	0.0	0.0	0.0	0.0	0.0	0.0	0.0	0.0	0.0	0.0	0.0	0.0	0.0	0.0	0.0	0.0	0.0	0.0	0.0	0.0	0.0	0.0	0.0	0.0	0.0	0.0	0.0	0.0	0.0	0.0	0.0	0.0	0.0	0.0	0.0	0.0	0.0	0.0	0.0	0.0	0.0	0.0	0.0	0.0	0.0	0.0	0.0	0.0	0.0	0.0	0.0	0.0	0.0	0.0	0.0	0.0	0.0	0.0	0.0	0.0	0.0	0.0	0.0	0.0	0.0	0.0	0.0	0.0	0.0	0.0	0.0	0.0	0.0	0.0	0.0	0.0	0.0	0.0	0.0	0.0	0.0	0.0	0.0	0.0	0.0	0.0	0.0	0.0	0.0	0.0	0.0	0.0	0.0	0.0	0.0	0.0	0.0	0.0	0.0	0.0	0.0	0.0	0.0	0.0	0.0	0.0	0.0	0.0	0.0	0.0	0.0	0.0	0.0	0.0	0.0	0.0	0.0	0.0	0.0	0.0	0.0	0.0	0.0	0.0	0.0	0.0	0.0	0.0	0.0	0.0	0.0	0.0	0.0	0.0	0.0	0.0	0.0	0.0	0.0	0.0	0.0	0.0	0.0	0.0	0.0	0.0	0.0	0.0	0.0	0.0	0.0	0.0	0.0	0.0	0.0	0.0	0.0	0.0	0.0	0.0	0.0	0.0	0.0	0.0	0.0	0.0	0.0	0.0	0.0	0.0	0.0	0.0	0.0	0.0	0.0	0.0	0.0	0.0	0.0	0.0	0.0	0.0	0.0	0.0	0.0	0.0	0.0	0.0	0.0	0.0	0.0	0.0	0.0	0.0	0.0	0.0	0.0	0.0	0.0	0.0	0.0	0.0	0.0	0.0	0.0	0.0	0.0	0.0	0.0	0.0	0.0	0.0	0.0	0.0	0.0	0.0	0.0	0.0	0.0	0.0	0.0	0.0	0.0	0.0	0.0	0.0	0.0	0.0	0.0	0.0	0.0	0.0	0.0	0.0	0.0	0.0	0.0	0.0	0.0	0.0	0.0	0.0	0.0	0.0	0.0	0.0	0.0	0.0	0.0	0.0	0.0	0.0	0.0	0.0	0.0	0.0	0.0	0.0	0.0	0.0	0.0	0.0	0.0	0.0	0.0	0.0	0.0	0.0	0.0	0.0	0.0	0.0	0.0
0.0	0.0	0.0	0.0	0.0	0.0	0.0	0.0	0.0	0.0	0.0	0.0	0.0	0.0	0.0	0.0	0.0	0.0	0.0	0.0	0.0	0.0	0.0	0.0	0.0	0.0	0.0	0.0	0.0	0.0	0.0	0.0	0.0	0.0	0.0	0.0	0.0	0.0	0.0	0.0	0.0	0.0	0.0	0.0	0.0	0.0	0.0	0.0	0.0	0.0	0.0	0.0	0.0	0.0	0.0	0.0	0.0	0.0	0.0	0.0	0.0	0.0	0.0	0.0	0.0	0.0	0.0	0.0	0.0	0.0	0.0	0.0	0.0	0.0	0.0	0.0	0.0	0.0	0.0	0.0	0.0	0.0	0.0	0.0	0.0	0.0	0.0	0.0	0.0	0.0	0.0	0.0	0.0	0.0	0.0	0.0	0.0	0.0	0.0	0.0	0.0	0.0	0.0	0.0	0.0	0.0	0.0	0.0	0.0	0.0	0.0	0.0	0.0	0.0	0.0	0.0	0.0	0.0	0.0	0.0	0.0	0.0	0.0	0.0	0.0	0.0	0.0	0.0	0.0	0.0	0.0	0.0	0.0	0.0	0.0	0.0	0.0	0.0	0.0	0.0	0.0	0.0	0.0	0.0	0.0	0.0	0.0	0.0	0.0	0.0	0.0	0.0	0.0	0.0	0.0	0.0	0.0	0.0	0.0	0.0	0.0	0.0	0.0	0.0	0.0	0.0	0.0	0.0	0.0	0.0	0.0	0.0	0.0	0.0	0.0	0.0	0.0	0.0	0.0	0.0	0.0	0.0	0.0	0.0	0.0	0.0	0.0	0.0	0.0	0.0	0.0	0.0	0.0	0.0	0.0	0.0	0.0	0.0	0.0	0.0	0.0	0.0	0.0	0.0	0.0	0.0	0.0	0.0	0.0	0.0	0.0	0.0	0.0	0.0	0.0	0.0	0.0	0.0	0.0	0.0	0.0	0.0	0.0	0.0	0.0	0.0	0.0	0.0	0.0	0.0	0.0	0.0	0.0	0.0	0.0	0.0	0.0	0.0	0.0	0.0	0.0	0.0	0.0	0.0	0.0	0.0	0.0	0.0	0.0	0.0	0.0	0.0	0.0	0.0	0.0	0.0	0.0	0.0	0.0	0.0	0.0	0.0	0.0	0.0	0.0	0.0	0.0	0.0	0.0	0.0	0.0	0.0	0.0	0.0	0.0	0.0	0.0	0.0	0.0	0.0	0.0	0.0	0.0	0.0	0.0	0.0	0.0	0.0	0.0	0.0	0.0	0.0	0.0	0.0	0.0	0.0	0.0	0.0	0.0	0.0	0.0	0.0	0.0	0.0	0.0	0.0	0.0	0.0	0.0	0.0	0.0	0.0	0.0	0.0	0.0	0.0	0.0	0.0	0.0	0.0	0.0	0.0	0.0	0.0	0.0	0.0	0.0	0.0	0.0	0.0	0.0	0.0	0.0	0.0	0.0	0.0	0.0	0.0	0.0	0.0	0.0	0.0	0.0	0.0	0.0	0.0	0.0	0.0	0.0	0.0	0.0	0.0	0.0	0.0	0.0	0.0	0.0	0.0	0.0	0.0	0.0	0.0	0.0	0.0	0.0	0.0	0.0	0.0	0.0	0.0	0.0	0.0	0.0	0.0	0.0	0.0	0.0	0.0	0.0	0.0	0.0	0.0	0.0	0.0	0.0	0.0	0.0	0.0	0.0	0.0	0.0	0.0	0.0	0.0	0.0	0.0	0.0	0.0	0.0	0.0	0.0	0.0	0.0	0.0	0.0	0.0	0.0	0.0	0.0	0.0	0.0	0.0	0.0	0.0	0.0	0.0	0.0	0.0	0.0	0.0	0.0	0.0	0.0	0.0	0.0	0.0	0.0	0.0	0.0	0.0	0.0	0.0	0.0	0.0	0.0	0.0	0.0	0.0	0.0	0.0	0.0	0.0	0.0	0.0	0.0	0.0	0.0	0.0	0.0	0.0	0.0	0.0	0.0	0.0	0.0	0.0	0.0	0.0	0.0	0.0	0.0	0.0	0.0	0.0	0.0	0.0	0.0	0.0	0.0	0.0	0.0	0.0	0.0	0.0	0.0	0.0	0.0	0.0	0.0	0.0	0.0	0.0	0.0	0.0	0.0	0.0	0.0	0.0	0.0	0.0	0.0	0.0	0.0	0.0	0.0	0.0	0.0	0.0	0.0	0.0
0.0	0.0	0.0	0.0	0.0	0.0	0.0	0.0	0.0	0.0	0.0	0.0	0.0	0.0	0.0	0.0	0.0	0.0	0.0	0.0	0.0	0.0	0.0	0.0	0.0	0.0	0.0	0.0	0.0	0.0	0.0	0.0	0.0	0.0	0.0	0.0	0.0	0.0	0.0	0.0	0.0	0.0	0.0	0.0	0.0	0.0	0.0	0.0	0.0	0.0	0.0	0.0	0.0	0.0	0.0	0.0	0.0	0.0	0.0	0.0	0.0	0.0	0.0	0.0	0.0	0.0	0.0	0.0	0.0	0.0	0.0	0.0	0.0	0.0	0.0	0.0	0.0	0.0	0.0	0.0	0.0	0.0	0.0	0.0	0.0	0.0	0.0	0.0	0.0	0.0	0.0	0.0	0.0	0.0	0.0	0.0	0.0	0.0	0.0	0.0	0.0	0.0	0.0	0.0	0.0	0.0	0.0	0.0	0.0	0.0	0.0	0.0	0.0	0.0	0.0	0.0	0.0	0.0	0.0	0.0	0.0	0.0	0.0	0.0	0.0	0.0	0.0	0.0	0.0	0.0	0.0	0.0	0.0	0.0	0.0	0.0	0.0	0.0	0.0	0.0	0.0	0.0	0.0	0.0	0.0	0.0	0.0	0.0	0.0	0.0	0.0	0.0	0.0	0.0	0.0	0.0	0.0	0.0	0.0	0.0	0.0	0.0	0.0	0.0	0.0	0.0	0.0	0.0	0.0	0.0	0.0	0.0	0.0	0.0	0.0	0.0	0.0	0.0	0.0	0.0	0.0	0.0	0.0	0.0	0.0	0.0	0.0	0.0	0.0	0.0	0.0	0.0	0.0	0.0	0.0	0.0	0.0	0.0	0.0	0.0	0.0	0.0	0.0	0.0	0.0	0.0	0.0	0.0	0.0	0.0	0.0	0.0	0.0	0.0	0.0	0.0	0.0	0.0	0.0	0.0	0.0	0.0	0.0	0.0	0.0	0.0	0.0	0.0	0.0	0.0	0.0	0.0	0.0	0.0	0.0	0.0	0.0	0.0	0.0	0.0	0.0	0.0	0.0	0.0	0.0	0.0	0.0	0.0	0.0	0.0	0.0	0.0	0.0	0.0	0.0	0.0	0.0	0.0	0.0	0.0	0.0	0.0	0.0	0.0	0.0	0.0	0.0	0.0	0.0	0.0	0.0	0.0	0.0	0.0	0.0	0.0	0.0	0.0	0.0	0.0	0.0	0.0	0.0	0.0	0.0	0.0	0.0	0.0	0.0	0.0	0.0	0.0	0.0	0.0	0.0	0.0	0.0	0.0	0.0	0.0	0.0	0.0	0.0	0.0	0.0	0.0	0.0	0.0	0.0	0.0	0.0	0.0	0.0	0.0	0.0	0.0	0.0	0.0	0.0	0.0	0.0	0.0	0.0	0.0	0.0	0.0	0.0	0.0	0.0	0.0	0.0	0.0	0.0	0.0	0.0	0.0	0.0	0.0	0.0	0.0	0.0	0.0	0.0	0.0	0.0	0.0	0.0	0.0	0.0	0.0	0.0	0.0	0.0	0.0	0.0	0.0	0.0	0.0	0.0	0.0	0.0	0.0	0.0	0.0	0.0	0.0	0.0	0.0	0.0	0.0	0.0	0.0	0.0	0.0	0.0	0.0	0.0	0.0	0.0	0.0	0.0	0.0	0.0	0.0	0.0	0.0	0.0	0.0	0.0	0.0	0.0	0.0	0.0	0.0	0.0	0.0	0.0	0.0	0.0	0.0	0.0	0.0	0.0	0.0	0.0	0.0	0.0	0.0	0.0	0.0	0.0	0.0	0.0	0.0	0.0	0.0	0.0	0.0	0.0	0.0	0.0	0.0	0.0	0.0	0.0	0.0	0.0	0.0	0.0	0.0	0.0	0.0	0.0	0.0	0.0	0.0	0.0	0.0	0.0	0.0	0.0	0.0	0.0	0.0	0.0	0.0	0.0	0.0	0.0	0.0	0.0	0.0	0.0	0.0	0.0	0.0	0.0	0.0	0.0	0.0	0.0	0.0	0.0	0.0	0.0	0.0	0.0	0.0	0.0	0.0	0.0	0.0	0.0	0.0	0.0	0.0	0.0	0.0	0.0	0.0	0.0	0.0	0.0	0.0	0.0	0.0	0.0	0.0	0.0	0.0	0.0	0.0	0.0	0.0	0.0	0.0	0.0	0.0	0.0	0.0
0.0	0.0	0.0	0.0	0.0	0.0	0.0	0.0	0.0	0.0	0.0	0.0	0.0	0.0	0.0	0.0	0.0	0.0	0.0	0.0	0.0	0.0	0.0	0.0	0.0	0.0	0.0	0.0	0.0	0.0	0.0	0.0	0.0	0.0	0.0	0.0	0.0	0.0	0.0	0.0	0.0	0.0	0.0	0.0	0.0	0.0	0.0	0.0	0.0	0.0	0.0	0.0	0.0	0.0	0.0	0.0	0.0	0.0	0.0	0.0	0.0	0.0	0.0	0.0	0.0	0.0	0.0	0.0	0.0	0.0	0.0	0.0	0.0	0.0	0.0	0.0	0.0	0.0	0.0	0.0	0.0	0.0	0.0	0.0	0.0	0.0	0.0	0.0	0.0	0.0	0.0	0.0	0.0	0.0	0.0	0.0	0.0	0.0	0.0	0.0	0.0	0.0	0.0	0.0	0.0	0.0	0.0	0.0	0.0	0.0	0.0	0.0	0.0	0.0	0.0	0.0	0.0	0.0	0.0	0.0	0.0	0.0	0.0	0.0	0.0	0.0	0.0	0.0	0.0	0.0	0.0	0.0	0.0	0.0	0.0	0.0	0.0	0.0	0.0	0.0	0.0	0.0	0.0	0.0	0.0	0.0	0.0	0.0	0.0	0.0	0.0	0.0	0.0	0.0	0.0	0.0	0.0	0.0	0.0	0.0	0.0	0.0	0.0	0.0	0.0	0.0	0.0	0.0	0.0	0.0	0.0	0.0	0.0	0.0	0.0	0.0	0.0	0.0	0.0	0.0	0.0	0.0	0.0	0.0	0.0	0.0	0.0	0.0	0.0	0.0	0.0	0.0	0.0	0.0	0.0	0.0	0.0	0.0	0.0	0.0	0.0	0.0	0.0	0.0	0.0	0.0	0.0	0.0	0.0	0.0	0.0	0.0	0.0	0.0	0.0	0.0	0.0	0.0	0.0	0.0	0.0	0.0	0.0	0.0	0.0	0.0	0.0	0.0	0.0	0.0	0.0	0.0	0.0	0.0	0.0	0.0	0.0	0.0	0.0	0.0	0.0	0.0	0.0	0.0	0.0	0.0	0.0	0.0	0.0	0.0	0.0	0.0	0.0	0.0	0.0	0.0	0.0	0.0	0.0	0.0	0.0	0.0	0.0	0.0	0.0	0.0	0.0	0.0	0.0	0.0	0.0	0.0	0.0	0.0	0.0	0.0	0.0	0.0	0.0	0.0	0.0	0.0	0.0	0.0	0.0	0.0	0.0	0.0	0.0	0.0	0.0	0.0	0.0	0.0	0.0	0.0	0.0	0.0	0.0	0.0	0.0	0.0	0.0	0.0	0.0	0.0	0.0	0.0	0.0	0.0	0.0	0.0	0.0	0.0	0.0	0.0	0.0	0.0	0.0	0.0	0.0	0.0	0.0	0.0	0.0	0.0	0.0	0.0	0.0	0.0	0.0	0.0	0.0	0.0	0.0	0.0	0.0	0.0	0.0	0.0	0.0	0.0	0.0	0.0	0.0	0.0	0.0	0.0	0.0	0.0	0.0	0.0	0.0	0.0	0.0	0.0	0.0	0.0	0.0	0.0	0.0	0.0	0.0	0.0	0.0	0.0	0.0	0.0	0.0	0.0	0.0	0.0	0.0	0.0	0.0	0.0	0.0	0.0	0.0	0.0	0.0	0.0	0.0	0.0	0.0	0.0	0.0	0.0	0.0	0.0	0.0	0.0	0.0	0.0	0.0	0.0	0.0	0.0	0.0	0.0	0.0	0.0	0.0	0.0	0.0	0.0	0.0	0.0	0.0	0.0	0.0	0.0	0.0	0.0	0.0	0.0	0.0	0.0	0.0	0.0	0.0	0.0	0.0	0.0	0.0	0.0	0.0	0.0	0.0	0.0	0.0	0.0	0.0	0.0	0.0	0.0	0.0	0.0	0.0	0.0	0.0	0.0	0.0	0.0	0.0	0.0	0.0	0.0	0.0	0.0	0.0	0.0	0.0	0.0	0.0	0.0	0.0	0.0	0.0	0.0	0.0	0.0	0.0	0.0	0.0	0.0	0.0	0.0	0.0	0.0	0.0	0.0	0.0	0.0	0.0	0.0	0.0	0.0	0.0	0.0	0.0	0.0	0.0	0.0	0.0	0.0	0.0	0.0	0.0	0.0	0.0	0.0	0.0	0.0	0.0	0.0	0.0	0.0	0.0	0.0
0.0	0.0	0.0	0.0	0.0	0.0	0.0	0.0	0.0	0.0	0.0	0.0	0.0	0.0	0.0	0.0	0.0	0.0	0.0	0.0	0.0	0.0	0.0	0.0	0.0	0.0	0.0	0.0	0.0	0.0	0.0	0.0	0.0	0.0	0.0	0.0	0.0	0.0	0.0	0.0	0.0	0.0	0.0	0.0	0.0	0.0	0.0	0.0	0.0	0.0	0.0	0.0	0.0	0.0	0.0	0.0	0.0	0.0	0.0	0.0	0.0	0.0	0.0	0.0	0.0	0.0	0.0	0.0	0.0	0.0	0.0	0.0	0.0	0.0	0.0	0.0	0.0	0.0	0.0	0.0	0.0	0.0	0.0	0.0	0.0	0.0	0.0	0.0	0.0	0.0	0.0	0.0	0.0	0.0	0.0	0.0	0.0	0.0	0.0	0.0	0.0	0.0	0.0	0.0	0.0	0.0	0.0	0.0	0.0	0.0	0.0	0.0	0.0	0.0	0.0	0.0	0.0	0.0	0.0	0.0	0.0	0.0	0.0	0.0	0.0	0.0	0.0	0.0	0.0	0.0	0.0	0.0	0.0	0.0	0.0	0.0	0.0	0.0	0.0	0.0	0.0	0.0	0.0	0.0	0.0	0.0	0.0	0.0	0.0	0.0	0.0	0.0	0.0	0.0	0.0	0.0	0.0	0.0	0.0	0.0	0.0	0.0	0.0	0.0	0.0	0.0	0.0	0.0	0.0	0.0	0.0	0.0	0.0	0.0	0.0	0.0	0.0	0.0	0.0	0.0	0.0	0.0	0.0	0.0	0.0	0.0	0.0	0.0	0.0	0.0	0.0	0.0	0.0	0.0	0.0	0.0	0.0	0.0	0.0	0.0	0.0	0.0	0.0	0.0	0.0	0.0	0.0	0.0	0.0	0.0	0.0	0.0	0.0	0.0	0.0	0.0	0.0	0.0	0.0	0.0	0.0	0.0	0.0	0.0	0.0	0.0	0.0	0.0	0.0	0.0	0.0	0.0	0.0	0.0	0.0	0.0	0.0	0.0	0.0	0.0	0.0	0.0	0.0	0.0	0.0	0.0	0.0	0.0	0.0	0.0	0.0	0.0	0.0	0.0	0.0	0.0	0.0	0.0	0.0	0.0	0.0	0.0	0.0	0.0	0.0	0.0	0.0	0.0	0.0	0.0	0.0	0.0	0.0	0.0	0.0	0.0	0.0	0.0	0.0	0.0	0.0	0.0	0.0	0.0	0.0	0.0	0.0	0.0	0.0	0.0	0.0	0.0	0.0	0.0	0.0	0.0	0.0	0.0	0.0	0.0	0.0	0.0	0.0	0.0	0.0	0.0	0.0	0.0	0.0	0.0	0.0	0.0	0.0	0.0	0.0	0.0	0.0	0.0	0.0	0.0	0.0	0.0	0.0	0.0	0.0	0.0	0.0	0.0	0.0	0.0	0.0	0.0	0.0	0.0	0.0	0.0	0.0	0.0	0.0	0.0	0.0	0.0	0.0	0.0	0.0	0.0	0.0	0.0	0.0	0.0	0.0	0.0	0.0	0.0	0.0	0.0	0.0	0.0	0.0	0.0	0.0	0.0	0.0	0.0	0.0	0.0	0.0	0.0	0.0	0.0	0.0	0.0	0.0	0.0	0.0	0.0	0.0	0.0	0.0	0.0	0.0	0.0	0.0	0.0	0.0	0.0	0.0	0.0	0.0	0.0	0.0	0.0	0.0	0.0	0.0	0.0	0.0	0.0	0.0	0.0	0.0	0.0	0.0	0.0	0.0	0.0	0.0	0.0	0.0	0.0	0.0	0.0	0.0	0.0	0.0	0.0	0.0	0.0	0.0	0.0	0.0	0.0	0.0	0.0	0.0	0.0	0.0	0.0	0.0	0.0	0.0	0.0	0.0	0.0	0.0	0.0	0.0	0.0	0.0	0.0	0.0	0.0	0.0	0.0	0.0	0.0	0.0	0.0	0.0	0.0	0.0	0.0	0.0	0.0	0.0	0.0	0.0	0.0	0.0	0.0	0.0	0.0	0.0	0.0	0.0	0.0	0.0	0.0	0.0	0.0	0.0	0.0	0.0	0.0	0.0	0.0	0.0	0.0	0.0	0.0	0.0	0.0	0.0	0.0	0.0	0.0	0.0	0.0	0.0	0.0	0.0	0.0	0.0	0.0	0.0	0.0	0.0	0.0	0.0	0.0
9.059906e-08	-2.3841857e-09	-2.3841857e-09	1.4543534e-07	-3.5762786e-09	9.179115e-08	5.1259995e-08	1.13248824e-07	1.1920929e-07	4.7683717e-08	2.9802322e-08	4.053116e-08	0.0	0.0	1.1920929e-09	1.0848046e-07	8.583069e-08	3.33786e-08	1.15633014e-07	1.013279e-07	3.33786e-08	1.0967255e-07	2.1457673e-08	3.0994414e-08	0.0	0.0	1.9073486e-08	0.0	1.1920929e-09	4.7683715e-09	0.0	1.0371208e-07	2.9802322e-08	0.0	3.4570693e-08	7.6293944e-08	4.7683717e-08	8.8214875e-08	3.0994414e-08	-4.7683715e-09	1.1920929e-08	0.0	9.536743e-09	0.0	2.1457673e-08	5.9604646e-09	1.1205673e-07	1.06096266e-07	3.5762786e-09	1.16825106e-07	1.001358e-07	4.172325e-08	4.7683715e-09	3.5762786e-09	1.013279e-07	8.34465e-09	3.695488e-08	0.0	3.5762786e-09	2.026558e-08	1.5497207e-08	0.0	0.0	4.649162e-08	1.9073486e-08	1.1920929e-07	1.7881394e-08	5.9604646e-09	6.556511e-08	9.894371e-08	4.7683715e-09	0.0	2.1457673e-08	3.9339067e-08	1.1086464e-07	0.0	0.0	4.053116e-08	1.0967255e-07	1.66893e-08	1.1205673e-07	1.4305114e-08	1.1205673e-07	4.2915346e-08	3.33786e-08	2.3841857e-09	1.1086464e-07	2.7418137e-08	7.033348e-08	1.1920929e-08	0.0	3.5762786e-09	3.9339067e-08	7.390976e-08	1.13248824e-07	0.0	9.417534e-08	4.053116e-08	0.0	3.33786e-08	1.66893e-08	-2.3841857e-09	6.67572e-08	0.0	0.0	2.2649765e-08	9.536743e-09	8.34465e-09	3.33786e-08	0.0	5.9604645e-08	0.0	0.0	7.152557e-09	1.180172e-07	1.14440915e-07	1.16825106e-07	2.6226044e-08	3.33786e-08	1.9073486e-08	0.0	9.536743e-09	0.0	1.66893e-08	0.0	5.9604646e-09	6.9141386e-08	1.0967255e-07	2.3841857e-09	2.026558e-08	4.887581e-08	0.0	0.0	4.529953e-08	2.8610229e-08	1.0251999e-07	1.1920929e-08	0.0	0.0	4.053116e-08	0.0	4.172325e-08	8.7022784e-08	6.556511e-08	9.6559525e-08	4.053116e-08	4.2915346e-08	1.15633014e-07	2.026558e-08	1.5497207e-08	7.152558e-08	8.940697e-08	2.3841858e-08	3.695488e-08	0.0	0.0	1.07288365e-08	7.152557e-09	1.4305114e-08	2.7418137e-08	5.9604646e-09	0.0	1.04904174e-07	1.66893e-08	-1.1205673e-07	1.9073486e-08	1.14440915e-07	3.5762786e-09	1.16825106e-07	8.34465e-09	2.8610229e-08	1.1920929e-09	3.5762786e-09	0.0	0.0	1.04904174e-07	2.1457673e-08	7.8678134e-08	6.318092e-08	0.0	1.66893e-08	2.6226044e-08	0.0	2.2649765e-08	4.4107438e-08	3.695488e-08	0.0	1.5497207e-08	3.0994414e-08	0.0	2.1457673e-08	6.198883e-08	9.894371e-08	2.6226044e-08	8.940697e-08	3.695488e-08	2.026558e-08	2.3841858e-08	2.7418137e-08	2.6226044e-08	7.033348e-08	1.0251999e-07	0.0	0.0	1.14440915e-07	3.4570693e-08	5.7220458e-08	1.0728836e-07	-3.5762786e-09	3.0994414e-08	1.9073486e-08	1.7881394e-08	3.9339067e-08	1.04904174e-07	0.0	1.4305114e-08	1.5497207e-08	1.9073486e-08	-7.152557e-09	2.1457673e-08	8.34465e-09	2.503395e-08	0.0	1.66893e-08	4.7683715e-09	0.0	2.1457673e-08	1.1920929e-08	6.67572e-08	4.7683715e-09	3.4570693e-08	1.1086464e-07	1.3113022e-08	7.152557e-09	2.2649765e-08	1.13248824e-07	2.9802322e-08	4.053116e-08	3.695488e-08	0.0	1.5497207e-08	0.0	3.4570693e-08	1.1920929e-08	7.7486035e-08	0.0	4.7683715e-09	5.9604646e-09	5.6028366e-08	3.5762786e-09	5.9604646e-09	0.0	1.1920929e-09	9.894371e-08	-8.34465e-09	2.3841858e-08	1.1920929e-07	1.1920929e-09	2.3841857e-09	1.16825106e-07	3.5762786e-09	6.198883e-08	8.34465e-08	2.002716e-07	9.059906e-08	2.7418137e-08	0.0	1.3113022e-08	1.7881394e-08	1.1086464e-07	1.4305114e-08	4.7683715e-09	0.0	1.04904174e-07	0.0	9.536743e-09	2.1457673e-08	1.1920929e-09	4.2915346e-08	8.106232e-08	4.649162e-08	0.0	6.556511e-08	1.1920929e-09	9.894371e-08	0.0	1.0728836e-07	0.0	2.7418137e-08	0.0	4.053116e-08	0.0	2.3841858e-08	1.180172e-07	1.1086464e-07	4.7683717e-08	6.7949294e-08	6.7949294e-08	2.2649765e-08	0.0	5.364418e-08	0.0	1.14440915e-07	3.5762786e-09	1.9073486e-08	0.0	3.0994414e-08	1.5497207e-08	0.0	2.026558e-08	0.0	1.5497207e-08	1.3113022e-08	0.0	1.7881394e-08	2.503395e-08	0.0	0.0	1.1086464e-07	1.5974045e-07	0.0	1.1205673e-07	9.536743e-09	0.0	1.06096266e-07	1.1205673e-07	5.2452087e-08	1.1086464e-07	-1.1920929e-09	7.152557e-09	1.1920929e-08	0.0	0.0	1.7881394e-08	2.6226044e-08	0.0	4.7683717e-08	4.7683717e-08	1.1920929e-09	1.0967255e-07	0.0	1.1920929e-08	0.0	1.66893e-08	5.7220458e-08	1.13248824e-07	0.0	0.0	9.536743e-09	0.0	2.3841857e-09	6.9141386e-08	3.9339067e-08	3.0994414e-08	0.0	5.9604646e-09	9.536743e-09	3.0994414e-08	7.152557e-09	1.0251999e-07	2.3841857e-09	0.0	2.3841857e-09	1.4305114e-08	1.66893e-08	1.15633014e-07	2.1457673e-08	1.07288365e-08	2.3841857e-09	8.8214875e-08	4.649162e-08	1.1920929e-09	4.7683717e-08	9.536743e-09	2.3841857e-09	4.7683717e-08	1.07288365e-08	4.7683715e-09	1.9073486e-08	5.2452087e-08	5.9604646e-09	2.3841858e-08	2.503395e-08	0.0	1.5497207e-08	0.0	1.16825106e-07	2.3841857e-09	0.0	1.5497207e-08	0.0	1.1920929e-09	1.1920929e-09	5.7220458e-08	2.1457673e-08	0.0	2.503395e-08	0.0	1.07288365e-08	3.5762786e-09	-2.3841857e-09	6.437302e-08	4.053116e-08	1.4305114e-08	2.8610229e-08	1.0848046e-07	0.0	8.34465e-09	0.0	0.0	1.0728836e-07	5.4836274e-08	1.0967255e-07	8.7022784e-08	0.0	4.529953e-08	1.1205673e-07	0.0	3.695488e-08	2.8610229e-08	5.8412553e-08	3.8146972e-08	0.0	2.7418137e-08	2.2649765e-08	0.0	0.0	0.0	2.7418137e-08	0.0	0.0	7.152557e-09	1.1920929e-08	0.0	3.9339067e-08	1.3113022e-08	0.0	4.649162e-08	2.1457673e-08	0.0	-1.1920929e-09	3.5762786e-09	1.9073486e-08	5.364418e-08	0.0	4.4107438e-08	8.106232e-08	2.1457673e-08	1.04904174e-07	3.5762786e-09	1.66893e-08	1.3113022e-08	2.3841857e-09	1.06096266e-07	0.0	9.775162e-08	-5.9604646e-09	1.16825106e-07	9.536743e-09	7.271767e-08	1.07288365e-08	1.1920929e-09	7.152557e-09	2.3841858e-08	-1.1920929e-09	4.7683715e-09	5.8412553e-08	1.04904174e-07	1.7881394e-08	2.6226044e-08	0.0	4.172325e-08	9.6559525e-08	0.0	0.0	1.15633014e-07	1.1920929e-08	1.13248824e-07	0.0	3.9339067e-08	2.3841857e-09	1.66893e-08	0.0	1.1920929e-08	1.7881394e-08	8.225441e-08	0.0	1.3113022e-08	5.00679e-08	0.0	7.152557e-09	0.0	1.16825106e-07	9.536743e-09	1.3113022e-08	0.0	1.001358e-07	0.0	1.180172e-07	-1.1920929e-09
0.0	0.0	0.0	0.0	0.0	0.0	0.0	0.0	0.0	0.0	0.0	0.0	0.0	0.0	0.0	0.0	0.0	0.0	0.0	0.0	0.0	0.0	0.0	0.0	0.0	0.0	0.0	0.0	0.0	0.0	0.0	0.0	0.0	0.0	0.0	0.0	0.0	0.0	0.0	0.0	0.0	0.0	0.0	0.0	0.0	0.0	0.0	0.0	0.0	0.0	0.0	0.0	0.0	0.0	0.0	0.0	0.0	0.0	0.0	0.0	0.0	0.0	0.0	0.0	0.0	0.0	0.0	0.0	0.0	0.0	0.0	0.0	0.0	0.0	0.0	0.0	0.0	0.0	0.0	0.0	0.0	0.0	0.0	0.0	0.0	0.0	0.0	0.0	0.0	0.0	0.0	0.0	0.0	0.0	0.0	0.0	0.0	0.0	0.0	0.0	0.0	0.0	0.0	0.0	0.0	0.0	0.0	0.0	0.0	0.0	0.0	0.0	0.0	0.0	0.0	0.0	0.0	0.0	0.0	0.0	0.0	0.0	0.0	0.0	0.0	0.0	0.0	0.0	0.0	0.0	0.0	0.0	0.0	0.0	0.0	0.0	0.0	0.0	0.0	0.0	0.0	0.0	0.0	0.0	0.0	0.0	0.0	0.0	0.0	0.0	0.0	0.0	0.0	0.0	0.0	0.0	0.0	0.0	0.0	0.0	0.0	0.0	0.0	0.0	0.0	0.0	0.0	0.0	0.0	0.0	0.0	0.0	0.0	0.0	0.0	0.0	0.0	0.0	0.0	0.0	0.0	0.0	0.0	0.0	0.0	0.0	0.0	0.0	0.0	0.0	0.0	0.0	0.0	0.0	0.0	0.0	0.0	0.0	0.0	0.0	0.0	0.0	0.0	0.0	0.0	0.0	0.0	0.0	0.0	0.0	0.0	0.0	0.0	0.0	0.0	0.0	0.0	0.0	0.0	0.0	0.0	0.0	0.0	0.0	0.0	0.0	0.0	0.0	0.0	0.0	0.0	0.0	0.0	0.0	0.0	0.0	0.0	0.0	0.0	0.0	0.0	0.0	0.0	0.0	0.0	0.0	0.0	0.0	0.0	0.0	0.0	0.0	0.0	0.0	0.0	0.0	0.0	0.0	0.0	0.0	0.0	0.0	0.0	0.0	0.0	0.0	0.0	0.0	0.0	0.0	0.0	0.0	0.0	0.0	0.0	0.0	0.0	0.0	0.0	0.0	0.0	0.0	0.0	0.0	0.0	0.0	0.0	0.0	0.0	0.0	0.0	0.0	0.0	0.0	0.0	0.0	0.0	0.0	0.0	0.0	0.0	0.0	0.0	0.0	0.0	0.0	0.0	0.0	0.0	0.0	0.0	0.0	0.0	0.0	0.0	0.0	0.0	0.0	0.0	0.0	0.0	0.0	0.0	0.0	0.0	0.0	0.0	0.0	0.0	0.0	0.0	0.0	0.0	0.0	0.0	0.0	0.0	0.0	0.0	0.0	0.0	0.0	0.0	0.0	0.0	0.0	0.0	0.0	0.0	0.0	0.0	0.0	0.0	0.0	0.0	0.0	0.0	0.0	0.0	0.0	0.0	0.0	0.0	0.0	0.0	0.0	0.0	0.0	0.0	0.0	0.0	0.0	0.0	0.0	0.0	0.0	0.0	0.0	0.0	0.0	0.0	0.0	0.0	0.0	0.0	0.0	0.0	0.0	0.0	0.0	0.0	0.0	0.0	0.0	0.0	0.0	0.0	0.0	0.0	0.0	0.0	0.0	0.0	0.0	0.0	0.0	0.0	0.0	0.0	0.0	0.0	0.0	0.0	0.0	0.0	0.0	0.0	0.0	0.0	0.0	0.0	0.0	0.0	0.0	0.0	0.0	0.0	0.0	0.0	0.0	0.0	0.0	0.0	0.0	0.0	0.0	0.0	0.0	0.0	0.0	0.0	0.0	0.0	0.0	0.0	0.0	0.0	0.0	0.0	0.0	0.0	0.0	0.0	0.0	0.0	0.0	0.0	0.0	0.0	0.0	0.0	0.0	0.0	0.0	0.0	0.0	0.0	0.0	0.0	0.0	0.0	0.0	0.0	0.0	0.0	0.0	0.0	0.0	0.0	0.0	0.0	0.0	0.0	0.0	0.0	0.0	0.0	0.0	0.0	0.0	0.0	0.0	0.0	0.0	0.0	0.0	0.0	0.0	0.0	0.0
0.0	0.0	0.0	0.0	0.0	0.0	0.0	0.0	0.0	0.0	0.0	0.0	0.0	0.0	0.0	0.0	0.0	0.0	0.0	0.0	0.0	0.0	0.0	0.0	0.0	0.0	0.0	0.0	0.0	0.0	0.0	0.0	0.0	0.0	0.0	0.0	0.0	0.0	0.0	0.0	0.0	0.0	0.0	0.0	0.0	0.0	0.0	0.0	0.0	0.0	0.0	0.0	0.0	0.0	0.0	0.0	0.0	0.0	0.0	0.0	0.0	0.0	0.0	0.0	0.0	0.0	0.0	0.0	0.0	0.0	0.0	0.0	0.0	0.0	0.0	0.0	0.0	0.0	0.0	0.0	0.0	0.0	0.0	0.0	0.0	0.0	0.0	0.0	0.0	0.0	0.0	0.0	0.0	0.0	0.0	0.0	0.0	0.0	0.0	0.0	0.0	0.0	0.0	0.0	0.0	0.0	0.0	0.0	0.0	0.0	0.0	0.0	0.0	0.0	0.0	0.0	0.0	0.0	0.0	0.0	0.0	0.0	0.0	0.0	0.0	0.0	0.0	0.0	0.0	0.0	0.0	0.0	0.0	0.0	0.0	0.0	0.0	0.0	0.0	0.0	0.0	0.0	0.0	0.0	0.0	0.0	0.0	0.0	0.0	0.0	0.0	0.0	0.0	0.0	0.0	0.0	0.0	0.0	0.0	0.0	0.0	0.0	0.0	0.0	0.0	0.0	0.0	0.0	0.0	0.0	0.0	0.0	0.0	0.0	0.0	0.0	0.0	0.0	0.0	0.0	0.0	0.0	0.0	0.0	0.0	0.0	0.0	0.0	0.0	0.0	0.0	0.0	0.0	0.0	0.0	0.0	0.0	0.0	0.0	0.0	0.0	0.0	0.0	0.0	0.0	0.0	0.0	0.0	0.0	0.0	0.0	0.0	0.0	0.0	0.0	0.0	0.0	0.0	0.0	0.0	0.0	0.0	0.0	0.0	0.0	0.0	0.0	0.0	0.0	0.0	0.0	0.0	0.0	0.0	0.0	0.0	0.0	0.0	0.0	0.0	0.0	0.0	0.0	0.0	0.0	0.0	0.0	0.0	0.0	0.0	0.0	0.0	0.0	0.0	0.0	0.0	0.0	0.0	0.0	0.0	0.0	0.0	0.0	0.0	0.0	0.0	0.0	0.0	0.0	0.0	0.0	0.0	0.0	0.0	0.0	0.0	0.0	0.0	0.0	0.0	0.0	0.0	0.0	0.0	0.0	0.0	0.0	0.0	0.0	0.0	0.0	0.0	0.0	0.0	0.0	0.0	0.0	0.0	0.0	0.0	0.0	0.0	0.0	0.0	0.0	0.0	0.0	0.0	0.0	0.0	0.0	0.0	0.0	0.0	0.0	0.0	0.0	0.0	0.0	0.0	0.0	0.0	0.0	0.0	0.0	0.0	0.0	0.0	0.0	0.0	0.0	0.0	0.0	0.0	0.0	0.0	0.0	0.0	0.0	0.0	0.0	0.0	0.0	0.0	0.0	0.0	0.0	0.0	0.0	0.0	0.0	0.0	0.0	0.0	0.0	0.0	0.0	0.0	0.0	0.0	0.0	0.0	0.0	0.0	0.0	0.0	0.0	0.0	0.0	0.0	0.0	0.0	0.0	0.0	0.0	0.0	0.0	0.0	0.0	0.0	0.0	0.0	0.0	0.0	0.0	0.0	0.0	0.0	0.0	0.0	0.0	0.0	0.0	0.0	0.0	0.0	0.0	0.0	0.0	0.0	0.0	0.0	0.0	0.0	0.0	0.0	0.0	0.0	0.0	0.0	0.0	0.0	0.0	0.0	0.0	0.0	0.0	0.0	0.0	0.0	0.0	0.0	0.0	0.0	0.0	0.0	0.0	0.0	0.0	0.0	0.0	0.0	0.0	0.0	0.0	0.0	0.0	0.0	0.0	0.0	0.0	0.0	0.0	0.0	0.0	0.0	0.0	0.0	0.0	0.0	0.0	0.0	0.0	0.0	0.0	0.0	0.0	0.0	0.0	0.0	0.0	0.0	0.0	0.0	0.0	0.0	0.0	0.0	0.0	0.0	0.0	0.0	0.0	0.0	0.0	0.0	0.0	0.0	0.0	0.0	0.0	0.0	0.0	0.0	0.0	0.0	0.0	0.0	0.0	0.0	0.0	0.0	0.0	0.0	0.0	0.0	0.0	0.0	0.0	0.0
0.0	0.0	0.0	0.0	0.0	0.0	0.0	0.0	0.0	0.0	0.0	0.0	0.0	0.0	0.0	0.0	0.0	0.0	0.0	0.0	0.0	0.0	0.0	0.0	0.0	0.0	0.0	0.0	0.0	0.0	0.0	0.0	0.0	0.0	0.0	0.0	0.0	0.0	0.0	0.0	0.0	0.0	0.0	0.0	0.0	0.0	0.0	0.0	0.0	0.0	0.0	0.0	0.0	0.0	0.0	0.0	0.0	0.0	0.0	0.0	0.0	0.0	0.0	0.0	0.0	0.0	0.0	0.0	0.0	0.0	0.0	0.0	0.0	0.0	0.0	0.0	0.0	0.0	0.0	0.0	0.0	0.0	0.0	0.0	0.0	0.0	0.0	0.0	0.0	0.0	0.0	0.0	0.0	0.0	0.0	0.0	0.0	0.0	0.0	0.0	0.0	0.0	0.0	0.0	0.0	0.0	0.0	0.0	0.0	0.0	0.0	0.0	0.0	0.0	0.0	0.0	0.0	0.0	0.0	0.0	0.0	0.0	0.0	0.0	0.0	0.0	0.0	0.0	0.0	0.0	0.0	0.0	0.0	0.0	0.0	0.0	0.0	0.0	0.0	0.0	0.0	0.0	0.0	0.0	0.0	0.0	0.0	0.0	0.0	0.0	0.0	0.0	0.0	0.0	0.0	0.0	0.0	0.0	0.0	0.0	0.0	0.0	0.0	0.0	0.0	0.0	0.0	0.0	0.0	0.0	0.0	0.0	0.0	0.0	0.0	0.0	0.0	0.0	0.0	0.0	0.0	0.0	0.0	0.0	0.0	0.0	0.0	0.0	0.0	0.0	0.0	0.0	0.0	0.0	0.0	0.0	0.0	0.0	0.0	0.0	0.0	0.0	0.0	0.0	0.0	0.0	0.0	0.0	0.0	0.0	0.0	0.0	0.0	0.0	0.0	0.0	0.0	0.0	0.0	0.0	0.0	0.0	0.0	0.0	0.0	0.0	0.0	0.0	0.0	0.0	0.0	0.0	0.0	0.0	0.0	0.0	0.0	0.0	0.0	0.0	0.0	0.0	0.0	0.0	0.0	0.0	0.0	0.0	0.0	0.0	0.0	0.0	0.0	0.0	0.0	0.0	0.0	0.0	0.0	0.0	0.0	0.0	0.0	0.0	0.0	0.0	0.0	0.0	0.0	0.0	0.0	0.0	0.0	0.0	0.0	0.0	0.0	0.0	0.0	0.0	0.0	0.0	0.0	0.0	0.0	0.0	0.0	0.0	0.0	0.0	0.0	0.0	0.0	0.0	0.0	0.0	0.0	0.0	0.0	0.0	0.0	0.0	0.0	0.0	0.0	0.0	0.0	0.0	0.0	0.0	0.0	0.0	0.0	0.0	0.0	0.0	0.0	0.0	0.0	0.0	0.0	0.0	0.0	0.0	0.0	0.0	0.0	0.0	0.0	0.0	0.0	0.0	0.0	0.0	0.0	0.0	0.0	0.0	0.0	0.0	0.0	0.0	0.0	0.0	0.0	0.0	0.0	0.0	0.0	0.0	0.0	0.0	0.0	0.0	0.0	0.0	0.0	0.0	0.0	0.0	0.0	0.0	0.0	0.0	0.0	0.0	0.0	0.0	0.0	0.0	0.0	0.0	0.0	0.0	0.0	0.0	0.0	0.0	0.0	0.0	0.0	0.0	0.0	0.0	0.0	0.0	0.0	0.0	0.0	0.0	0.0	0.0	0.0	0.0	0.0	0.0	0.0	0.0	0.0	0.0	0.0	0.0	0.0	0.0	0.0	0.0	0.0	0.0	0.0	0.0	0.0	0.0	0.0	0.0	0.0	0.0	0.0	0.0	0.0	0.0	0.0	0.0	0.0	0.0	0.0	0.0	0.0	0.0	0.0	0.0	0.0	0.0	0.0	0.0	0.0	0.0	0.0	0.0	0.0	0.0	0.0	0.0	0.0	0.0	0.0	0.0	0.0	0.0	0.0	0.0	0.0	0.0	0.0	0.0	0.0	0.0	0.0	0.0	0.0	0.0	0.0	0.0	0.0	0.0	0.0	0.0	0.0	0.0	0.0	0.0	0.0	0.0	0.0	0.0	0.0	0.0	0.0	0.0	0.0	0.0	0.0	0.0	0.0	0.0	0.0	0.0	0.0	0.0	0.0	0.0	0.0	0.0	0.0	0.0	0.0	0.0	0.0	0.0	0.0	0.0
0.0	0.0	0.0	0.0	0.0	0.0	0.0	0.0	0.0	0.0	0.0	0.0	0.0	0.0	0.0	0.0	0.0	0.0	0.0	0.0	0.0	0.0	0.0	0.0	0.0	0.0	0.0	0.0	0.0	0.0	0.0	0.0	0.0	0.0	0.0	0.0	0.0	0.0	0.0	0.0	0.0	0.0	0.0	0.0	0.0	0.0	0.0	0.0	0.0	0.0	0.0	0.0	0.0	0.0	0.0	0.0	0.0	0.0	0.0	0.0	0.0	0.0	0.0	0.0	0.0	0.0	0.0	0.0	0.0	0.0	0.0	0.0	0.0	0.0	0.0	0.0	0.0	0.0	0.0	0.0	0.0	0.0	0.0	0.0	0.0	0.0	0.0	0.0	0.0	0.0	0.0	0.0	0.0	0.0	0.0	0.0	0.0	0.0	0.0	0.0	0.0	0.0	0.0	0.0	0.0	0.0	0.0	0.0	0.0	0.0	0.0	0.0	0.0	0.0	0.0	0.0	0.0	0.0	0.0	0.0	0.0	0.0	0.0	0.0	0.0	0.0	0.0	0.0	0.0	0.0	0.0	0.0	0.0	0.0	0.0	0.0	0.0	0.0	0.0	0.0	0.0	0.0	0.0	0.0	0.0	0.0	0.0	0.0	0.0	0.0	0.0	0.0	0.0	0.0	0.0	0.0	0.0	0.0	0.0	0.0	0.0	0.0	0.0	0.0	0.0	0.0	0.0	0.0	0.0	0.0	0.0	0.0	0.0	0.0	0.0	0.0	0.0	0.0	0.0	0.0	0.0	0.0	0.0	0.0	0.0	0.0	0.0	0.0	0.0	0.0	0.0	0.0	0.0	0.0	0.0	0.0	0.0	0.0	0.0	0.0	0.0	0.0	0.0	0.0	0.0	0.0	0.0	0.0	0.0	0.0	0.0	0.0	0.0	0.0	0.0	0.0	0.0	0.0	0.0	0.0	0.0	0.0	0.0	0.0	0.0	0.0	0.0	0.0	0.0	0.0	0.0	0.0	0.0	0.0	0.0	0.0	0.0	0.0	0.0	0.0	0.0	0.0	0.0	0.0	0.0	0.0	0.0	0.0	0.0	0.0	0.0	0.0	0.0	0.0	0.0	0.0	0.0	0.0	0.0	0.0	0.0	0.0	0.0	0.0	0.0	0.0	0.0	0.0	0.0	0.0	0.0	0.0	0.0	0.0	0.0	0.0	0.0	0.0	0.0	0.0	0.0	0.0	0.0	0.0	0.0	0.0	0.0	0.0	0.0	0.0	0.0	0.0	0.0	0.0	0.0	0.0	0.0	0.0	0.0	0.0	0.0	0.0	0.0	0.0	0.0	0.0	0.0	0.0	0.0	0.0	0.0	0.0	0.0	0.0	0.0	0.0	0.0	0.0	0.0	0.0	0.0	0.0	0.0	0.0	0.0	0.0	0.0	0.0	0.0	0.0	0.0	0.0	0.0	0.0	0.0	0.0	0.0	0.0	0.0	0.0	0.0	0.0	0.0	0.0	0.0	0.0	0.0	0.0	0.0	0.0	0.0	0.0	0.0	0.0	0.0	0.0	0.0	0.0	0.0	0.0	0.0	0.0	0.0	0.0	0.0	0.0	0.0	0.0	0.0	0.0	0.0	0.0	0.0	0.0	0.0	0.0	0.0	0.0	0.0	0.0	0.0	0.0	0.0	0.0	0.0	0.0	0.0	0.0	0.0	0.0	0.0	0.0	0.0	0.0	0.0	0.0	0.0	0.0	0.0	0.0	0.0	0.0	0.0	0.0	0.0	0.0	0.0	0.0	0.0	0.0	0.0	0.0	0.0	0.0	0.0	0.0	0.0	0.0	0.0	0.0	0.0	0.0	0.0	0.0	0.0	0.0	0.0	0.0	0.0	0.0	0.0	0.0	0.0	0.0	0.0	0.0	0.0	0.0	0.0	0.0	0.0	0.0	0.0	0.0	0.0	0.0	0.0	0.0	0.0	0.0	0.0	0.0	0.0	0.0	0.0	0.0	0.0	0.0	0.0	0.0	0.0	0.0	0.0	0.0	0.0	0.0	0.0	0.0	0.0	0.0	0.0	0.0	0.0	0.0	0.0	0.0	0.0	0.0	0.0	0.0	0.0	0.0	0.0	0.0	0.0	0.0	0.0	0.0	0.0	0.0	0.0	0.0	0.0	0.0	0.0	0.0	0.0	0.0	0.0	0.0
0.0	0.0	0.0	0.0	0.0	0.0	0.0	0.0	0.0	0.0	0.0	0.0	0.0	0.0	0.0	0.0	0.0	0.0	0.0	0.0	0.0	0.0	0.0	0.0	0.0	0.0	0.0	0.0	0.0	0.0	0.0	0.0	0.0	0.0	0.0	0.0	0.0	0.0	0.0	0.0	0.0	0.0	0.0	0.0	0.0	0.0	0.0	0.0	0.0	0.0	0.0	0.0	0.0	0.0	0.0	0.0	0.0	0.0	0.0	0.0	0.0	0.0	0.0	0.0	0.0	0.0	0.0	0.0	0.0	0.0	0.0	0.0	0.0	0.0	0.0	0.0	0.0	0.0	0.0	0.0	0.0	0.0	0.0	0.0	0.0	0.0	0.0	0.0	0.0	0.0	0.0	0.0	0.0	0.0	0.0	0.0	0.0	0.0	0.0	0.0	0.0	0.0	0.0	0.0	0.0	0.0	0.0	0.0	0.0	0.0	0.0	0.0	0.0	0.0	0.0	0.0	0.0	0.0	0.0	0.0	0.0	0.0	0.0	0.0	0.0	0.0	0.0	0.0	0.0	0.0	0.0	0.0	0.0	0.0	0.0	0.0	0.0	0.0	0.0	0.0	0.0	0.0	0.0	0.0	0.0	0.0	0.0	0.0	0.0	0.0	0.0	0.0	0.0	0.0	0.0	0.0	0.0	0.0	0.0	0.0	0.0	0.0	0.0	0.0	0.0	0.0	0.0	0.0	0.0	0.0	0.0	0.0	0.0	0.0	0.0	0.0	0.0	0.0	0.0	0.0	0.0	0.0	0.0	0.0	0.0	0.0	0.0	0.0	0.0	0.0	0.0	0.0	0.0	0.0	0.0	0.0	0.0	0.0	0.0	0.0	0.0	0.0	0.0	0.0	0.0	0.0	0.0	0.0	0.0	0.0	0.0	0.0	0.0	0.0	0.0	0.0	0.0	0.0	0.0	0.0	0.0	0.0	0.0	0.0	0.0	0.0	0.0	0.0	0.0	0.0	0.0	0.0	0.0	0.0	0.0	0.0	0.0	0.0	0.0	0.0	0.0	0.0	0.0	0.0	0.0	0.0	0.0	0.0	0.0	0.0	0.0	0.0	0.0	0.0	0.0	0.0	0.0	0.0	0.0	0.0	0.0	0.0	0.0	0.0	0.0	0.0	0.0	0.0	0.0	0.0	0.0	0.0	0.0	0.0	0.0	0.0	0.0	0.0	0.0	0.0	0.0	0.0	0.0	0.0	0.0	0.0	0.0	0.0	0.0	0.0	0.0	0.0	0.0	0.0	0.0	0.0	0.0	0.0	0.0	0.0	0.0	0.0	0.0	0.0	0.0	0.0	0.0	0.0	0.0	0.0	0.0	0.0	0.0	0.0	0.0	0.0	0.0	0.0	0.0	0.0	0.0	0.0	0.0	0.0	0.0	0.0	0.0	0.0	0.0	0.0	0.0	0.0	0.0	0.0	0.0	0.0	0.0	0.0	0.0	0.0	0.0	0.0	0.0	0.0	0.0	0.0	0.0	0.0	0.0	0.0	0.0	0.0	0.0	0.0	0.0	0.0	0.0	0.0	0.0	0.0	0.0	0.0	0.0	0.0	0.0	0.0	0.0	0.0	0.0	0.0	0.0	0.0	0.0	0.0	0.0	0.0	0.0	0.0	0.0	0.0	0.0	0.0	0.0	0.0	0.0	0.0	0.0	0.0	0.0	0.0	0.0	0.0	0.0	0.0	0.0	0.0	0.0	0.0	0.0	0.0	0.0	0.0	0.0	0.0	0.0	0.0	0.0	0.0	0.0	0.0	0.0	0.0	0.0	0.0	0.0	0.0	0.0	0.0	0.0	0.0	0.0	0.0	0.0	0.0	0.0	0.0	0.0	0.0	0.0	0.0	0.0	0.0	0.0	0.0	0.0	0.0	0.0	0.0	0.0	0.0	0.0	0.0	0.0	0.0	0.0	0.0	0.0	0.0	0.0	0.0	0.0	0.0	0.0	0.0	0.0	0.0	0.0	0.0	0.0	0.0	0.0	0.0	0.0	0.0	0.0	0.0	0.0	0.0	0.0	0.0	0.0	0.0	0.0	0.0	0.0	0.0	0.0	0.0	0.0	0.0	0.0	0.0	0.0	0.0	0.0	0.0	0.0	0.0	0.0	0.0	0.0	0.0	0.0	0.0	0.0	0.0	0.0	0.0	0.0	0.0
0.0	0.0	0.0	0.0	0.0	0.0	0.0	0.0	0.0	0.0	0.0	0.0	0.0	0.0	0.0	0.0	0.0	0.0	0.0	0.0	0.0	0.0	0.0	0.0	0.0	0.0	0.0	0.0	0.0	0.0	0.0	0.0	0.0	0.0	0.0	0.0	0.0	0.0	0.0	0.0	0.0	0.0	0.0	0.0	0.0	0.0	0.0	0.0	0.0	0.0	0.0	0.0	0.0	0.0	0.0	0.0	0.0	0.0	0.0	0.0	0.0	0.0	0.0	0.0	0.0	0.0	0.0	0.0	0.0	0.0	0.0	0.0	0.0	0.0	0.0	0.0	0.0	0.0	0.0	0.0	0.0	0.0	0.0	0.0	0.0	0.0	0.0	0.0	0.0	0.0	0.0	0.0	0.0	0.0	0.0	0.0	0.0	0.0	0.0	0.0	0.0	0.0	0.0	0.0	0.0	0.0	0.0	0.0	0.0	0.0	0.0	0.0	0.0	0.0	0.0	0.0	0.0	0.0	0.0	0.0	0.0	0.0	0.0	0.0	0.0	0.0	0.0	0.0	0.0	0.0	0.0	0.0	0.0	0.0	0.0	0.0	0.0	0.0	0.0	0.0	0.0	0.0	0.0	0.0	0.0	0.0	0.0	0.0	0.0	0.0	0.0	0.0	0.0	0.0	0.0	0.0	0.0	0.0	0.0	0.0	0.0	0.0	0.0	0.0	0.0	0.0	0.0	0.0	0.0	0.0	0.0	0.0	0.0	0.0	0.0	0.0	0.0	0.0	0.0	0.0	0.0	0.0	0.0	0.0	0.0	0.0	0.0	0.0	0.0	0.0	0.0	0.0	0.0	0.0	0.0	0.0	0.0	0.0	0.0	0.0	0.0	0.0	0.0	0.0	0.0	0.0	0.0	0.0	0.0	0.0	0.0	0.0	0.0	0.0	0.0	0.0	0.0	0.0	0.0	0.0	0.0	0.0	0.0	0.0	0.0	0.0	0.0	0.0	0.0	0.0	0.0	0.0	0.0	0.0	0.0	0.0	0.0	0.0	0.0	0.0	0.0	0.0	0.0	0.0	0.0	0.0	0.0	0.0	0.0	0.0	0.0	0.0	0.0	0.0	0.0	0.0	0.0	0.0	0.0	0.0	0.0	0.0	0.0	0.0	0.0	0.0	0.0	0.0	0.0	0.0	0.0	0.0	0.0	0.0	0.0	0.0	0.0	0.0	0.0	0.0	0.0	0.0	0.0	0.0	0.0	0.0	0.0	0.0	0.0	0.0	0.0	0.0	0.0	0.0	0.0	0.0	0.0	0.0	0.0	0.0	0.0	0.0	0.0	0.0	0.0	0.0	0.0	0.0	0.0	0.0	0.0	0.0	0.0	0.0	0.0	0.0	0.0	0.0	0.0	0.0	0.0	0.0	0.0	0.0	0.0	0.0	0.0	0.0	0.0	0.0	0.0	0.0	0.0	0.0	0.0	0.0	0.0	0.0	0.0	0.0	0.0	0.0	0.0	0.0	0.0	0.0	0.0	0.0	0.0	0.0	0.0	0.0	0.0	0.0	0.0	0.0	0.0	0.0	0.0	0.0	0.0	0.0	0.0	0.0	0.0	0.0	0.0	0.0	0.0	0.0	0.0	0.0	0.0	0.0	0.0	0.0	0.0	0.0	0.0	0.0	0.0	0.0	0.0	0.0	0.0	0.0	0.0	0.0	0.0	0.0	0.0	0.0	0.0	0.0	0.0	0.0	0.0	0.0	0.0	0.0	0.0	0.0	0.0	0.0	0.0	0.0	0.0	0.0	0.0	0.0	0.0	0.0	0.0	0.0	0.0	0.0	0.0	0.0	0.0	0.0	0.0	0.0	0.0	0.0	0.0	0.0	0.0	0.0	0.0	0.0	0.0	0.0	0.0	0.0	0.0	0.0	0.0	0.0	0.0	0.0	0.0	0.0	0.0	0.0	0.0	0.0	0.0	0.0	0.0	0.0	0.0	0.0	0.0	0.0	0.0	0.0	0.0	0.0	0.0	0.0	0.0	0.0	0.0	0.0	0.0	0.0	0.0	0.0	0.0	0.0	0.0	0.0	0.0	0.0	0.0	0.0	0.0	0.0	0.0	0.0	0.0	0.0	0.0	0.0	0.0	0.0	0.0	0.0	0.0	0.0	0.0	0.0	0.0	0.0	0.0	0.0	0.0	0.0	0.0	0.0
9.6350905e-06	-6.310344e-06	-1.8024444e-06	-6.4617398e-06	1.0144711e-06	-2.424717e-06	7.732093e-05	3.0397772e-05	5.448461e-06	2.729416e-05	-4.8083066e-06	7.221103e-06	3.858209e-06	-2.990961e-06	-6.9683792e-06	1.27714875e-05	-4.3046475e-06	1.0533929e-05	-1.7404557e-07	6.6673756e-06	7.5787307e-06	-3.299117e-06	6.455779e-06	4.737973e-06	-1.6355515e-06	6.299615e-06	8.0001355e-06	-3.093481e-07	1.064539e-06	8.5175037e-07	-5.6260824e-06	1.1629462e-05	2.25842e-06	-1.8894673e-07	7.4231625e-06	1.7595292e-05	-8.209944e-06	1.689434e-05	4.273653e-07	-7.4923037e-07	-5.884767e-06	-3.372431e-06	3.1721593e-06	-1.7106532e-07	3.28362e-06	-2.2580027e-05	-8.31604e-06	2.4665595e-05	2.2512675e-06	6.9803e-06	8.797646e-06	-8.500218e-06	8.7082384e-07	3.015995e-07	7.069111e-06	4.3338537e-06	-1.3939142e-05	2.347231e-06	4.431009e-06	5.261302e-06	5.183816e-06	6.5666436e-06	2.9307603e-06	1.1252165e-05	2.6279688e-06	-4.8667193e-06	3.7431716e-06	-8.658767e-06	1.0933876e-05	-7.546544e-06	4.528165e-06	-6.878376e-07	1.0459423e-05	9.447932e-06	-1.3983249e-06	-4.1639805e-06	-8.24213e-06	2.360463e-05	2.9735565e-05	-3.1134485e-05	1.1205673e-07	-8.3208084e-07	5.7309867e-06	-4.988313e-06	6.6673756e-06	-9.182096e-06	1.0864735e-05	5.546808e-06	4.6133994e-07	7.766485e-07	-2.965331e-06	-1.411438e-06	1.0243654e-05	9.961128e-06	-6.8551303e-06	0.0	-1.36345625e-05	1.1675358e-05	-5.9723857e-07	-1.5604495e-05	2.285838e-06	8.5771086e-07	8.730888e-06	-1.5091896e-06	1.1671782e-05	-8.97646e-07	1.5795231e-07	1.6248226e-06	-5.9604643e-10	-9.276271e-06	-5.141497e-06	-6.8169834e-06	2.5317073e-05	-8.8214875e-07	-1.6337633e-06	-1.3005733e-06	4.9746036e-06	-6.931424e-06	3.3116341e-06	4.7266485e-06	-4.7683717e-08	3.6776066e-07	4.787445e-06	-3.2752753e-06	1.0197163e-05	9.599328e-06	2.7172566e-05	-8.2612036e-07	-2.3365021e-07	-1.382947e-05	-3.6448241e-06	-1.1992455e-06	2.1092892e-05	-4.649162e-08	-4.261136e-06	3.4493207e-06	0.0	-1.0830164e-05	7.8082087e-07	-8.372069e-06	-1.1134148e-06	1.6528368e-06	2.9480457e-06	1.0061264e-06	9.928346e-06	3.0899048e-06	3.209114e-06	-3.874302e-07	2.2113322e-06	1.8960237e-06	-1.9562244e-06	1.09827515e-05	1.2552738e-06	7.5155494e-06	1.18613244e-07	2.553463e-06	5.196333e-06	4.2915346e-08	-8.898974e-06	-3.9058923e-06	-4.556179e-06	-3.5488606e-06	-5.5611135e-06	-7.659197e-07	0.0	-3.1095742e-06	-1.5550852e-06	7.5519085e-07	4.7272442e-06	-4.217625e-06	-1.8367768e-05	-3.3330916e-06	-1.0752678e-06	-8.463859e-08	-2.6398898e-06	3.9041043e-07	4.526377e-06	9.886026e-06	1.3281703e-05	-3.0100346e-06	-3.3843517e-06	-4.7391654e-06	-5.310774e-07	2.7436017e-06	2.0068883e-06	6.294251e-07	-2.6571752e-06	-1.308918e-06	-2.0986795e-06	-3.7783384e-06	1.5044212e-06	4.013181e-06	8.80897e-06	-9.226799e-06	4.066229e-06	-8.29339e-06	1.7642975e-06	-2.8902293e-06	7.0995093e-06	2.1032094e-05	3.0869246e-06	-2.1994115e-06	-4.822016e-07	-1.9460917e-06	-3.5727023e-06	8.285046e-06	-6.8730114e-06	7.2544813e-06	9.946227e-06	-7.301569e-07	3.5119056e-06	-3.1173229e-06	1.9413233e-06	7.18534e-06	3.7020445e-06	-2.400875e-06	-4.2128563e-06	-1.8703937e-06	-1.0900498e-05	-2.6863813e-06	5.4597854e-07	-8.696318e-07	9.23872e-08	9.559393e-06	1.181364e-06	-5.223751e-06	-8.577705e-06	1.4913082e-06	4.6569107e-06	-3.1149386e-06	-3.7193297e-07	9.632707e-06	4.692674e-06	-2.3919345e-06	-1.0800362e-06	2.5689602e-07	-6.4492224e-07	-5.6779386e-06	-1.128316e-06	5.696416e-06	-1.1479855e-06	-4.5001508e-07	2.4801493e-06	-2.7906895e-06	-1.178503e-05	1.4352798e-06	3.4594536e-06	4.8458577e-07	-7.3224305e-06	3.3140182e-07	-8.322e-06	-7.0631506e-07	1.0675192e-06	-2.2894144e-06	6.4015387e-07	-7.4303152e-06	-6.7472456e-06	-2.9861928e-07	-2.7418136e-07	3.284216e-07	-2.5463105e-06	9.059906e-08	1.7768145e-05	2.7436017e-06	-8.977056e-06	3.1810998e-06	-4.1007996e-07	-5.789399e-06	-1.6629696e-06	-8.38399e-06	3.0076503e-06	2.2536517e-06	-2.834797e-06	-9.1195105e-08	9.19044e-06	-3.33786e-08	-1.6093254e-07	-6.1577557e-06	-1.023829e-05	2.7408003e-05	1.4386177e-05	7.1108343e-07	-1.6748905e-06	5.543232e-07	2.4545193e-06	3.8069486e-06	9.70304e-06	-2.2530555e-06	6.2924623e-06	-4.2462348e-06	1.7005206e-06	3.836155e-06	0.0	1.4901161e-06	-4.897118e-06	2.1725893e-06	-5.209446e-07	-2.9146672e-06	1.6570091e-06	9.952783e-06	1.0288358e-05	-1.2224913e-06	1.6112923e-05	-1.09350685e-05	2.247691e-06	-2.9885769e-06	3.735423e-06	-1.8805265e-06	4.8673155e-06	2.9093028e-06	-3.826618e-06	-2.0992757e-06	-1.3464689e-06	-1.1882782e-05	9.230375e-06	-2.3972989e-06	4.900694e-06	3.4689904e-07	3.6150218e-06	-5.019307e-06	0.0	1.4424324e-05	3.6627055e-06	1.1980534e-06	1.0263919e-06	3.6668778e-06	5.649328e-06	-8.033514e-06	-3.7819148e-06	-1.9943714e-06	1.8829107e-06	-2.1457673e-08	-2.117157e-06	-2.295971e-06	3.9833785e-06	-4.1222575e-06	8.708835e-06	3.7319063e-05	-2.861023e-07	-1.6558171e-06	-3.6239624e-07	7.003546e-07	-4.2659044e-06	-1.2326241e-06	-3.6132335e-06	1.7648936e-06	-1.5901924e-05	-1.2791156e-06	-5.1623583e-06	2.1538139e-05	6.8789723e-06	1.5807152e-06	-3.939867e-06	7.8099965e-06	4.696846e-07	5.2756072e-06	-9.3877316e-07	3.5054683e-05	-3.6847591e-06	-1.5574693e-06	2.1839141e-06	-1.7285347e-06	-5.9866907e-06	-7.977485e-06	-1.2351275e-05	1.2959242e-05	6.836653e-07	5.102158e-07	-1.9663573e-06	-1.847744e-07	-2.3812056e-06	6.1792134e-06	-8.4012745e-06	0.0	5.7399274e-07	1.6633272e-05	-3.2621622e-06	3.8027764e-07	-7.692575e-06	2.5856496e-06	-5.1367283e-06	3.888607e-06	-1.0383129e-05	-1.3796687e-05	-3.3795834e-06	-2.4974347e-06	-3.8444995e-07	3.33786e-06	1.078248e-06	-4.6479704e-06	-1.1421442e-05	1.3113022e-08	2.0945072e-06	-9.417534e-08	1.7231703e-06	-2.682209e-07	1.3226271e-06	2.5719405e-06	-2.6583672e-07	-1.1944771e-06	-1.8113851e-06	-4.0876866e-06	1.8298626e-06	5.531311e-07	2.4831295e-06	-1.3035536e-06	-1.1205673e-07	-1.3204813e-05	-5.3995846e-06	-8.103848e-06	8.223653e-06	4.1389467e-06	3.0046701e-06	-8.699894e-06	0.0	-1.619041e-05	5.864501e-06	-1.436472e-06	2.204776e-06	3.695488e-07	-2.0443202e-05	-6.8074464e-06	-1.770258e-06	5.5551527e-06	-7.432699e-06	0.0	-7.1644786e-07	5.8412553e-08	-2.7632714e-06	9.289384e-06	4.6253206e-07	2.8789043e-07	1.5377998e-07	4.7564507e-07	4.556775e-06	2.5385618e-06	-1.2910366e-06	2.4322868e-05	1.6984344e-05	-2.837181e-06	1.6188621e-06	1.0732412e-05	2.144575e-06	2.029717e-05	1.0117293e-05	-9.049773e-06	-5.8412553e-07	-5.85556e-06	4.5084953e-06	-2.5719404e-05	8.165836e-07	-1.2248754e-06	-3.31223e-06	6.2048434e-07	2.233982e-06	2.9700994e-05	-1.0691285e-05	1.2315511e-05	3.1781196e-06	-8.043647e-06	7.2091816e-06	-3.731251e-07	1.3804436e-06	-8.042454e-06	-1.2069941e-05	-5.2332877e-07	7.462502e-07	-5.021095e-06	4.4840576e-06	7.504225e-07	-2.1994114e-07	3.3494234e-05	4.583478e-05	4.684925e-06	-3.862381e-07	2.0390748e-06	-2.669692e-06	1.0573864e-06	-6.005168e-06	-1.0080934e-05	-2.322793e-06	-1.000464e-05	-1.9184947e-05	3.401637e-06	-3.910661e-06	-7.56979e-07	6.6399576e-07	2.0569562e-06	-4.5996903e-06	3.2645464e-06	-9.4658135e-06	-5.722046e-07	9.3579295e-08	9.071827e-07	4.4465065e-07	1.2203455e-05	7.2938205e-06	1.3482571e-06	-7.402897e-07	-5.276203e-06
0.0	0.0	0.0	0.0	0.0	0.0	0.0	0.0	0.0	0.0	0.0	0.0	0.0	0.0	0.0	0.0	0.0	0.0	0.0	0.0	0.0	0.0	0.0	0.0	0.0	0.0	0.0	0.0	0.0	0.0	0.0	0.0	0.0	0.0	0.0	0.0	0.0	0.0	0.0	0.0	0.0	0.0	0.0	0.0	0.0	0.0	0.0	0.0	0.0	0.0	0.0	0.0	0.0	0.0	0.0	0.0	0.0	0.0	0.0	0.0	0.0	0.0	0.0	0.0	0.0	0.0	0.0	0.0	0.0	0.0	0.0	0.0	0.0	0.0	0.0	0.0	0.0	0.0	0.0	0.0	0.0	0.0	0.0	0.0	0.0	0.0	0.0	0.0	0.0	0.0	0.0	0.0	0.0	0.0	0.0	0.0	0.0	0.0	0.0	0.0	0.0	0.0	0.0	0.0	0.0	0.0	0.0	0.0	0.0	0.0	0.0	0.0	0.0	0.0	0.0	0.0	0.0	0.0	0.0	0.0	0.0	0.0	0.0	0.0	0.0	0.0	0.0	0.0	0.0	0.0	0.0	0.0	0.0	0.0	0.0	0.0	0.0	0.0	0.0	0.0	0.0	0.0	0.0	0.0	0.0	0.0	0.0	0.0	0.0	0.0	0.0	0.0	0.0	0.0	0.0	0.0	0.0	0.0	0.0	0.0	0.0	0.0	0.0	0.0	0.0	0.0	0.0	0.0	0.0	0.0	0.0	0.0	0.0	0.0	0.0	0.0	0.0	0.0	0.0	0.0	0.0	0.0	0.0	0.0	0.0	0.0	0.0	0.0	0.0	0.0	0.0	0.0	0.0	0.0	0.0	0.0	0.0	0.0	0.0	0.0	0.0	0.0	0.0	0.0	0.0	0.0	0.0	0.0	0.0	0.0	0.0	0.0	0.0	0.0	0.0	0.0	0.0	0.0	0.0	0.0	0.0	0.0	0.0	0.0	0.0	0.0	0.0	0.0	0.0	0.0	0.0	0.0	0.0	0.0	0.0	0.0	0.0	0.0	0.0	0.0	0.0	0.0	0.0	0.0	0.0	0.0	0.0	0.0	0.0	0.0	0.0	0.0	0.0	0.0	0.0	0.0	0.0	0.0	0.0	0.0	0.0	0.0	0.0	0.0	0.0	0.0	0.0	0.0	0.0	0.0	0.0	0.0	0.0	0.0	0.0	0.0	0.0	0.0	0.0	0.0	0.0	0.0	0.0	0.0	0.0	0.0	0.0	0.0	0.0	0.0	0.0	0.0	0.0	0.0	0.0	0.0	0.0	0.0	0.0	0.0	0.0	0.0	0.0	0.0	0.0	0.0	0.0	0.0	0.0	0.0	0.0	0.0	0.0	0.0	0.0	0.0	0.0	0.0	0.0	0.0	0.0	0.0	0.0	0.0	0.0	0.0	0.0	0.0	0.0	0.0	0.0	0.0	0.0	0.0	0.0	0.0	0.0	0.0	0.0	0.0	0.0	0.0	0.0	0.0	0.0	0.0	0.0	0.0	0.0	0.0	0.0	0.0	0.0	0.0	0.0	0.0	0.0	0.0	0.0	0.0	0.0	0.0	0.0	0.0	0.0	0.0	0.0	0.0	0.0	0.0	0.0	0.0	0.0	0.0	0.0	0.0	0.0	0.0	0.0	0.0	0.0	0.0	0.0	0.0	0.0	0.0	0.0	0.0	0.0	0.0	0.0	0.0	0.0	0.0	0.0	0.0	0.0	0.0	0.0	0.0	0.0	0.0	0.0	0.0	0.0	0.0	0.0	0.0	0.0	0.0	0.0	0.0	0.0	0.0	0.0	0.0	0.0	0.0	0.0	0.0	0.0	0.0	0.0	0.0	0.0	0.0	0.0	0.0	0.0	0.0	0.0	0.0	0.0	0.0	0.0	0.0	0.0	0.0	0.0	0.0	0.0	0.0	0.0	0.0	0.0	0.0	0.0	0.0	0.0	0.0	0.0	0.0	0.0	0.0	0.0	0.0	0.0	0.0	0.0	0.0	0.0	0.0	0.0	0.0	0.0	1.1920929e-09	0.0	0.0	0.0	0.0	0.0	0.0	0.0	0.0	0.0	0.0	0.0	0.0	0.0	0.0	0.0	0.0	0.0	0.0	0.0	0.0	0.0	0.0	0.0	0.0	0.0	0.0	0.0	0.0	0.0	0.0	0.0	0.0	0.0	0.0
0.0	0.0	0.0	0.0	0.0	0.0	0.0	0.0	0.0	0.0	0.0	0.0	0.0	0.0	0.0	0.0	0.0	0.0	0.0	0.0	0.0	0.0	0.0	0.0	0.0	0.0	0.0	0.0	0.0	0.0	0.0	0.0	0.0	0.0	0.0	0.0	0.0	0.0	0.0	0.0	0.0	0.0	0.0	0.0	0.0	0.0	0.0	0.0	0.0	0.0	0.0	0.0	0.0	0.0	0.0	0.0	0.0	0.0	0.0	0.0	0.0	0.0	0.0	0.0	0.0	0.0	0.0	0.0	0.0	0.0	0.0	0.0	0.0	0.0	0.0	0.0	0.0	0.0	0.0	0.0	0.0	0.0	0.0	0.0	0.0	0.0	0.0	0.0	0.0	0.0	0.0	0.0	0.0	0.0	0.0	0.0	0.0	0.0	0.0	0.0	0.0	0.0	0.0	0.0	0.0	0.0	0.0	0.0	0.0	0.0	0.0	0.0	0.0	0.0	0.0	0.0	0.0	0.0	0.0	0.0	0.0	0.0	0.0	0.0	0.0	0.0	0.0	0.0	0.0	0.0	0.0	0.0	0.0	0.0	0.0	0.0	0.0	0.0	0.0	0.0	0.0	0.0	0.0	0.0	0.0	0.0	0.0	0.0	0.0	0.0	0.0	0.0	0.0	0.0	0.0	0.0	0.0	0.0	0.0	0.0	0.0	0.0	0.0	0.0	0.0	0.0	0.0	0.0	0.0	0.0	0.0	0.0	0.0	0.0	0.0	0.0	0.0	0.0	0.0	0.0	0.0	0.0	0.0	0.0	0.0	0.0	0.0	0.0	0.0	0.0	0.0	0.0	0.0	0.0	0.0	0.0	0.0	0.0	0.0	0.0	0.0	0.0	0.0	0.0	0.0	0.0	0.0	0.0	0.0	0.0	0.0	0.0	0.0	0.0	0.0	0.0	0.0	0.0	0.0	0.0	0.0	0.0	0.0	0.0	0.0	0.0	0.0	0.0	0.0	0.0	0.0	0.0	0.0	0.0	0.0	0.0	0.0	0.0	0.0	0.0	0.0	0.0	0.0	0.0	0.0	0.0	0.0	0.0	0.0	0.0	0.0	0.0	0.0	0.0	0.0	0.0	0.0	0.0	0.0	0.0	0.0	0.0	0.0	0.0	0.0	0.0	0.0	0.0	0.0	0.0	0.0	0.0	0.0	0.0	0.0	0.0	0.0	0.0	0.0	0.0	0.0	0.0	0.0	0.0	0.0	0.0	0.0	0.0	0.0	0.0	0.0	0.0	0.0	0.0	0.0	0.0	0.0	0.0	0.0	0.0	0.0	0.0	0.0	0.0	0.0	0.0	0.0	0.0	0.0	0.0	0.0	0.0	0.0	0.0	0.0	0.0	0.0	0.0	0.0	0.0	0.0	0.0	0.0	0.0	0.0	0.0	0.0	0.0	0.0	0.0	0.0	0.0	0.0	0.0	0.0	0.0	0.0	0.0	0.0	0.0	0.0	0.0	0.0	0.0	0.0	0.0	0.0	0.0	0.0	0.0	0.0	0.0	0.0	0.0	0.0	0.0	0.0	0.0	0.0	0.0	0.0	0.0	0.0	0.0	0.0	0.0	0.0	0.0	0.0	0.0	0.0	0.0	0.0	0.0	0.0	0.0	0.0	0.0	0.0	0.0	0.0	0.0	0.0	0.0	0.0	0.0	0.0	0.0	0.0	0.0	0.0	0.0	0.0	0.0	0.0	0.0	0.0	0.0	0.0	0.0	0.0	0.0	0.0	0.0	0.0	0.0	0.0	0.0	0.0	0.0	0.0	0.0	0.0	0.0	0.0	0.0	0.0	0.0	0.0	0.0	0.0	0.0	0.0	0.0	0.0	0.0	0.0	0.0	0.0	0.0	0.0	0.0	0.0	0.0	0.0	0.0	0.0	0.0	0.0	0.0	0.0	0.0	0.0	0.0	0.0	0.0	0.0	0.0	0.0	0.0	0.0	0.0	0.0	0.0	0.0	0.0	0.0	0.0	0.0	0.0	0.0	0.0	0.0	0.0	0.0	0.0	0.0	0.0	0.0	0.0	0.0	0.0	0.0	0.0	0.0	0.0	0.0	0.0	0.0	0.0	0.0	0.0	0.0	0.0	0.0	0.0	0.0	0.0	0.0	0.0	0.0	0.0	0.0	0.0	0.0	0.0	0.0	0.0	0.0	0.0
0.0	0.0	0.0	0.0	0.0	0.0	0.0	0.0	0.0	0.0	0.0	0.0	0.0	0.0	0.0	0.0	0.0	0.0	0.0	0.0	0.0	0.0	0.0	0.0	0.0	0.0	0.0	0.0	0.0	0.0	0.0	0.0	0.0	0.0	0.0	0.0	0.0	0.0	0.0	0.0	0.0	0.0	0.0	0.0	0.0	0.0	0.0	0.0	0.0	0.0	0.0	0.0	0.0	0.0	0.0	0.0	0.0	0.0	0.0	0.0	0.0	0.0	0.0	0.0	0.0	0.0	0.0	0.0	0.0	0.0	0.0	0.0	0.0	0.0	0.0	0.0	0.0	0.0	0.0	0.0	0.0	0.0	0.0	0.0	0.0	0.0	0.0	0.0	0.0	0.0	0.0	0.0	0.0	0.0	0.0	0.0	0.0	0.0	0.0	0.0	0.0	0.0	0.0	0.0	0.0	0.0	0.0	0.0	0.0	0.0	0.0	0.0	0.0	0.0	0.0	0.0	0.0	0.0	0.0	0.0	0.0	0.0	0.0	0.0	0.0	0.0	0.0	0.0	0.0	0.0	0.0	0.0	0.0	0.0	0.0	0.0	0.0	0.0	0.0	0.0	0.0	0.0	0.0	0.0	0.0	0.0	0.0	0.0	0.0	0.0	0.0	0.0	0.0	0.0	0.0	0.0	0.0	0.0	0.0	0.0	0.0	0.0	0.0	0.0	0.0	0.0	0.0	0.0	0.0	0.0	0.0	0.0	0.0	0.0	0.0	0.0	0.0	0.0	0.0	0.0	0.0	0.0	0.0	0.0	0.0	0.0	0.0	0.0	0.0	0.0	0.0	0.0	0.0	0.0	0.0	0.0	0.0	0.0	0.0	0.0	0.0	0.0	0.0	0.0	0.0	0.0	0.0	0.0	0.0	0.0	0.0	0.0	0.0	0.0	0.0	0.0	0.0	0.0	0.0	0.0	0.0	0.0	0.0	0.0	0.0	0.0	0.0	0.0	0.0	0.0	0.0	0.0	0.0	0.0	0.0	0.0	0.0	0.0	0.0	0.0	0.0	0.0	0.0	0.0	0.0	0.0	0.0	0.0	0.0	0.0	0.0	0.0	0.0	0.0	0.0	0.0	0.0	0.0	0.0	0.0	0.0	0.0	0.0	0.0	0.0	0.0	0.0	0.0	0.0	0.0	0.0	0.0	0.0	0.0	0.0	0.0	0.0	0.0	0.0	0.0	0.0	0.0	0.0	0.0	0.0	0.0	0.0	0.0	0.0	0.0	0.0	0.0	0.0	0.0	0.0	0.0	0.0	0.0	0.0	0.0	0.0	0.0	0.0	0.0	0.0	0.0	0.0	0.0	0.0	0.0	0.0	0.0	0.0	0.0	0.0	0.0	0.0	0.0	0.0	0.0	0.0	0.0	0.0	0.0	0.0	0.0	0.0	0.0	0.0	0.0	0.0	0.0	0.0	0.0	0.0	0.0	0.0	0.0	0.0	0.0	0.0	0.0	0.0	0.0	0.0	0.0	0.0	0.0	0.0	0.0	0.0	0.0	0.0	0.0	0.0	0.0	0.0	0.0	0.0	0.0	0.0	0.0	0.0	0.0	0.0	0.0	0.0	0.0	0.0	0.0	0.0	0.0	0.0	0.0	0.0	0.0	0.0	0.0	0.0	0.0	0.0	0.0	0.0	0.0	0.0	0.0	0.0	0.0	0.0	0.0	0.0	0.0	0.0	0.0	0.0	0.0	0.0	0.0	0.0	0.0	0.0	0.0	0.0	0.0	0.0	0.0	0.0	0.0	0.0	0.0	0.0	0.0	0.0	0.0	0.0	0.0	0.0	0.0	0.0	0.0	0.0	0.0	0.0	0.0	0.0	0.0	0.0	0.0	0.0	0.0	0.0	0.0	0.0	0.0	0.0	0.0	0.0	0.0	0.0	0.0	0.0	0.0	0.0	0.0	0.0	0.0	0.0	0.0	0.0	0.0	0.0	0.0	0.0	0.0	0.0	0.0	0.0	0.0	0.0	0.0	0.0	0.0	0.0	0.0	0.0	0.0	0.0	0.0	0.0	0.0	0.0	0.0	0.0	0.0	0.0	0.0	0.0	0.0	0.0	0.0	0.0	0.0	0.0	0.0	0.0	0.0	0.0	0.0	0.0	0.0	0.0	0.0	0.0	0.0	0.0	0.0	0.0	0.0	0.0	0.0
0.0	0.0	0.0	0.0	0.0	0.0	0.0	0.0	0.0	0.0	0.0	0.0	0.0	0.0	0.0	0.0	0.0	0.0	0.0	0.0	0.0	0.0	0.0	0.0	0.0	0.0	0.0	0.0	0.0	0.0	0.0	0.0	0.0	0.0	0.0	0.0	0.0	0.0	0.0	0.0	0.0	0.0	0.0	0.0	0.0	0.0	0.0	0.0	0.0	0.0	0.0	0.0	0.0	0.0	0.0	0.0	0.0	0.0	0.0	0.0	0.0	0.0	0.0	0.0	0.0	0.0	0.0	0.0	0.0	0.0	0.0	0.0	0.0	0.0	0.0	0.0	0.0	0.0	0.0	0.0	0.0	0.0	0.0	0.0	0.0	0.0	0.0	0.0	0.0	0.0	0.0	0.0	0.0	0.0	0.0	0.0	0.0	0.0	0.0	0.0	0.0	0.0	0.0	0.0	0.0	0.0	0.0	0.0	0.0	0.0	0.0	0.0	0.0	0.0	0.0	0.0	0.0	0.0	0.0	0.0	0.0	0.0	0.0	0.0	0.0	0.0	0.0	0.0	0.0	0.0	0.0	0.0	0.0	0.0	0.0	0.0	0.0	0.0	0.0	0.0	0.0	0.0	0.0	0.0	0.0	0.0	0.0	0.0	0.0	0.0	0.0	0.0	0.0	0.0	0.0	0.0	0.0	0.0	0.0	0.0	0.0	0.0	0.0	0.0	0.0	0.0	0.0	0.0	0.0	0.0	0.0	0.0	0.0	0.0	0.0	0.0	0.0	0.0	0.0	0.0	0.0	0.0	0.0	0.0	0.0	0.0	0.0	0.0	0.0	0.0	0.0	0.0	0.0	0.0	0.0	0.0	0.0	0.0	0.0	0.0	0.0	0.0	0.0	0.0	0.0	0.0	0.0	0.0	0.0	0.0	0.0	0.0	0.0	0.0	0.0	0.0	0.0	0.0	0.0	0.0	0.0	0.0	0.0	0.0	0.0	0.0	0.0	0.0	0.0	0.0	0.0	0.0	0.0	0.0	0.0	0.0	0.0	0.0	0.0	0.0	0.0	0.0	0.0	0.0	0.0	0.0	0.0	0.0	0.0	0.0	0.0	0.0	0.0	0.0	0.0	0.0	0.0	0.0	0.0	0.0	0.0	0.0	0.0	0.0	0.0	0.0	0.0	0.0	0.0	0.0	0.0	0.0	0.0	0.0	0.0	0.0	0.0	0.0	0.0	0.0	0.0	0.0	0.0	0.0	0.0	0.0	0.0	0.0	0.0	0.0	0.0	0.0	0.0	0.0	0.0	0.0	0.0	0.0	0.0	0.0	0.0	0.0	0.0	0.0	0.0	0.0	0.0	0.0	0.0	0.0	0.0	0.0	0.0	0.0	0.0	0.0	0.0	0.0	0.0	0.0	0.0	0.0	0.0	0.0	0.0	0.0	0.0	0.0	0.0	0.0	0.0	0.0	0.0	0.0	0.0	0.0	0.0	0.0	0.0	0.0	0.0	0.0	0.0	0.0	0.0	0.0	0.0	0.0	0.0	0.0	0.0	0.0	0.0	0.0	0.0	0.0	0.0	0.0	0.0	0.0	0.0	0.0	0.0	0.0	0.0	0.0	0.0	0.0	0.0	0.0	0.0	0.0	0.0	0.0	0.0	0.0	0.0	0.0	0.0	0.0	0.0	0.0	0.0	0.0	0.0	0.0	0.0	0.0	0.0	0.0	0.0	0.0	0.0	0.0	0.0	0.0	0.0	0.0	0.0	0.0	0.0	0.0	0.0	0.0	0.0	0.0	0.0	0.0	0.0	0.0	0.0	0.0	0.0	0.0	0.0	0.0	0.0	0.0	0.0	0.0	0.0	0.0	0.0	0.0	0.0	0.0	0.0	0.0	0.0	0.0	0.0	0.0	0.0	0.0	0.0	0.0	0.0	0.0	0.0	0.0	0.0	0.0	0.0	0.0	0.0	0.0	0.0	0.0	0.0	0.0	0.0	0.0	0.0	0.0	0.0	0.0	0.0	0.0	0.0	0.0	0.0	0.0	0.0	0.0	0.0	0.0	0.0	0.0	0.0	0.0	0.0	0.0	0.0	0.0	0.0	0.0	0.0	0.0	0.0	0.0	0.0	0.0	0.0	0.0	0.0	0.0	0.0	0.0	0.0	0.0	0.0	0.0	0.0	0.0	0.0	0.0	0.0	0.0	0.0	0.0
0.0	0.0	0.0	-7.152557e-09	-2.3841857e-09	0.0	0.0	0.0	0.0	0.0	0.0	0.0	-1.1920929e-09	-2.3841857e-09	0.0	0.0	0.0	0.0	0.0	0.0	0.0	0.0	0.0	0.0	0.0	0.0	0.0	0.0	0.0	0.0	0.0	0.0	0.0	0.0	0.0	0.0	0.0	0.0	0.0	-1.1920929e-09	0.0	0.0	0.0	0.0	0.0	0.0	0.0	0.0	0.0	0.0	0.0	0.0	0.0	0.0	0.0	0.0	0.0	0.0	0.0	0.0	0.0	0.0	0.0	0.0	0.0	0.0	0.0	0.0	0.0	0.0	0.0	0.0	0.0	0.0	0.0	0.0	0.0	0.0	0.0	0.0	0.0	0.0	0.0	0.0	0.0	0.0	0.0	0.0	0.0	0.0	0.0	0.0	0.0	0.0	0.0	0.0	0.0	0.0	0.0	0.0	0.0	0.0	0.0	0.0	0.0	0.0	0.0	0.0	-5.9604646e-09	0.0	0.0	0.0	0.0	0.0	0.0	0.0	0.0	0.0	0.0	0.0	0.0	0.0	0.0	0.0	0.0	0.0	0.0	0.0	0.0	0.0	0.0	0.0	0.0	0.0	0.0	0.0	0.0	0.0	0.0	0.0	0.0	0.0	0.0	0.0	0.0	0.0	0.0	0.0	0.0	0.0	-2.3841857e-09	0.0	0.0	0.0	0.0	0.0	0.0	0.0	0.0	0.0	0.0	0.0	0.0	0.0	0.0	0.0	0.0	0.0	0.0	0.0	0.0	0.0	0.0	0.0	0.0	0.0	0.0	0.0	0.0	0.0	0.0	0.0	0.0	0.0	0.0	0.0	0.0	0.0	-2.3841857e-09	0.0	0.0	0.0	0.0	0.0	0.0	0.0	0.0	0.0	0.0	0.0	0.0	0.0	0.0	0.0	0.0	0.0	0.0	0.0	0.0	0.0	0.0	0.0	0.0	0.0	0.0	0.0	0.0	0.0	0.0	0.0	0.0	0.0	0.0	0.0	0.0	0.0	0.0	0.0	0.0	0.0	0.0	0.0	0.0	0.0	0.0	0.0	0.0	0.0	0.0	0.0	0.0	0.0	0.0	0.0	-1.1920929e-09	0.0	0.0	0.0	0.0	0.0	0.0	-3.5762786e-09	0.0	0.0	-7.152557e-09	0.0	-3.5762786e-09	0.0	0.0	0.0	0.0	0.0	0.0	0.0	0.0	0.0	0.0	-1.1920929e-09	0.0	0.0	0.0	0.0	0.0	0.0	0.0	0.0	0.0	0.0	0.0	0.0	0.0	0.0	0.0	0.0	0.0	0.0	0.0	0.0	0.0	0.0	0.0	0.0	0.0	0.0	0.0	0.0	0.0	0.0	0.0	0.0	0.0	0.0	0.0	0.0	0.0	0.0	0.0	0.0	0.0	0.0	0.0	0.0	0.0	0.0	0.0	0.0	0.0	0.0	0.0	0.0	0.0	0.0	0.0	0.0	0.0	0.0	0.0	0.0	0.0	0.0	0.0	0.0	0.0	0.0	0.0	0.0	0.0	0.0	0.0	0.0	0.0	0.0	0.0	0.0	0.0	0.0	0.0	0.0	0.0	0.0	0.0	0.0	-2.3841857e-09	0.0	0.0	0.0	0.0	0.0	0.0	0.0	0.0	0.0	0.0	0.0	0.0	0.0	0.0	0.0	0.0	0.0	0.0	0.0	0.0	0.0	0.0	0.0	0.0	0.0	0.0	0.0	0.0	0.0	0.0	0.0	0.0	0.0	0.0	0.0	0.0	0.0	0.0	0.0	0.0	0.0	0.0	0.0	0.0	0.0	0.0	0.0	0.0	0.0	0.0	0.0	0.0	0.0	0.0	0.0	0.0	0.0	0.0	0.0	0.0	0.0	0.0	0.0	0.0	0.0	0.0	0.0	0.0	0.0	0.0	0.0	0.0	0.0	0.0	0.0	0.0	0.0	0.0	0.0	0.0	0.0	0.0	0.0	0.0	0.0	0.0	0.0	-1.1920929e-09	0.0	0.0	0.0	0.0	0.0	0.0	0.0	0.0	0.0	0.0	0.0	0.0	0.0	0.0	0.0	-1.1920929e-09	0.0	0.0	0.0	0.0	0.0	0.0	0.0	0.0	0.0	0.0	0.0	0.0	0.0	0.0	0.0	0.0	0.0	0.0	0.0	0.0	0.0	0.0	0.0	0.0	0.0	0.0	0.0	0.0	0.0	0.0	0.0	-1.1920929e-09	0.0	0.0	0.0	0.0	0.0	0.0	0.0	0.0	0.0	0.0	0.0
0.0	0.0	0.0	0.0	0.0	0.0	0.0	0.0	0.0	0.0	0.0	0.0	0.0	0.0	0.0	0.0	0.0	0.0	0.0	0.0	0.0	0.0	0.0	0.0	0.0	0.0	0.0	0.0	0.0	0.0	0.0	0.0	0.0	0.0	0.0	0.0	0.0	0.0	0.0	0.0	0.0	0.0	0.0	0.0	0.0	0.0	0.0	0.0	0.0	0.0	0.0	0.0	0.0	0.0	0.0	0.0	0.0	0.0	0.0	0.0	0.0	0.0	0.0	0.0	0.0	0.0	0.0	0.0	0.0	0.0	0.0	0.0	0.0	0.0	0.0	0.0	0.0	0.0	0.0	0.0	0.0	0.0	0.0	0.0	0.0	0.0	0.0	0.0	0.0	0.0	0.0	0.0	0.0	0.0	0.0	0.0	0.0	0.0	0.0	0.0	0.0	0.0	0.0	0.0	0.0	0.0	0.0	0.0	0.0	0.0	0.0	0.0	0.0	0.0	0.0	0.0	0.0	0.0	0.0	0.0	0.0	0.0	0.0	0.0	0.0	0.0	0.0	0.0	0.0	0.0	0.0	0.0	0.0	0.0	0.0	0.0	0.0	0.0	0.0	0.0	0.0	0.0	0.0	0.0	0.0	0.0	0.0	0.0	0.0	0.0	0.0	0.0	0.0	0.0	0.0	0.0	0.0	0.0	0.0	0.0	0.0	0.0	0.0	0.0	0.0	0.0	0.0	0.0	0.0	0.0	0.0	0.0	0.0	0.0	0.0	0.0	0.0	0.0	0.0	0.0	0.0	0.0	0.0	0.0	0.0	0.0	0.0	0.0	0.0	0.0	0.0	0.0	0.0	0.0	0.0	0.0	0.0	0.0	0.0	0.0	0.0	0.0	0.0	0.0	0.0	0.0	0.0	0.0	0.0	0.0	0.0	0.0	0.0	0.0	0.0	0.0	0.0	0.0	0.0	0.0	0.0	0.0	0.0	0.0	0.0	0.0	0.0	0.0	0.0	0.0	0.0	0.0	0.0	0.0	0.0	0.0	0.0	0.0	0.0	0.0	0.0	0.0	0.0	0.0	0.0	0.0	0.0	0.0	0.0	0.0	0.0	0.0	0.0	0.0	0.0	0.0	0.0	0.0	0.0	0.0	0.0	0.0	0.0	0.0	0.0	0.0	0.0	0.0	0.0	0.0	0.0	0.0	0.0	0.0	0.0	0.0	0.0	0.0	0.0	0.0	0.0	0.0	0.0	0.0	0.0	0.0	0.0	0.0	0.0	0.0	0.0	0.0	0.0	0.0	0.0	0.0	0.0	0.0	0.0	0.0	0.0	0.0	0.0	0.0	0.0	0.0	0.0	0.0	0.0	0.0	0.0	0.0	0.0	0.0	0.0	0.0	0.0	0.0	0.0	0.0	0.0	0.0	0.0	0.0	0.0	0.0	0.0	0.0	0.0	0.0	0.0	0.0	0.0	0.0	0.0	0.0	0.0	0.0	0.0	0.0	0.0	0.0	0.0	0.0	0.0	0.0	0.0	0.0	0.0	0.0	0.0	0.0	0.0	0.0	0.0	0.0	0.0	0.0	0.0	0.0	0.0	0.0	0.0	0.0	0.0	0.0	0.0	0.0	0.0	0.0	0.0	0.0	0.0	0.0	0.0	0.0	0.0	0.0	0.0	0.0	0.0	0.0	0.0	0.0	0.0	0.0	0.0	0.0	0.0	0.0	0.0	0.0	0.0	0.0	0.0	0.0	0.0	0.0	0.0	0.0	0.0	0.0	0.0	0.0	0.0	0.0	0.0	0.0	0.0	0.0	0.0	0.0	0.0	0.0	0.0	0.0	0.0	0.0	0.0	0.0	0.0	0.0	0.0	0.0	0.0	0.0	0.0	0.0	0.0	0.0	0.0	0.0	0.0	0.0	0.0	0.0	0.0	0.0	0.0	0.0	0.0	0.0	0.0	0.0	0.0	0.0	0.0	0.0	0.0	0.0	0.0	0.0	0.0	0.0	0.0	0.0	0.0	0.0	0.0	0.0	0.0	0.0	0.0	0.0	0.0	0.0	0.0	0.0	0.0	0.0	0.0	0.0	0.0	0.0	0.0	0.0	0.0	0.0	0.0	0.0	0.0	0.0	0.0	0.0	0.0	0.0	0.0	0.0	0.0	0.0	0.0	0.0	0.0	0.0	0.0	0.0	0.0	0.0	0.0	0.0
-2.6401282e-05	0.000843159	1.013279e-07	-9.912848e-06	2.7632714e-06	3.6486388e-05	7.632375e-06	4.7664642e-05	3.1733514e-06	4.014969e-06	1.2338162e-06	2.9349923e-05	-1.7883181e-05	5.1790475e-06	-1.770854e-05	-4.0245054e-06	0.0001461786	4.5806766e-05	0.0001513815	-2.938509e-07	5.7733654e-05	-1.1223555e-06	1.3923645e-05	1.6319751e-06	-7.671714e-06	-4.336834e-06	3.69066e-05	-2.374649e-06	-7.690787e-06	-2.709627e-06	-8.936524e-06	-4.528761e-06	3.9902927e-05	-5.9884787e-06	3.5499932e-05	5.0531627e-05	-0.00015256405	-2.3607612e-05	-0.0011713958	8.075237e-06	4.0618776e-05	-5.483985e-05	-2.342105e-05	-4.3058394e-06	3.9719343e-05	6.643772e-05	-2.5294423e-05	1.2447834e-05	4.9799683e-06	4.2018295e-05	0.00014849544	-9.796024e-06	-2.618432e-06	3.2758712e-06	-5.5920482e-05	1.4715791e-05	4.3751003e-05	-4.6348573e-06	4.330337e-05	3.140807e-05	2.20716e-05	0.00023022234	1.3816953e-05	3.5996436e-05	1.4023185e-05	4.788041e-06	1.4039874e-05	1.8845201e-05	8.132458e-06	-4.528761e-05	5.720973e-05	-7.808685e-05	-0.000105301144	4.0593743e-05	-3.0152201e-05	-7.188559e-05	9.606302e-05	1.59806e-05	-5.438745e-05	4.4657587e-05	-3.5583972e-07	-0.00015189171	-5.1653387e-06	1.2939572e-05	4.832089e-05	-0.00025226892	-7.798672e-05	3.2977463e-05	0.00011423647	2.3383498e-05	-8.178949e-06	-6.0544015e-05	2.2470951e-07	-2.3970604e-05	9.282768e-05	-3.784299e-06	-1.4834404e-05	5.2936077e-05	7.92563e-06	-0.00010494113	-1.3893842e-06	-7.2193147e-06	8.978248e-06	-2.963543e-05	1.7354489e-05	1.5946627e-05	-6.467104e-07	1.586914e-05	-2.0523667e-05	-7.8923105e-05	1.3677478e-05	-7.186055e-05	6.724179e-05	6.697178e-06	0.00010418057	-2.2922753e-05	1.7780661e-05	3.4542085e-05	1.11955405e-05	1.2636185e-05	-2.220571e-05	-7.792712e-06	5.3972008e-06	-4.786253e-06	-0.00012085557	-2.5926829e-05	-5.94455e-05	-5.913198e-05	-1.1336804e-06	0.00014538586	0.00026033522	0.0	-6.660223e-06	-0.00030162215	-4.4029355e-05	-5.3858757e-06	-9.1065165e-05	-1.649201e-05	3.6094785e-05	7.113576e-05	-4.8846005e-06	6.430745e-05	7.1383714e-05	-0.00022869944	-2.8764605e-05	-1.00910665e-05	5.4903627e-05	-1.3948083e-05	0.00015543163	7.652163e-05	4.1663645e-07	0.00017852723	0.000108444096	3.406763e-05	-2.7769804e-06	1.1086464e-06	-6.375909e-06	4.28915e-06	1.2238026e-05	9.6137526e-05	-4.8685074e-06	8.499324e-05	0.00017755925	2.4935604e-05	3.9064885e-06	5.0631166e-05	-7.854104e-06	-1.7595291e-06	-8.3768966e-05	-0.00026017844	1.4982819e-05	-1.5580059e-05	-2.2792817e-06	-1.6558171e-06	-1.6818047e-05	4.5877696e-05	9.822249e-06	0.0002301407	7.323444e-05	-5.221844e-05	-4.736781e-06	1.5364289e-05	-4.26054e-06	5.0765873e-05	-0.00012277425	0.00010916591	-0.00011493206	4.7284364e-05	-4.3364762e-05	1.6329885e-05	-6.251335e-06	1.6475917e-05	-1.758337e-07	7.293224e-05	-1.1424422e-05	2.5212764e-06	4.4112803e-05	4.4203996e-05	3.132999e-05	6.7189336e-05	-2.6524066e-07	-1.1643171e-05	-3.501177e-06	0.0003128141	-2.8856397e-05	6.888568e-05	-4.2766333e-06	1.9819736e-05	8.8953975e-06	-7.6866745e-05	1.3138056e-05	7.168472e-05	6.6845416e-05	0.000100985766	-3.9572118e-05	2.010703e-05	-0.00011153698	1.4185906e-07	-3.7465692e-05	-2.7005077e-05	2.7418136e-07	6.9921014e-05	4.342735e-05	-3.4760236e-05	-4.476309e-07	-3.3652188e-05	5.457103e-05	-6.6405537e-06	-8.418858e-05	0.00016584813	3.255308e-05	4.476249e-05	1.0721684e-05	2.6794673e-05	5.0880313e-05	-2.8745531e-05	-1.2204051e-05	-8.881688e-06	-4.111886e-05	-4.7522785e-06	1.2460351e-05	0.0004785657	2.0313262e-05	2.0582676e-05	2.6112796e-06	-5.2582025e-05	-0.000101471545	1.5136599e-05	3.20065e-05	-8.8799e-06	-0.00011235356	-2.3192167e-06	-1.0527969e-05	-7.235229e-05	3.7670137e-07	4.2851567e-05	-8.114696e-05	-5.069375e-06	1.4770627e-05	-3.6101937e-05	0.00017517447	1.0212064e-05	-7.8883764e-05	-3.2300948e-05	-8.247376e-05	8.6362365e-05	-3.0815602e-07	-8.9711546e-05	2.5160312e-05	-8.1287624e-05	-2.2143722e-05	1.5357733e-05	1.8847584e-05	1.4204979e-05	-7.167399e-05	-7.3885917e-06	0.00010922253	1.436472e-06	8.0443024e-05	4.1543244e-05	6.4067244e-05	-4.9136877e-05	1.4421344e-05	0.0	-5.7429074e-06	5.3089857e-06	-1.121223e-05	6.6607e-05	2.0869971e-05	-9.142756e-06	3.359735e-05	-1.401186e-05	5.169511e-06	-2.1016001e-05	-7.2910785e-05	-2.5419593e-05	4.229188e-05	-3.9390325e-05	3.5643578e-07	3.0237436e-06	-9.7445845e-05	6.0397386e-05	0.000101857186	1.9108056e-05	2.0902156e-05	-5.8312417e-05	1.7983317e-05	2.3018121e-05	2.229631e-05	1.4192462e-05	-7.456422e-05	2.9993057e-06	3.565669e-05	4.172325e-07	-0.00016683758	-0.0003221357	0.00013900101	1.5187263e-06	-3.3076405e-05	-3.8000344e-05	-7.876158e-06	7.1769355e-05	2.553761e-05	-4.1526555e-06	-4.2378306e-05	-1.4623403e-05	3.989935e-06	7.1326496e-05	-3.9785504e-05	-0.0001897186	1.1610985e-05	-7.7486035e-08	-5.056977e-05	0.00027796865	-9.741962e-05	-2.8495788e-05	-1.5916825e-05	-9.588421e-05	0.00060702267	6.298721e-05	0.00020116806	-2.46346e-06	-2.9331446e-05	0.00027920664	-3.5263896e-05	0.0005060011	-0.00017427742	-4.5687557e-05	1.0335445e-06	-5.619526e-06	-8.702755e-05	4.6761037e-05	1.8331408e-05	2.8309227e-05	1.1616349e-05	5.6922436e-05	-0.0001159358	-2.3028255e-05	3.778398e-05	1.1849404e-05	1.5678406e-05	-1.5071035e-05	-0.00021268129	-6.8198446e-05	2.9286743e-05	4.194856e-05	-7.21395e-06	-3.8564203e-06	0.00016622782	0.00016371607	4.6192406e-05	-2.8957724e-05	-1.5085339e-05	3.863573e-05	9.6559525e-08	8.025765e-06	-1.0394454e-05	-8.7082384e-07	-4.3346285e-05	1.6083717e-05	-7.402897e-07	3.3667682e-05	0.0001339686	-7.1703194e-05	8.878112e-06	0.00033290207	-5.644381e-05	8.485317e-06	-9.341717e-05	6.485641e-05	-2.7575494e-05	-2.9206277e-07	1.1033416e-05	1.3609529e-05	-5.728006e-07	0.00019944667	7.112026e-06	-1.2708902e-05	-1.7518401e-05	8.023381e-06	-6.1690807e-06	-5.5724977e-05	-0.00024259389	2.4092196e-06	5.383432e-05	-0.000121043326	1.2165308e-06	0.00010116637	-3.0468702e-05	-9.755969e-05	-1.3080836e-05	-7.299662e-05	2.735138e-05	-3.502667e-05	3.2502412e-06	3.791809e-05	-1.3638735e-05	-2.3037196e-06	5.589843e-05	2.4892688e-05	-2.1557807e-05	-4.87411e-05	-8.482873e-05	3.0348301e-05	8.951783e-05	-1.5342235e-06	4.4538378e-05	8.8214875e-08	2.4944543e-06	0.00017490625	-9.084344e-06	1.1105538e-05	-5.1903726e-06	0.0	-0.00010699868	2.3812056e-06	1.6257763e-05	-3.5065414e-06	-6.0371756e-05	4.9507616e-06	-4.580438e-05	-0.0001404804	3.786981e-05	4.9016475e-05	-2.5463105e-06	4.3631197e-05	0.00017901599	1.529157e-05	-7.4322226e-05	-0.00014776707	7.394433e-05	6.099582e-05	0.0001665628	3.8915873e-06	3.8766862e-05	0.0004085034	-2.5063753e-06	-1.2152195e-05	3.900349e-05	-2.2310019e-06	1.0858774e-05	-9.468198e-06	8.898974e-06	-3.3911467e-05	-7.0323345e-05	3.0858515e-05	-2.055049e-05	4.759729e-05	-5.2250027e-05	7.13861e-05	-2.6126503e-05	-4.3252112e-05	0.00019361198	-3.4579636e-05	2.814412e-05	0.00014772952	1.6009808e-06	1.6510487e-06	1.2596845e-05	5.0687195e-05	3.124416e-05	-0.00018929303	0.0001496613	2.9457211e-05	1.9598008e-06	0.00014653205	3.014803e-06	-3.9845705e-05	-2.0849704e-06	-7.430017e-05	-0.000136711	2.0881891e-05	-5.83601e-05	-1.4066696e-06	2.6953221e-05	6.0937404e-05	-3.1602383e-06	-3.169656e-05	-4.335761e-05	-2.1006465e-05
-1.3970799e-07	-1.6598845e-07	-1.9599392e-08	-2.8210067e-07	1.544715e-08	-1.6943824e-06	-2.3563036e-06	-2.4217802e-06	-5.055766e-07	-7.668437e-08	2.6716646e-07	-6.220011e-06	-6.388873e-09	-2.4565904e-07	-3.251598e-07	-3.1957316e-07	-3.828769e-08	-4.8388174e-06	-8.7825686e-07	-1.2892575e-07	-4.6924642e-06	-2.2462991e-07	-1.1235439e-06	-3.5106393e-07	2.1699758e-07	-3.3415272e-08	-5.4741117e-06	2.071858e-08	1.5632686e-08	5.6841383e-08	-2.1037107e-07	-2.0526586e-06	1.7624349e-07	-1.3491633e-07	-4.0244854e-06	-1.6087562e-06	-3.2778037e-06	-2.5984176e-07	-8.326504e-08	-7.73216e-08	8.57938e-07	1.5743964e-07	-2.5703305e-06	8.7193186e-08	-2.5900488e-06	-2.0823193e-06	-9.72685e-07	5.384587e-08	-1.6434686e-07	-6.485869e-07	-1.1901507e-06	-3.7578864e-09	6.257251e-08	8.703966e-08	4.0948215e-08	-2.6991818e-06	-3.5436858e-06	-5.1787106e-07	-7.599521e-06	-5.7881653e-06	-3.0343635e-06	1.9651198e-08	4.2368833e-07	-3.1392324e-06	-1.0198615e-06	-1.8114821e-07	-3.5322255e-06	3.3413524e-08	-2.5814202e-06	-7.3344984e-07	-8.787269e-06	-9.2458356e-07	-1.4103483e-07	2.7722052e-07	-1.1651947e-06	-1.312884e-06	3.170449e-07	-4.5378954e-07	-1.5627895e-06	-1.7367877e-06	2.1070146e-06	-1.5725242e-06	-2.0158507e-07	-1.9964835e-07	-8.2230093e-07	7.132432e-08	-1.1521984e-06	-3.4982734e-06	1.2988573e-06	-1.3161189e-08	-4.4683256e-07	-1.5423284e-08	-1.3919737e-06	-2.7132816e-07	-2.6812165e-07	1.0864023e-06	-1.9491679e-06	-4.2075994e-06	-3.65132e-07	-3.048979e-06	2.061612e-07	-7.343784e-08	-8.144857e-07	3.1608886e-07	-5.6487903e-07	-2.6770833e-06	1.9824364e-08	-6.835653e-07	-1.0324806e-06	-4.1921726e-07	-9.616197e-08	-5.9050654e-07	-1.4113219e-07	-2.720377e-07	-7.7327144e-07	-1.070874e-07	-1.2894677e-06	-2.2597237e-06	-2.185017e-06	-9.369102e-07	9.4664097e-07	4.0494925e-08	4.2764295e-08	-1.15082074e-07	6.1018945e-08	-7.2320586e-07	-5.6188946e-07	-4.9422454e-07	-1.1646538e-07	-2.2572902e-07	-1.2900724e-06	0.0	-1.9663494e-07	-3.4557962e-07	-2.5555319e-06	-4.775431e-07	-1.6301463e-07	-4.8734773e-07	-1.4678808e-07	-8.231432e-07	4.3140318e-08	-1.5100225e-06	-8.426985e-08	-2.358121e-06	-1.6924926e-06	4.80927e-07	-1.6763397e-06	2.914203e-07	5.4257356e-07	4.1269814e-08	8.898205e-08	-1.332407e-06	2.1019675e-07	-2.4934025e-06	1.6531368e-07	-2.8938433e-07	-7.864446e-06	-1.0177479e-07	-9.029881e-07	-2.2177562e-06	1.7739076e-08	-8.908217e-08	-5.315605e-07	-3.679768e-06	-7.841183e-08	-1.1931293e-06	-1.989081e-07	7.96582e-08	1.022339e-07	-5.2302784e-08	-5.748181e-06	-1.2238016e-07	-2.1525528e-07	4.786023e-08	-2.2012333e-07	8.938718e-08	-1.361853e-06	-3.264226e-07	-7.400906e-07	-5.634583e-07	-2.676595e-07	-6.448702e-06	-4.5754422e-08	1.2195487e-06	-1.852584e-06	-3.2715266e-06	-9.641255e-07	-3.260147e-06	-3.4002224e-07	-1.15331495e-07	1.2761069e-07	-6.539791e-07	-1.939862e-06	-1.6744704e-06	-4.0490195e-07	-7.8132985e-07	-1.293022e-06	-1.9674417e-06	-2.5896793e-06	6.873693e-07	3.5567922e-07	9.606825e-08	1.243563e-08	1.7856844e-07	-3.227529e-07	-4.4580997e-06	-3.362195e-06	-1.1445451e-06	-3.002178e-07	-1.6754159e-06	-4.176451e-06	-1.0273169e-06	-5.4683096e-06	-1.12790005e-07	-9.330906e-08	-1.697168e-06	7.080294e-07	-1.6936363e-07	-1.7196346e-06	-4.477281e-07	8.903032e-07	-2.164939e-06	-3.2557392e-07	5.3441763e-08	-1.1930243e-08	-4.6119763e-07	-1.4395546e-06	5.976312e-08	-2.2337276e-06	-6.346176e-07	-2.4624335e-06	1.3822657e-06	-1.5228981e-06	-4.64359e-06	-4.9443565e-06	-3.7233448e-07	8.8718343e-07	-1.0395798e-06	-3.2617775e-06	-4.881005e-07	-8.212035e-06	-4.5945345e-08	-3.78846e-08	-1.1238498e-06	-7.737355e-07	-1.337787e-06	-6.901397e-07	-1.7041963e-06	-6.602495e-09	1.5806974e-07	2.611558e-07	1.2312521e-08	-2.4620677e-08	3.9965917e-07	-1.9008701e-07	-1.2029694e-06	-1.4872948e-06	6.259943e-09	-2.948119e-07	-1.04815115e-07	4.102358e-07	-6.977093e-07	-1.1402957e-06	5.582624e-08	-1.289798e-06	-3.025678e-08	0.0	-2.3588088e-07	-3.3050665e-06	-1.3107267e-06	-1.931978e-06	-1.4176102e-06	1.8215316e-07	-1.2428063e-07	3.107048e-07	-3.041327e-07	4.4989247e-06	-1.4644132e-06	-2.4988828e-06	3.9145468e-07	-3.0805572e-06	-1.7724378e-07	-9.2676214e-07	-1.1275115e-08	-1.6003323e-08	2.4390292e-07	-4.775841e-07	-1.4372755e-06	-8.4445753e-07	-8.6723696e-07	-5.3775875e-06	-6.5940344e-07	-1.2228527e-07	-6.232367e-08	-1.4387745e-06	-8.53229e-07	-7.605496e-07	-6.626644e-07	-2.562243e-07	-1.1137322e-06	-1.9960178e-06	2.6065827e-08	-8.7356005e-07	-4.5546855e-07	-2.6191824e-06	-2.7068688e-07	-2.8131244e-06	-5.284125e-07	-2.5612636e-07	-1.9310914e-06	4.0076483e-07	-2.0312538e-07	-3.0085823e-07	6.898437e-08	-5.153556e-07	-3.7830132e-06	4.333156e-07	-2.2075503e-07	-8.606454e-08	-2.5630177e-06	0.0	-5.379939e-07	-8.80202e-07	-4.5059613e-07	-1.4377041e-06	1.9002618e-08	-8.3119666e-08	-1.3414918e-06	-1.5788611e-06	-3.3780798e-06	-6.5450045e-06	1.5191036e-08	-4.1220454e-07	5.1363503e-07	-1.003511e-06	7.2734836e-09	2.4600652e-07	-3.077233e-06	2.6713342e-06	-5.2801175e-07	4.093694e-07	-4.2185363e-07	-1.0212892e-06	5.6672815e-07	-1.8371268e-06	-5.718757e-09	-1.5580747e-06	-1.3619375e-06	-8.9282725e-07	-1.9222812e-06	-7.335248e-07	-7.1326576e-07	-4.6295316e-08	-4.6203104e-06	-4.6539978e-07	-1.5831995e-06	-3.7296588e-06	-3.1108148e-06	-4.4857924e-07	-7.160849e-07	1.16257e-07	-3.694251e-07	-7.8396755e-07	-1.2847261e-06	-1.3255827e-06	-1.7509487e-06	-5.113306e-07	5.7908036e-08	1.8359279e-08	2.6648049e-08	-2.4432975e-06	1.12184935e-07	-1.6663314e-06	-1.631894e-07	-8.188363e-10	-2.4667926e-07	-2.2300897e-07	3.398047e-08	-4.5440537e-08	-2.7573915e-07	1.43295615e-08	-3.5329438e-06	-1.1727084e-06	-2.1769413e-06	-1.85469e-06	3.456975e-07	-8.4925426e-07	-8.452625e-09	-8.217641e-08	-7.9249253e-07	-8.904474e-07	7.2959374e-08	1.5968399e-07	-3.968319e-07	5.533395e-08	9.0669533e-07	-1.0212584e-06	1.3772791e-07	-1.2841701e-07	-6.3319794e-07	1.0434742e-07	-3.9622552e-07	-2.1204978e-07	-9.729854e-07	-2.797477e-06	1.428058e-07	-3.8148137e-08	1.03890194e-07	-2.6685709e-07	-5.335707e-08	-7.8366065e-07	-1.070926e-06	7.280701e-08	-1.6445844e-06	-1.4346588e-07	-1.3231403e-06	-1.085905e-06	-2.9382164e-07	-1.9165334e-06	-1.4373992e-06	-2.6315818e-06	-3.1138513e-06	-1.0116084e-07	-2.706291e-07	-4.7243175e-06	4.068308e-08	2.2223476e-06	-4.743488e-09	-1.2323638e-06	-8.7056105e-07	1.187023e-07	-2.9953458e-07	-4.3423745e-07	5.7457218e-08	-2.013895e-06	-1.8496516e-05	2.7891278e-07	-1.7175112e-06	-7.111965e-07	-2.4133172e-07	1.349012e-07	-1.6938808e-06	-2.4542899e-06	6.4708004e-08	-4.85419e-07	-1.1505377e-06	1.4872077e-06	-2.4181622e-06	5.2875404e-08	-3.3192475e-06	1.3338431e-08	-1.8049336e-06	2.9515584e-06	-1.9891857e-07	-1.859956e-06	-7.1259916e-07	-2.082874e-06	1.8324616e-07	-1.3737789e-06	-1.2515077e-06	3.6261133e-07	-4.5960363e-07	-9.011687e-07	-1.2399262e-06	-7.8083104e-07	2.6836437e-07	2.9305083e-08	1.1056492e-06	-1.6036205e-06	-2.9650803e-06	-3.9299223e-07	2.3537577e-08	-5.7076164e-07	-7.0444844e-07	8.5620705e-08	-4.915691e-07	3.836835e-07	-6.033821e-08	7.1639994e-07	-2.5661152e-06	-2.6517708e-07	-1.0854737e-06	-9.604462e-07	-2.8371387e-06	-1.3455851e-06	4.010108e-06	9.6367145e-08	-3.501198e-06	-1.0393803e-06	2.278389e-07	-1.93262e-06	5.3341935e-08	-5.055091e-07	-3.6653365e-09	-3.3327174e-07	1.4200195e-07	-1.5549129e-07	5.7455765e-08	-2.5427667e-06	-4.7966563e-07
0.0	0.0	0.0	0.0	0.0	0.0	0.0	0.0	0.0	0.0	0.0	0.0	0.0	0.0	0.0	0.0	0.0	0.0	0.0	0.0	0.0	0.0	0.0	0.0	0.0	0.0	0.0	0.0	0.0	0.0	0.0	0.0	0.0	0.0	0.0	0.0	0.0	0.0	0.0	0.0	0.0	0.0	0.0	0.0	0.0	0.0	0.0	0.0	0.0	0.0	0.0	0.0	0.0	0.0	0.0	0.0	0.0	0.0	0.0	0.0	0.0	0.0	0.0	0.0	0.0	0.0	0.0	0.0	0.0	0.0	0.0	0.0	0.0	0.0	0.0	0.0	0.0	0.0	0.0	0.0	0.0	0.0	0.0	0.0	0.0	0.0	0.0	0.0	0.0	0.0	0.0	0.0	0.0	0.0	0.0	0.0	0.0	0.0	0.0	0.0	0.0	0.0	0.0	0.0	0.0	0.0	0.0	0.0	0.0	0.0	0.0	0.0	0.0	0.0	0.0	0.0	0.0	0.0	0.0	0.0	0.0	0.0	0.0	0.0	0.0	0.0	0.0	0.0	0.0	0.0	0.0	0.0	0.0	0.0	0.0	0.0	0.0	0.0	0.0	0.0	0.0	0.0	0.0	0.0	0.0	0.0	0.0	0.0	0.0	0.0	0.0	0.0	0.0	0.0	0.0	0.0	0.0	0.0	0.0	0.0	0.0	0.0	0.0	0.0	0.0	0.0	0.0	0.0	0.0	0.0	0.0	0.0	0.0	0.0	0.0	0.0	0.0	0.0	0.0	0.0	0.0	0.0	0.0	0.0	0.0	0.0	0.0	0.0	0.0	0.0	0.0	0.0	0.0	0.0	0.0	0.0	0.0	0.0	0.0	0.0	0.0	0.0	0.0	0.0	0.0	0.0	0.0	0.0	0.0	0.0	0.0	0.0	0.0	0.0	0.0	0.0	0.0	0.0	0.0	0.0	0.0	0.0	0.0	0.0	0.0	0.0	0.0	0.0	0.0	0.0	0.0	0.0	0.0	0.0	0.0	0.0	0.0	0.0	0.0	0.0	0.0	0.0	0.0	0.0	0.0	0.0	0.0	0.0	0.0	0.0	0.0	0.0	0.0	0.0	0.0	0.0	0.0	0.0	0.0	0.0	0.0	0.0	0.0	0.0	0.0	0.0	0.0	0.0	0.0	0.0	0.0	0.0	0.0	0.0	0.0	0.0	0.0	0.0	0.0	0.0	0.0	0.0	0.0	0.0	0.0	0.0	0.0	0.0	0.0	0.0	0.0	0.0	0.0	0.0	0.0	0.0	0.0	0.0	0.0	0.0	0.0	0.0	0.0	0.0	0.0	0.0	0.0	0.0	0.0	0.0	0.0	0.0	0.0	0.0	0.0	0.0	0.0	0.0	0.0	0.0	0.0	0.0	0.0	0.0	0.0	0.0	0.0	0.0	0.0	0.0	0.0	0.0	0.0	0.0	0.0	0.0	0.0	0.0	0.0	0.0	0.0	0.0	0.0	0.0	0.0	0.0	0.0	0.0	0.0	0.0	0.0	0.0	0.0	0.0	0.0	0.0	0.0	0.0	0.0	0.0	0.0	0.0	0.0	0.0	0.0	0.0	0.0	0.0	0.0	0.0	0.0	0.0	0.0	0.0	0.0	0.0	0.0	0.0	0.0	0.0	0.0	0.0	0.0	0.0	0.0	0.0	0.0	0.0	0.0	0.0	0.0	0.0	0.0	0.0	0.0	0.0	0.0	0.0	0.0	0.0	0.0	0.0	0.0	0.0	0.0	0.0	0.0	0.0	0.0	0.0	0.0	0.0	0.0	0.0	0.0	0.0	0.0	0.0	0.0	0.0	0.0	0.0	0.0	0.0	0.0	0.0	0.0	0.0	0.0	0.0	0.0	0.0	0.0	0.0	0.0	0.0	0.0	0.0	0.0	0.0	0.0	0.0	0.0	0.0	0.0	0.0	0.0	0.0	0.0	0.0	0.0	0.0	0.0	0.0	0.0	0.0	0.0	0.0	0.0	0.0	0.0	0.0	0.0	0.0	0.0	0.0	0.0	0.0	0.0	0.0	0.0	0.0	0.0	0.0	0.0	0.0	0.0	0.0	0.0	0.0	0.0	0.0	0.0	0.0	0.0	0.0	0.0	0.0	0.0	0.0	0.0	0.0	0.0	0.0	0.0	0.0	0.0	0.0	0.0	0.0
-3.436971e-16	1.2629018e-16	-1.2191718e-17	-1.4139108e-16	-9.757684e-18	-6.5756226e-16	-1.0896188e-15	-7.3744165e-16	-2.7741536e-16	-1.547868e-16	-1.6526425e-16	-1.6308074e-15	1.1617782e-16	-1.7589703e-16	-6.1899257e-16	-8.544619e-16	-3.9525133e-16	-1.79837e-15	-7.784043e-16	-3.514322e-16	-6.3244954e-16	-2.925641e-16	-6.738223e-16	-7.258219e-17	2.7513935e-17	-4.895451e-16	-7.369966e-16	-1.7689707e-17	-5.880157e-17	-1.2397839e-16	1.9548978e-17	-8.4470234e-16	-2.947805e-16	-3.8800884e-18	-1.0117252e-15	-4.492026e-16	-1.0396055e-15	-2.0567804e-16	-1.10927706e-16	1.340345e-19	-1.0116046e-15	-1.7013639e-16	-1.36708405e-17	1.10053164e-16	-9.106414e-16	-2.1314283e-16	-9.344304e-16	1.416559e-16	-1.2197681e-17	-5.1742114e-16	-8.7222005e-16	-9.143348e-17	-5.0728466e-17	8.236277e-18	-5.2233854e-16	-1.1221815e-15	1.2248055e-16	-5.695314e-17	-1.519405e-16	-5.803187e-16	-2.0775613e-15	-1.2270626e-15	1.552627e-16	-1.6303992e-15	-7.310574e-16	6.516258e-17	-1.6558239e-15	-1.3927607e-16	-7.232245e-16	-5.577925e-16	-1.5984921e-16	-5.7019113e-16	-7.0427793e-16	-9.010833e-16	-8.145009e-16	-2.2317815e-16	-4.9660943e-16	-8.482596e-16	-8.479923e-16	-6.8856034e-16	-2.3971168e-17	-4.2520863e-16	-3.087419e-16	-8.4337376e-17	-1.0181529e-15	-7.546565e-16	-9.095753e-16	-1.7064523e-15	-4.6063536e-16	-3.235544e-15	-7.401035e-19	-6.062547e-17	-7.360619e-16	-5.42079e-16	4.4771045e-17	-2.5018779e-17	3.2910645e-16	-1.4726592e-15	-1.0100604e-16	-9.465343e-16	-1.173985e-16	-1.0592615e-16	-7.62183e-16	8.8633256e-17	-7.641346e-16	-1.0720919e-15	-4.9646295e-17	-1.5026453e-16	-3.6083413e-16	-1.0516598e-16	-3.2337725e-16	-4.1208044e-16	5.641714e-17	-2.5849413e-18	-4.194892e-16	-4.593225e-16	-7.867646e-16	-1.270795e-15	-1.1898097e-15	-1.0981456e-15	-8.034683e-17	-1.527649e-16	-2.0366738e-17	-2.7565488e-16	-4.7874196e-16	-7.7136077e-16	-2.2811505e-16	-7.727159e-16	9.277706e-16	6.781142e-16	-3.5787685e-17	0.0	3.7438626e-16	-2.0193157e-16	-3.826917e-16	-1.700315e-16	-4.4770638e-17	-6.671803e-16	3.4222096e-17	-8.508809e-16	-8.0022114e-17	-1.3613578e-15	-3.0289168e-16	-1.5010008e-15	-1.3240582e-15	-3.4781327e-16	-1.3795452e-15	-5.241571e-16	-3.9245204e-17	5.3878045e-16	-1.2623745e-16	-9.660308e-16	-5.988713e-17	-7.152759e-16	-2.9179676e-17	-9.812382e-17	-5.1697475e-16	-9.9344226e-17	-2.6902878e-16	6.817618e-16	-1.1269441e-16	-7.3372736e-16	-9.394286e-16	-6.8946854e-17	0.0	-9.552346e-16	-5.4841115e-17	-7.5810805e-17	-8.6057e-16	-1.0149392e-15	-8.709742e-16	-1.9204541e-16	-1.8235386e-16	-2.52077e-17	-2.4205626e-16	-9.984036e-16	-1.0324853e-15	-6.602016e-16	-5.4878396e-16	-8.0898163e-16	-2.556249e-16	4.5445287e-16	-3.73673e-17	1.1818305e-16	-7.6219736e-16	-3.405172e-16	-8.0500074e-16	-7.53469e-16	-3.361882e-16	1.9797532e-17	-1.2516517e-16	-2.4459466e-16	-2.961295e-16	-2.358404e-17	-3.4185572e-16	-4.4275157e-17	-1.4319669e-15	-3.74761e-16	-1.4507564e-15	2.6518603e-16	-3.4078764e-16	-3.727464e-16	-4.79422e-17	-1.0897899e-16	-9.0822803e-17	-9.677375e-16	-8.1116253e-16	-6.8772135e-16	-1.1544679e-16	-9.474116e-16	-3.921858e-16	-3.0857606e-16	-9.903361e-16	-2.8783536e-17	-4.1334774e-16	-7.116292e-16	-6.1806194e-16	-2.0065858e-16	-4.732907e-16	-1.6080113e-15	-1.3134106e-16	-7.5952184e-16	-6.08224e-16	-6.416501e-16	3.8809422e-17	-4.30095e-16	-8.56429e-16	-3.0081502e-16	-8.3285526e-16	-4.812986e-16	-8.016881e-16	-7.582222e-16	-2.9265733e-17	-1.0786233e-15	-4.7557554e-16	-2.7865311e-16	9.7923514e-17	-2.1200327e-16	-1.2195209e-15	-3.0282513e-16	-1.1051185e-15	-5.1950496e-17	2.2231565e-18	-1.3911574e-16	-8.058265e-16	-8.487167e-16	-5.952659e-16	-6.4729093e-16	1.726436e-16	-1.3460085e-16	-4.842311e-16	-3.0024267e-17	-2.6521904e-16	-7.095092e-16	8.66142e-19	-1.0016574e-15	-9.485407e-16	-4.989363e-17	-5.775369e-17	-3.5600334e-16	-1.0149987e-15	-2.3439855e-16	-9.462748e-16	-4.909346e-16	-4.5208155e-16	-2.1324387e-16	-9.786145e-18	-3.5219847e-16	-8.1684877e-16	-1.3759834e-15	-1.2239016e-16	-1.0387004e-15	-7.730606e-17	-2.0324034e-16	-4.9776807e-16	-2.245586e-16	2.7972823e-17	-6.327065e-16	-4.9056347e-16	-1.1667244e-15	-1.3648823e-15	-3.5087398e-16	-6.566156e-16	-9.850044e-17	-3.7438314e-17	8.432924e-18	-1.382477e-16	-4.657597e-17	-7.3785866e-16	-3.3818394e-16	-4.997903e-16	-3.1320176e-16	-4.9202043e-17	-1.777132e-16	-8.797635e-16	-1.07538e-15	-4.56156e-16	-1.6445816e-16	2.3884553e-16	1.0358061e-17	-7.892772e-16	5.407499e-16	-4.9216775e-16	-1.7938057e-16	-1.1353152e-15	-4.7676234e-16	-1.0508592e-15	3.15376e-16	5.3347895e-17	-7.8201253e-16	-4.648391e-16	-2.1232122e-15	-5.646959e-17	-1.6482854e-17	-3.5751974e-16	-2.1113957e-17	3.7563635e-16	-7.395614e-18	-2.0311566e-16	-9.788334e-16	-1.6969797e-17	-7.240726e-16	-1.8861465e-15	-6.145854e-17	-6.9209665e-16	-5.7500445e-16	8.843241e-17	-9.090828e-16	-5.5635236e-16	-8.0226096e-16	-6.844407e-16	3.7145985e-17	-5.3365013e-16	1.3689319e-16	-5.811004e-16	-5.0820717e-16	5.3888914e-18	-1.2561572e-15	3.772564e-16	-2.9693844e-16	7.682629e-17	-9.589199e-17	-2.7414703e-16	-5.563006e-16	-1.0074511e-15	-1.3660215e-16	-6.1974637e-16	-8.906776e-16	-4.3325533e-17	-4.7158e-16	3.288793e-16	-6.070471e-16	6.8659812e-18	-1.5091611e-15	-7.415753e-17	-1.0986816e-15	-1.02375115e-16	-2.6889746e-16	-5.0673984e-17	-2.2387907e-16	-5.739882e-17	-2.8864998e-16	-4.842867e-16	-1.1487818e-15	-8.758192e-16	-7.279926e-16	-1.7393001e-16	-1.1887287e-16	-2.4682405e-16	-7.3495964e-16	-3.6746079e-16	-4.671353e-17	-3.641888e-16	-6.6460376e-17	-3.9585304e-17	-1.8913149e-16	-2.829246e-16	6.3310265e-16	-1.7414997e-17	2.585257e-16	7.8322696e-16	-6.1205807e-16	-1.6259044e-15	-1.0067878e-15	-7.694746e-16	5.334314e-16	-8.401701e-16	-3.7912516e-17	3.105968e-18	-5.9735066e-17	-4.585434e-16	-1.8202942e-17	-3.5556815e-17	-2.8447215e-16	-8.909418e-17	-6.801248e-16	-6.558552e-16	-5.732489e-17	-4.952934e-17	-1.5660297e-16	1.9690466e-18	-8.8161873e-16	-2.2340527e-17	-9.7505015e-18	-9.951852e-16	-6.5204406e-16	-4.2023948e-17	-2.0327809e-16	-1.9402977e-16	-6.3588876e-16	-5.0031145e-16	-5.5694746e-16	-6.0840007e-18	-9.25867e-16	0.0	-2.6678414e-16	-5.462242e-16	-1.9700306e-16	7.376369e-17	-7.2718234e-16	-9.308402e-16	-6.4921836e-16	-7.9874974e-16	5.4521952e-17	2.9325784e-16	8.494781e-16	2.7943683e-17	-5.5867584e-18	4.8068984e-17	1.1357709e-16	7.855329e-17	0.0	-1.0741191e-16	5.2370624e-17	-1.224898e-15	-9.351044e-16	2.6959229e-17	-2.2820436e-16	-3.940297e-16	-7.77789e-17	-6.2141046e-18	-9.015926e-16	-3.6404073e-16	3.3032253e-17	-2.0226428e-16	1.200451e-16	-3.0115002e-16	1.0173855e-16	-1.3875186e-16	-2.620575e-16	-1.3944317e-16	-1.2321785e-15	-9.0931495e-17	-7.770682e-16	-5.094063e-16	-3.176249e-16	-3.4119355e-16	-2.5986497e-16	2.9719335e-17	-6.3737943e-16	-1.5407069e-16	-5.416235e-16	-2.9559822e-17	-3.4905264e-16	-2.1309994e-17	-7.915353e-18	1.00051664e-16	-2.5230983e-16	-5.245392e-16	-2.9914316e-16	-1.4137916e-16	-2.6685995e-16	-9.180306e-17	-3.3723092e-16	-2.9250284e-17	-6.617303e-16	-8.112017e-16	-1.6782691e-16	-5.492812e-17	-8.588369e-16	-3.5509546e-16	-1.0803202e-15	-3.4552576e-16	-8.420966e-16	-2.3544914e-16	4.097417e-17	4.5148957e-17	-5.810375e-17	-1.9333792e-16	-6.538632e-16	-8.0914686e-16	-4.6356417e-18	-3.056866e-16	-7.1281416e-17	-4.7450087e-16	4.1367193e-17	-6.12235e-16	-3.701507e-17	-5.360371e-16	-2.9755847e-16
0.0	0.0	0.0	0.0	0.0	0.0	0.0	0.0	0.0	0.0	0.0	0.0	0.0	0.0	0.0	0.0	0.0	0.0	0.0	0.0	0.0	0.0	0.0	0.0	0.0	0.0	0.0	0.0	0.0	0.0	0.0	0.0	0.0	0.0	0.0	0.0	0.0	0.0	0.0	0.0	0.0	0.0	0.0	0.0	0.0	0.0	0.0	0.0	0.0	0.0	0.0	0.0	0.0	0.0	0.0	0.0	0.0	0.0	0.0	0.0	0.0	0.0	0.0	0.0	0.0	0.0	0.0	0.0	0.0	0.0	0.0	0.0	0.0	0.0	0.0	0.0	0.0	0.0	0.0	0.0	0.0	0.0	0.0	0.0	0.0	0.0	0.0	0.0	0.0	0.0	0.0	0.0	0.0	0.0	0.0	0.0	0.0	0.0	0.0	0.0	0.0	0.0	0.0	0.0	0.0	0.0	0.0	0.0	0.0	0.0	0.0	0.0	0.0	0.0	0.0	0.0	0.0	0.0	0.0	0.0	0.0	0.0	0.0	0.0	0.0	0.0	0.0	0.0	0.0	0.0	0.0	0.0	0.0	0.0	0.0	0.0	0.0	0.0	0.0	0.0	0.0	0.0	0.0	0.0	0.0	0.0	0.0	0.0	0.0	0.0	0.0	0.0	0.0	0.0	0.0	0.0	0.0	0.0	0.0	0.0	0.0	0.0	0.0	0.0	0.0	0.0	0.0	0.0	0.0	0.0	0.0	0.0	0.0	0.0	0.0	0.0	0.0	0.0	0.0	0.0	0.0	0.0	0.0	0.0	0.0	0.0	0.0	0.0	0.0	0.0	0.0	0.0	0.0	0.0	0.0	0.0	0.0	0.0	0.0	0.0	0.0	0.0	0.0	0.0	0.0	0.0	0.0	0.0	0.0	0.0	0.0	0.0	0.0	0.0	0.0	0.0	0.0	0.0	0.0	0.0	0.0	0.0	0.0	0.0	0.0	0.0	0.0	0.0	0.0	0.0	0.0	0.0	0.0	0.0	0.0	0.0	0.0	0.0	0.0	0.0	0.0	0.0	0.0	0.0	0.0	0.0	0.0	0.0	0.0	0.0	0.0	0.0	0.0	0.0	0.0	0.0	0.0	0.0	0.0	0.0	0.0	0.0	0.0	0.0	0.0	0.0	0.0	0.0	0.0	0.0	0.0	0.0	0.0	0.0	0.0	0.0	0.0	0.0	0.0	0.0	0.0	0.0	0.0	0.0	0.0	0.0	0.0	0.0	0.0	0.0	0.0	0.0	0.0	0.0	0.0	0.0	0.0	0.0	0.0	0.0	0.0	0.0	0.0	0.0	0.0	0.0	0.0	0.0	0.0	0.0	0.0	0.0	0.0	0.0	0.0	0.0	0.0	0.0	0.0	0.0	0.0	0.0	0.0	0.0	0.0	0.0	0.0	0.0	0.0	0.0	0.0	0.0	0.0	0.0	0.0	0.0	0.0	0.0	0.0	0.0	0.0	0.0	0.0	0.0	0.0	0.0	0.0	0.0	0.0	0.0	0.0	0.0	0.0	0.0	0.0	0.0	0.0	0.0	0.0	0.0	0.0	0.0	0.0	0.0	0.0	0.0	0.0	0.0	0.0	0.0	0.0	0.0	0.0	0.0	0.0	0.0	0.0	0.0	0.0	0.0	0.0	0.0	0.0	0.0	0.0	0.0	0.0	0.0	0.0	0.0	0.0	0.0	0.0	0.0	0.0	0.0	0.0	0.0	0.0	0.0	0.0	0.0	0.0	0.0	0.0	0.0	0.0	0.0	0.0	0.0	0.0	0.0	0.0	0.0	0.0	0.0	0.0	0.0	0.0	0.0	0.0	0.0	0.0	0.0	0.0	0.0	0.0	0.0	0.0	0.0	0.0	0.0	0.0	0.0	0.0	0.0	0.0	0.0	0.0	0.0	0.0	0.0	0.0	0.0	0.0	0.0	0.0	0.0	0.0	0.0	0.0	0.0	0.0	0.0	0.0	0.0	0.0	0.0	0.0	0.0	0.0	0.0	0.0	0.0	0.0	0.0	0.0	0.0	0.0	0.0	0.0	0.0	0.0	0.0	0.0	0.0	0.0	0.0	0.0	0.0	0.0	0.0	0.0	0.0	0.0	0.0	0.0	0.0	0.0	0.0	0.0	0.0	0.0	0.0	0.0	0.0	0.0	0.0	0.0	0.0
0.0	0.0	0.0	0.0	0.0	0.0	0.0	0.0	0.0	0.0	0.0	0.0	0.0	0.0	0.0	0.0	0.0	0.0	0.0	0.0	0.0	0.0	0.0	0.0	0.0	0.0	0.0	0.0	0.0	0.0	0.0	0.0	0.0	0.0	0.0	0.0	0.0	0.0	0.0	0.0	0.0	0.0	0.0	0.0	0.0	0.0	0.0	0.0	0.0	0.0	0.0	0.0	0.0	0.0	0.0	0.0	0.0	0.0	0.0	0.0	0.0	0.0	0.0	0.0	0.0	0.0	0.0	0.0	0.0	0.0	0.0	0.0	0.0	0.0	0.0	0.0	0.0	0.0	0.0	0.0	0.0	0.0	0.0	0.0	0.0	0.0	0.0	0.0	0.0	0.0	0.0	0.0	0.0	0.0	0.0	0.0	0.0	0.0	0.0	0.0	0.0	0.0	0.0	0.0	0.0	0.0	0.0	0.0	0.0	0.0	0.0	0.0	0.0	0.0	0.0	0.0	0.0	0.0	0.0	0.0	0.0	0.0	0.0	0.0	0.0	0.0	0.0	0.0	0.0	0.0	0.0	0.0	0.0	0.0	0.0	0.0	0.0	0.0	0.0	0.0	0.0	0.0	0.0	0.0	0.0	0.0	0.0	0.0	0.0	0.0	0.0	0.0	0.0	0.0	0.0	0.0	0.0	0.0	0.0	0.0	0.0	0.0	0.0	0.0	0.0	0.0	0.0	0.0	0.0	0.0	0.0	0.0	0.0	0.0	0.0	0.0	0.0	0.0	0.0	0.0	0.0	0.0	0.0	0.0	0.0	0.0	0.0	0.0	0.0	0.0	0.0	0.0	0.0	0.0	0.0	0.0	0.0	0.0	0.0	0.0	0.0	0.0	0.0	0.0	0.0	0.0	0.0	0.0	0.0	0.0	0.0	0.0	0.0	0.0	0.0	0.0	0.0	0.0	0.0	0.0	0.0	0.0	0.0	0.0	0.0	0.0	0.0	0.0	0.0	0.0	0.0	0.0	0.0	0.0	0.0	0.0	0.0	0.0	0.0	0.0	0.0	0.0	0.0	0.0	0.0	0.0	0.0	0.0	0.0	0.0	0.0	0.0	0.0	0.0	0.0	0.0	0.0	0.0	0.0	0.0	0.0	0.0	0.0	0.0	0.0	0.0	0.0	0.0	0.0	0.0	0.0	0.0	0.0	0.0	0.0	0.0	0.0	0.0	0.0	0.0	0.0	0.0	0.0	0.0	0.0	0.0	0.0	0.0	0.0	0.0	0.0	0.0	0.0	0.0	0.0	0.0	0.0	0.0	0.0	0.0	0.0	0.0	0.0	0.0	0.0	0.0	0.0	0.0	0.0	0.0	0.0	0.0	0.0	0.0	0.0	0.0	0.0	0.0	0.0	0.0	0.0	0.0	0.0	0.0	0.0	0.0	0.0	0.0	0.0	0.0	0.0	0.0	0.0	0.0	0.0	0.0	0.0	0.0	0.0	0.0	0.0	0.0	0.0	0.0	0.0	0.0	0.0	0.0	0.0	0.0	0.0	0.0	0.0	0.0	0.0	0.0	0.0	0.0	0.0	0.0	0.0	0.0	0.0	0.0	0.0	0.0	0.0	0.0	0.0	0.0	0.0	0.0	0.0	0.0	0.0	0.0	0.0	0.0	0.0	0.0	0.0	0.0	0.0	0.0	0.0	0.0	0.0	0.0	0.0	0.0	0.0	0.0	0.0	0.0	0.0	0.0	0.0	0.0	0.0	0.0	0.0	0.0	0.0	0.0	0.0	0.0	0.0	0.0	0.0	0.0	0.0	0.0	0.0	0.0	0.0	0.0	0.0	0.0	0.0	0.0	0.0	0.0	0.0	0.0	0.0	0.0	0.0	0.0	0.0	0.0	0.0	0.0	0.0	0.0	0.0	0.0	0.0	0.0	0.0	0.0	0.0	0.0	0.0	0.0	0.0	0.0	0.0	0.0	0.0	0.0	0.0	0.0	0.0	0.0	0.0	0.0	0.0	0.0	0.0	0.0	0.0	0.0	0.0	0.0	0.0	0.0	0.0	0.0	0.0	0.0	0.0	0.0	0.0	0.0	0.0	0.0	0.0	0.0	0.0	0.0	0.0	0.0	0.0	0.0	0.0	0.0	0.0	0.0	0.0	0.0	0.0	0.0	0.0	0.0	0.0	0.0	0.0	0.0	0.0	0.0
0.0	0.0	0.0	0.0	0.0	0.0	0.0	0.0	0.0	0.0	0.0	0.0	0.0	0.0	0.0	0.0	0.0	0.0	0.0	0.0	0.0	0.0	0.0	0.0	0.0	0.0	0.0	0.0	0.0	0.0	0.0	0.0	0.0	0.0	0.0	0.0	0.0	0.0	0.0	0.0	0.0	0.0	0.0	0.0	0.0	0.0	0.0	0.0	0.0	0.0	0.0	0.0	0.0	0.0	0.0	0.0	0.0	0.0	0.0	0.0	0.0	0.0	0.0	0.0	0.0	0.0	0.0	0.0	0.0	0.0	0.0	0.0	0.0	0.0	0.0	0.0	0.0	0.0	0.0	0.0	0.0	0.0	0.0	0.0	0.0	0.0	0.0	0.0	0.0	0.0	0.0	0.0	0.0	0.0	0.0	0.0	0.0	0.0	0.0	0.0	0.0	0.0	0.0	0.0	0.0	0.0	0.0	0.0	0.0	0.0	0.0	0.0	0.0	0.0	0.0	0.0	0.0	0.0	0.0	0.0	0.0	0.0	0.0	0.0	0.0	0.0	0.0	0.0	0.0	0.0	0.0	0.0	0.0	0.0	0.0	0.0	0.0	0.0	0.0	0.0	0.0	0.0	0.0	0.0	0.0	0.0	0.0	0.0	0.0	0.0	0.0	0.0	0.0	0.0	0.0	0.0	0.0	0.0	0.0	0.0	0.0	0.0	0.0	0.0	0.0	0.0	0.0	0.0	0.0	0.0	0.0	0.0	0.0	0.0	0.0	0.0	0.0	0.0	0.0	0.0	0.0	0.0	0.0	0.0	0.0	0.0	0.0	0.0	0.0	0.0	0.0	0.0	0.0	0.0	0.0	0.0	0.0	0.0	0.0	0.0	0.0	0.0	0.0	0.0	0.0	0.0	0.0	0.0	0.0	0.0	0.0	0.0	0.0	0.0	0.0	0.0	0.0	0.0	0.0	0.0	0.0	0.0	0.0	0.0	0.0	0.0	0.0	0.0	0.0	0.0	0.0	0.0	0.0	0.0	0.0	0.0	0.0	0.0	0.0	0.0	0.0	0.0	0.0	0.0	0.0	0.0	0.0	0.0	0.0	0.0	0.0	0.0	0.0	0.0	0.0	0.0	0.0	0.0	0.0	0.0	0.0	0.0	0.0	0.0	0.0	0.0	0.0	0.0	0.0	0.0	0.0	0.0	0.0	0.0	0.0	0.0	0.0	0.0	0.0	0.0	0.0	0.0	0.0	0.0	0.0	0.0	0.0	0.0	0.0	0.0	0.0	0.0	0.0	0.0	0.0	0.0	0.0	0.0	0.0	0.0	0.0	0.0	0.0	0.0	0.0	0.0	0.0	0.0	0.0	0.0	0.0	0.0	0.0	0.0	0.0	0.0	0.0	0.0	0.0	0.0	0.0	0.0	0.0	0.0	0.0	0.0	0.0	0.0	0.0	0.0	0.0	0.0	0.0	0.0	0.0	0.0	0.0	0.0	0.0	0.0	0.0	0.0	0.0	0.0	0.0	0.0	0.0	0.0	0.0	0.0	0.0	0.0	0.0	0.0	0.0	0.0	0.0	0.0	0.0	0.0	0.0	0.0	0.0	0.0	0.0	0.0	0.0	0.0	0.0	0.0	0.0	0.0	0.0	0.0	0.0	0.0	0.0	0.0	0.0	0.0	0.0	0.0	0.0	0.0	0.0	0.0	0.0	0.0	0.0	0.0	0.0	0.0	0.0	0.0	0.0	0.0	0.0	0.0	0.0	0.0	0.0	0.0	0.0	0.0	0.0	0.0	0.0	0.0	0.0	0.0	0.0	0.0	0.0	0.0	0.0	0.0	0.0	0.0	0.0	0.0	0.0	0.0	0.0	0.0	0.0	0.0	0.0	0.0	0.0	0.0	0.0	0.0	0.0	0.0	0.0	0.0	0.0	0.0	0.0	0.0	0.0	0.0	0.0	0.0	0.0	0.0	0.0	0.0	0.0	0.0	0.0	0.0	0.0	0.0	0.0	0.0	0.0	0.0	0.0	0.0	0.0	0.0	0.0	0.0	0.0	0.0	0.0	0.0	0.0	0.0	0.0	0.0	0.0	0.0	0.0	0.0	0.0	0.0	0.0	0.0	0.0	0.0	0.0	0.0	0.0	0.0	0.0	0.0	0.0	0.0	0.0	0.0	0.0	0.0	0.0	0.0	0.0	0.0	0.0	0.0
0.0	0.0	0.0	0.0	0.0	0.0	0.0	0.0	0.0	0.0	0.0	0.0	0.0	0.0	0.0	0.0	0.0	0.0	0.0	0.0	0.0	0.0	0.0	0.0	0.0	0.0	0.0	0.0	0.0	0.0	0.0	0.0	0.0	0.0	0.0	0.0	0.0	0.0	0.0	0.0	0.0	0.0	0.0	0.0	0.0	0.0	0.0	0.0	0.0	0.0	0.0	0.0	0.0	0.0	0.0	0.0	0.0	0.0	0.0	0.0	0.0	0.0	0.0	0.0	0.0	0.0	0.0	0.0	0.0	0.0	0.0	0.0	0.0	0.0	0.0	0.0	0.0	0.0	0.0	0.0	0.0	0.0	0.0	0.0	0.0	0.0	0.0	0.0	0.0	0.0	0.0	0.0	0.0	0.0	0.0	0.0	0.0	0.0	0.0	0.0	0.0	0.0	0.0	0.0	0.0	0.0	0.0	0.0	0.0	0.0	0.0	0.0	0.0	0.0	0.0	0.0	0.0	0.0	0.0	0.0	0.0	0.0	0.0	0.0	0.0	0.0	0.0	0.0	0.0	0.0	0.0	0.0	0.0	0.0	0.0	0.0	0.0	0.0	0.0	0.0	0.0	0.0	0.0	0.0	0.0	0.0	0.0	0.0	0.0	0.0	0.0	0.0	0.0	0.0	0.0	0.0	0.0	0.0	0.0	0.0	0.0	0.0	0.0	0.0	0.0	0.0	0.0	0.0	0.0	0.0	0.0	0.0	0.0	0.0	0.0	0.0	0.0	0.0	0.0	0.0	0.0	0.0	0.0	0.0	0.0	0.0	0.0	0.0	0.0	0.0	0.0	0.0	0.0	0.0	0.0	0.0	0.0	0.0	0.0	0.0	0.0	0.0	0.0	0.0	0.0	0.0	0.0	0.0	0.0	0.0	0.0	0.0	0.0	0.0	0.0	0.0	0.0	0.0	0.0	0.0	0.0	0.0	0.0	0.0	0.0	0.0	0.0	0.0	0.0	0.0	0.0	0.0	0.0	0.0	0.0	0.0	0.0	0.0	0.0	0.0	0.0	0.0	0.0	0.0	0.0	0.0	0.0	0.0	0.0	0.0	0.0	0.0	0.0	0.0	0.0	0.0	0.0	0.0	0.0	0.0	0.0	0.0	0.0	0.0	0.0	0.0	0.0	0.0	0.0	0.0	0.0	0.0	0.0	0.0	0.0	0.0	0.0	0.0	0.0	0.0	0.0	0.0	0.0	0.0	0.0	0.0	0.0	0.0	0.0	0.0	0.0	0.0	0.0	0.0	0.0	0.0	0.0	0.0	0.0	0.0	0.0	0.0	0.0	0.0	0.0	0.0	0.0	0.0	0.0	0.0	0.0	0.0	0.0	0.0	0.0	0.0	0.0	0.0	0.0	0.0	0.0	0.0	0.0	0.0	0.0	0.0	0.0	0.0	0.0	0.0	0.0	0.0	0.0	0.0	0.0	0.0	0.0	0.0	0.0	0.0	0.0	0.0	0.0	0.0	0.0	0.0	0.0	0.0	0.0	0.0	0.0	0.0	0.0	0.0	0.0	0.0	0.0	0.0	0.0	0.0	0.0	0.0	0.0	0.0	0.0	0.0	0.0	0.0	0.0	0.0	0.0	0.0	0.0	0.0	0.0	0.0	0.0	0.0	0.0	0.0	0.0	0.0	0.0	0.0	0.0	0.0	0.0	0.0	0.0	0.0	0.0	0.0	0.0	0.0	0.0	0.0	0.0	0.0	0.0	0.0	0.0	0.0	0.0	0.0	0.0	0.0	0.0	0.0	0.0	0.0	0.0	0.0	0.0	0.0	0.0	0.0	0.0	0.0	0.0	0.0	0.0	0.0	0.0	0.0	0.0	0.0	0.0	0.0	0.0	0.0	0.0	0.0	0.0	0.0	0.0	0.0	0.0	0.0	0.0	0.0	0.0	0.0	0.0	0.0	0.0	0.0	0.0	0.0	0.0	0.0	0.0	0.0	0.0	0.0	0.0	0.0	0.0	0.0	0.0	0.0	0.0	0.0	0.0	0.0	0.0	0.0	0.0	0.0	0.0	0.0	0.0	0.0	0.0	0.0	0.0	0.0	0.0	0.0	0.0	0.0	0.0	0.0	0.0	0.0	0.0	0.0	0.0	0.0	0.0	0.0	0.0	0.0	0.0	0.0	0.0	0.0	0.0	0.0	0.0	0.0
0.0	0.0	0.0	0.0	0.0	0.0	0.0	0.0	0.0	0.0	0.0	0.0	0.0	0.0	0.0	0.0	0.0	0.0	0.0	0.0	0.0	0.0	0.0	0.0	0.0	0.0	0.0	0.0	0.0	0.0	0.0	0.0	0.0	0.0	0.0	0.0	0.0	0.0	0.0	0.0	0.0	0.0	0.0	0.0	0.0	0.0	0.0	0.0	0.0	0.0	0.0	0.0	0.0	0.0	0.0	0.0	0.0	0.0	0.0	0.0	0.0	0.0	0.0	0.0	0.0	0.0	0.0	0.0	0.0	0.0	0.0	0.0	0.0	0.0	0.0	0.0	0.0	0.0	0.0	0.0	0.0	0.0	0.0	0.0	0.0	0.0	0.0	0.0	0.0	0.0	0.0	0.0	0.0	0.0	0.0	0.0	0.0	0.0	0.0	0.0	0.0	0.0	0.0	0.0	0.0	0.0	0.0	0.0	0.0	0.0	0.0	0.0	0.0	0.0	0.0	0.0	0.0	0.0	0.0	0.0	0.0	0.0	0.0	0.0	0.0	0.0	0.0	0.0	0.0	0.0	0.0	0.0	0.0	0.0	0.0	0.0	0.0	0.0	0.0	0.0	0.0	0.0	0.0	0.0	0.0	0.0	0.0	0.0	0.0	0.0	0.0	0.0	0.0	0.0	0.0	0.0	0.0	0.0	0.0	0.0	0.0	0.0	0.0	0.0	0.0	0.0	0.0	0.0	0.0	0.0	0.0	0.0	0.0	0.0	0.0	0.0	0.0	0.0	0.0	0.0	0.0	0.0	0.0	0.0	0.0	0.0	0.0	0.0	0.0	0.0	0.0	0.0	0.0	0.0	0.0	0.0	0.0	0.0	0.0	0.0	0.0	0.0	0.0	0.0	0.0	0.0	0.0	0.0	0.0	0.0	0.0	0.0	0.0	0.0	0.0	0.0	0.0	0.0	0.0	0.0	0.0	0.0	0.0	0.0	0.0	0.0	0.0	0.0	0.0	0.0	0.0	0.0	0.0	0.0	0.0	0.0	0.0	0.0	0.0	0.0	0.0	0.0	0.0	0.0	0.0	0.0	0.0	0.0	0.0	0.0	0.0	0.0	0.0	0.0	0.0	0.0	0.0	0.0	0.0	0.0	0.0	0.0	0.0	0.0	0.0	0.0	0.0	0.0	0.0	0.0	0.0	0.0	0.0	0.0	0.0	0.0	0.0	0.0	0.0	0.0	0.0	0.0	0.0	0.0	0.0	0.0	0.0	0.0	0.0	0.0	0.0	0.0	0.0	0.0	0.0	0.0	0.0	0.0	0.0	0.0	0.0	0.0	0.0	0.0	0.0	0.0	0.0	0.0	0.0	0.0	0.0	0.0	0.0	0.0	0.0	0.0	0.0	0.0	0.0	0.0	0.0	0.0	0.0	0.0	0.0	0.0	0.0	0.0	0.0	0.0	0.0	0.0	0.0	0.0	0.0	0.0	0.0	0.0	0.0	0.0	0.0	0.0	0.0	0.0	0.0	0.0	0.0	0.0	0.0	0.0	0.0	0.0	0.0	0.0	0.0	0.0	0.0	0.0	0.0	0.0	0.0	0.0	0.0	0.0	0.0	0.0	0.0	0.0	0.0	0.0	0.0	0.0	0.0	0.0	0.0	0.0	0.0	0.0	0.0	0.0	0.0	0.0	0.0	0.0	0.0	0.0	0.0	0.0	0.0	0.0	0.0	0.0	0.0	0.0	0.0	0.0	0.0	0.0	0.0	0.0	0.0	0.0	0.0	0.0	0.0	0.0	0.0	0.0	0.0	0.0	0.0	0.0	0.0	0.0	0.0	0.0	0.0	0.0	0.0	0.0	0.0	0.0	0.0	0.0	0.0	0.0	0.0	0.0	0.0	0.0	0.0	0.0	0.0	0.0	0.0	0.0	0.0	0.0	0.0	0.0	0.0	0.0	0.0	0.0	0.0	0.0	0.0	0.0	0.0	0.0	0.0	0.0	0.0	0.0	0.0	0.0	0.0	0.0	0.0	0.0	0.0	0.0	0.0	0.0	0.0	0.0	0.0	0.0	0.0	0.0	0.0	0.0	0.0	0.0	0.0	0.0	0.0	0.0	0.0	0.0	0.0	0.0	0.0	0.0	0.0	0.0	0.0	0.0	0.0	0.0	0.0	0.0	0.0	0.0	0.0	0.0	0.0	0.0	0.0	0.0
0.0	0.0	0.0	0.0	0.0	0.0	0.0	0.0	0.0	0.0	0.0	0.0	0.0	0.0	0.0	0.0	0.0	0.0	0.0	0.0	0.0	0.0	0.0	0.0	0.0	0.0	0.0	0.0	0.0	0.0	0.0	0.0	0.0	0.0	0.0	0.0	0.0	0.0	0.0	0.0	0.0	0.0	0.0	0.0	0.0	0.0	0.0	0.0	0.0	0.0	0.0	0.0	0.0	0.0	0.0	0.0	0.0	0.0	0.0	0.0	0.0	0.0	0.0	0.0	0.0	0.0	0.0	0.0	0.0	0.0	0.0	0.0	0.0	0.0	0.0	0.0	0.0	0.0	0.0	0.0	0.0	0.0	0.0	0.0	0.0	0.0	0.0	0.0	0.0	0.0	0.0	0.0	0.0	0.0	0.0	0.0	0.0	0.0	0.0	0.0	0.0	0.0	0.0	0.0	0.0	0.0	0.0	0.0	0.0	0.0	0.0	0.0	0.0	0.0	0.0	0.0	0.0	0.0	0.0	0.0	0.0	0.0	0.0	0.0	0.0	0.0	0.0	0.0	0.0	0.0	0.0	0.0	0.0	0.0	0.0	0.0	0.0	0.0	0.0	0.0	0.0	0.0	0.0	0.0	0.0	0.0	0.0	0.0	0.0	0.0	0.0	0.0	0.0	0.0	0.0	0.0	0.0	0.0	0.0	0.0	0.0	0.0	0.0	0.0	0.0	0.0	0.0	0.0	0.0	0.0	0.0	0.0	0.0	0.0	0.0	0.0	0.0	0.0	0.0	0.0	0.0	0.0	0.0	0.0	0.0	0.0	0.0	0.0	0.0	0.0	0.0	0.0	0.0	0.0	0.0	0.0	0.0	0.0	0.0	0.0	0.0	0.0	0.0	0.0	0.0	0.0	0.0	0.0	0.0	0.0	0.0	0.0	0.0	0.0	0.0	0.0	0.0	0.0	0.0	0.0	0.0	0.0	0.0	0.0	0.0	0.0	0.0	0.0	0.0	0.0	0.0	0.0	0.0	0.0	0.0	0.0	0.0	0.0	0.0	0.0	0.0	0.0	0.0	0.0	0.0	0.0	0.0	0.0	0.0	0.0	0.0	0.0	0.0	0.0	0.0	0.0	0.0	0.0	0.0	0.0	0.0	0.0	0.0	0.0	0.0	0.0	0.0	0.0	0.0	0.0	0.0	0.0	0.0	0.0	0.0	0.0	0.0	0.0	0.0	0.0	0.0	0.0	0.0	0.0	0.0	0.0	0.0	0.0	0.0	0.0	0.0	0.0	0.0	0.0	0.0	0.0	0.0	0.0	0.0	0.0	0.0	0.0	0.0	0.0	0.0	0.0	0.0	0.0	0.0	0.0	0.0	0.0	0.0	0.0	0.0	0.0	0.0	0.0	0.0	0.0	0.0	0.0	0.0	0.0	0.0	0.0	0.0	0.0	0.0	0.0	0.0	0.0	0.0	0.0	0.0	0.0	0.0	0.0	0.0	0.0	0.0	0.0	0.0	0.0	0.0	0.0	0.0	0.0	0.0	0.0	0.0	0.0	0.0	0.0	0.0	0.0	0.0	0.0	0.0	0.0	0.0	0.0	0.0	0.0	0.0	0.0	0.0	0.0	0.0	0.0	0.0	0.0	0.0	0.0	0.0	0.0	0.0	0.0	0.0	0.0	0.0	0.0	0.0	0.0	0.0	0.0	0.0	0.0	0.0	0.0	0.0	0.0	0.0	0.0	0.0	0.0	0.0	0.0	0.0	0.0	0.0	0.0	0.0	0.0	0.0	0.0	0.0	0.0	0.0	0.0	0.0	0.0	0.0	0.0	0.0	0.0	0.0	0.0	0.0	0.0	0.0	0.0	0.0	0.0	0.0	0.0	0.0	0.0	0.0	0.0	0.0	0.0	0.0	0.0	0.0	0.0	0.0	0.0	0.0	0.0	0.0	0.0	0.0	0.0	0.0	0.0	0.0	0.0	0.0	0.0	0.0	0.0	0.0	0.0	0.0	0.0	0.0	0.0	0.0	0.0	0.0	0.0	0.0	0.0	0.0	0.0	0.0	0.0	0.0	0.0	0.0	0.0	0.0	0.0	0.0	0.0	0.0	0.0	0.0	0.0	0.0	0.0	0.0	0.0	0.0	0.0	0.0	0.0	0.0	0.0	0.0	0.0	0.0	0.0	0.0	0.0	0.0	0.0	0.0	0.0
0.0	0.0	0.0	0.0	0.0	0.0	0.0	0.0	0.0	0.0	0.0	0.0	0.0	0.0	0.0	0.0	0.0	0.0	0.0	0.0	0.0	0.0	0.0	0.0	0.0	0.0	0.0	0.0	0.0	0.0	0.0	0.0	0.0	0.0	0.0	0.0	0.0	0.0	0.0	0.0	0.0	0.0	0.0	0.0	0.0	0.0	0.0	0.0	0.0	0.0	0.0	0.0	0.0	0.0	0.0	0.0	0.0	0.0	0.0	0.0	0.0	0.0	0.0	0.0	0.0	0.0	0.0	0.0	0.0	0.0	0.0	0.0	0.0	0.0	0.0	0.0	0.0	0.0	0.0	0.0	0.0	0.0	0.0	0.0	0.0	0.0	0.0	0.0	0.0	0.0	0.0	0.0	0.0	0.0	0.0	0.0	0.0	0.0	0.0	0.0	0.0	0.0	0.0	0.0	0.0	0.0	0.0	0.0	0.0	0.0	0.0	0.0	0.0	0.0	0.0	0.0	0.0	0.0	0.0	0.0	0.0	0.0	0.0	0.0	0.0	0.0	0.0	0.0	0.0	0.0	0.0	0.0	0.0	0.0	0.0	0.0	0.0	0.0	0.0	0.0	0.0	0.0	0.0	0.0	0.0	0.0	0.0	0.0	0.0	0.0	0.0	0.0	0.0	0.0	0.0	0.0	0.0	0.0	0.0	0.0	0.0	0.0	0.0	0.0	0.0	0.0	0.0	0.0	0.0	0.0	0.0	0.0	0.0	0.0	0.0	0.0	0.0	0.0	0.0	0.0	0.0	0.0	0.0	0.0	0.0	0.0	0.0	0.0	0.0	0.0	0.0	0.0	0.0	0.0	0.0	0.0	0.0	0.0	0.0	0.0	0.0	0.0	0.0	0.0	0.0	0.0	0.0	0.0	0.0	0.0	0.0	0.0	0.0	0.0	0.0	0.0	0.0	0.0	0.0	0.0	0.0	0.0	0.0	0.0	0.0	0.0	0.0	0.0	0.0	0.0	0.0	0.0	0.0	0.0	0.0	0.0	0.0	0.0	0.0	0.0	0.0	0.0	0.0	0.0	0.0	0.0	0.0	0.0	0.0	0.0	0.0	0.0	0.0	0.0	0.0	0.0	0.0	0.0	0.0	0.0	0.0	0.0	0.0	0.0	0.0	0.0	0.0	0.0	0.0	0.0	0.0	0.0	0.0	0.0	0.0	0.0	0.0	0.0	0.0	0.0	0.0	0.0	0.0	0.0	0.0	0.0	0.0	0.0	0.0	0.0	0.0	0.0	0.0	0.0	0.0	0.0	0.0	0.0	0.0	0.0	0.0	0.0	0.0	0.0	0.0	0.0	0.0	0.0	0.0	0.0	0.0	0.0	0.0	0.0	0.0	0.0	0.0	0.0	0.0	0.0	0.0	0.0	0.0	0.0	0.0	0.0	0.0	0.0	0.0	0.0	0.0	0.0	0.0	0.0	0.0	0.0	0.0	0.0	0.0	0.0	0.0	0.0	0.0	0.0	0.0	0.0	0.0	0.0	0.0	0.0	0.0	0.0	0.0	0.0	0.0	0.0	0.0	0.0	0.0	0.0	0.0	0.0	0.0	0.0	0.0	0.0	0.0	0.0	0.0	0.0	0.0	0.0	0.0	0.0	0.0	0.0	0.0	0.0	0.0	0.0	0.0	0.0	0.0	0.0	0.0	0.0	0.0	0.0	0.0	0.0	0.0	0.0	0.0	0.0	0.0	0.0	0.0	0.0	0.0	0.0	0.0	0.0	0.0	0.0	0.0	0.0	0.0	0.0	0.0	0.0	0.0	0.0	0.0	0.0	0.0	0.0	0.0	0.0	0.0	0.0	0.0	0.0	0.0	0.0	0.0	0.0	0.0	0.0	0.0	0.0	0.0	0.0	0.0	0.0	0.0	0.0	0.0	0.0	0.0	0.0	0.0	0.0	0.0	0.0	0.0	0.0	0.0	0.0	0.0	0.0	0.0	0.0	0.0	0.0	0.0	0.0	0.0	0.0	0.0	0.0	0.0	0.0	0.0	0.0	0.0	0.0	0.0	0.0	0.0	0.0	0.0	0.0	0.0	0.0	0.0	0.0	0.0	0.0	0.0	0.0	0.0	0.0	0.0	0.0	0.0	0.0	0.0	0.0	0.0	0.0	0.0	0.0	0.0	0.0	0.0	0.0	0.0	0.0	0.0	0.0
-8.049558e-06	-3.0935096e-06	-1.5776837e-07	-2.1405676e-06	-3.9553444e-07	-3.982731e-06	-8.225546e-06	-1.1241608e-05	-3.4069933e-07	-2.1857413e-06	-1.5897245e-06	-2.0440128e-05	-6.6698995e-08	3.4518482e-07	-3.0960096e-06	-5.901943e-06	-3.585926e-06	-3.2240197e-05	-1.0935439e-05	-3.8375515e-06	-2.4999576e-05	-2.1393237e-07	-4.9633854e-06	-2.261087e-06	-9.908673e-07	-1.4666853e-06	-2.5384054e-05	-2.5478542e-07	-2.5516027e-07	-4.7624926e-08	-8.5050414e-07	-8.468143e-06	7.332221e-07	-1.1357339e-06	-2.4574592e-05	-9.372854e-06	-8.853931e-06	-3.4696468e-06	-1.2363546e-06	-4.599453e-08	2.5358406e-06	-2.1974952e-06	-7.819072e-06	3.2559036e-08	-1.4609063e-05	-7.4408654e-06	-8.032014e-06	-1.8689624e-06	-2.165094e-06	-1.4058833e-06	-1.4280078e-05	2.278685e-06	-2.471113e-07	-1.0088878e-06	2.0415184e-06	2.2051227e-06	-3.6312827e-06	8.24937e-07	-3.2974035e-06	-2.6733076e-05	-2.9190876e-05	-1.3516179e-05	2.4213746e-06	-2.561578e-05	-6.692185e-06	-2.4961017e-07	-8.810676e-06	-8.196506e-07	-1.0963492e-05	-5.3166414e-06	-1.2099692e-05	-6.8065183e-06	-5.572205e-06	-3.5354851e-06	-5.8448745e-06	-3.7245884e-06	3.7973002e-06	-1.4710449e-06	8.9399344e-07	-1.4946566e-05	2.980989e-08	-3.0952565e-06	-2.4966926e-06	-1.5628664e-06	-2.1115253e-05	-4.8301613e-06	-5.3907897e-06	-1.5112268e-05	-2.176303e-06	-3.664058e-06	-8.498842e-08	2.0399574e-07	-4.3450646e-06	-5.4180728e-06	-6.7665287e-06	0.0	-6.4417413e-06	-3.7873608e-05	2.0714243e-07	-1.1030931e-05	1.606479e-07	-1.0048802e-06	-4.5561756e-06	-2.8353866e-06	-4.9383984e-06	-9.307469e-06	-1.2630363e-07	-2.346136e-06	-2.934275e-06	-6.5304325e-06	-5.347602e-07	-5.3008325e-06	5.731876e-06	8.2771237e-07	-8.241408e-06	-8.640706e-07	-6.6207604e-06	-6.4381297e-06	-2.1211701e-05	-1.9349094e-05	-2.8625363e-08	-2.475723e-07	-4.491796e-06	-2.010758e-06	3.350242e-06	2.0883803e-07	-6.5766408e-06	-4.4290473e-06	-5.484919e-07	-6.4103183e-06	-2.338037e-05	-8.6190647e-07	1.3313646e-06	-8.1263306e-07	-4.9140626e-06	-8.191855e-07	-3.544375e-07	7.174554e-06	-2.8569484e-06	-6.660803e-06	-6.9259664e-07	-3.161776e-06	-3.141217e-07	-8.851276e-06	-7.4572217e-06	-1.0031962e-06	-4.1597377e-06	-6.9832663e-06	-5.191972e-06	-1.2592587e-07	-9.255053e-07	-4.3456566e-06	-6.468093e-07	-8.234694e-06	-9.611296e-07	-1.4407135e-06	-1.6557267e-05	-3.6448415e-07	-1.0611868e-06	-9.731054e-06	-5.565898e-07	-4.688558e-06	-4.1626504e-06	-6.620751e-06	-7.2091936e-08	-1.9404075e-05	-1.490087e-06	-2.3226603e-08	-2.5985098e-06	-4.845505e-06	-7.1016384e-06	-1.3341714e-06	-1.5647908e-06	3.0341326e-08	-5.9273707e-06	-7.5491175e-06	-1.2820396e-05	-4.7349963e-06	-1.0742601e-05	-5.396187e-06	-2.0936684e-06	-8.620327e-06	-2.0978797e-07	-1.4981005e-06	-7.859149e-06	-8.790673e-06	-7.630734e-06	-7.096398e-06	-3.8466187e-06	1.1896128e-05	-1.7054089e-07	-3.461804e-06	-6.826897e-07	-6.1690284e-06	-3.5611984e-06	4.7329522e-07	-9.665269e-06	-4.9856876e-06	-3.0665444e-05	3.2056798e-06	1.868594e-07	-7.346278e-07	2.1031021e-06	-5.471023e-06	-4.051152e-06	-1.43167845e-05	-7.514848e-06	-5.4401025e-06	5.350329e-06	-2.8480479e-06	-8.265633e-06	-4.961441e-06	-7.3907345e-06	-1.9088777e-06	-7.855922e-06	-1.1609339e-05	-6.4923843e-06	-7.9379475e-07	-3.1573447e-06	-1.23547015e-05	-1.3561221e-07	-8.877193e-06	-7.016578e-07	-6.1665637e-06	-6.9537725e-07	-3.555746e-06	-1.1963109e-05	-9.5136346e-07	-1.1379621e-05	-3.2072846e-06	-1.2588142e-05	-3.4019583e-06	-2.7864078e-06	-2.8475188e-06	-9.66547e-06	-1.6097655e-06	1.0508479e-06	-1.0713836e-06	-1.6106082e-05	-1.0080635e-07	-4.6634127e-06	-9.5103985e-07	5.8441367e-07	-1.3473706e-06	-2.6167108e-06	1.0160683e-06	-3.2141845e-06	-4.2901597e-06	-4.4093667e-06	-2.0502426e-07	-5.517795e-06	-3.871799e-08	-6.2822787e-06	-2.8826046e-06	-2.9578513e-07	-9.044767e-06	-5.2286655e-06	-8.0557305e-07	-2.0230887e-07	-1.3478502e-06	-3.1913335e-06	-1.7504993e-06	-7.5937446e-06	-4.6174814e-06	-4.962483e-06	-5.450311e-06	0.0	-5.909547e-06	-1.1059227e-05	-8.593446e-06	-1.0378967e-05	-1.3721487e-05	4.1129188e-06	-1.4371634e-06	-1.8504704e-06	-4.8859454e-07	-3.5093078e-06	-5.446081e-06	-6.806687e-06	-8.767372e-07	-2.4868546e-05	5.959091e-06	-5.1593465e-06	-4.3050385e-08	7.187482e-08	-2.1205842e-06	-4.7285675e-06	-4.0447753e-06	-8.609451e-06	-4.1311637e-06	-4.500034e-06	-3.0642807e-06	0.0	-2.0176667e-06	-5.642946e-06	-6.824034e-06	-1.6352295e-06	-1.8626492e-06	-5.1212847e-08	-1.6816601e-07	-7.683545e-06	1.6773527e-07	2.0792359e-07	1.6910042e-06	-2.418371e-07	-4.4086646e-06	-1.8351562e-05	-3.7480384e-06	1.1239431e-05	-1.0103025e-05	-1.4288723e-06	-1.5294137e-05	-9.4238845e-07	1.7671147e-07	-5.8880687e-06	3.3501192e-06	-8.737708e-06	-1.3549807e-06	-2.7904025e-06	-7.555292e-06	0.0	-8.67225e-06	-1.1677767e-05	-7.1719406e-08	-3.0789174e-06	-3.985375e-06	5.942507e-06	-7.32128e-06	-3.5199885e-06	-3.7748623e-06	-5.527566e-06	-6.8137365e-07	-3.111841e-06	-3.3970357e-06	-4.2803813e-06	-1.5324499e-06	-6.176176e-07	-1.1422098e-05	-5.2181827e-07	-3.331951e-06	-3.9969705e-06	-3.5577744e-07	-1.5567953e-06	-3.42461e-06	-3.2667292e-06	1.7590996e-07	-1.0652121e-05	-3.1058973e-06	-4.695963e-06	-7.300037e-06	-1.4026539e-06	-7.0331694e-06	-1.8380518e-06	-1.7382015e-05	3.3684657e-07	-5.627584e-06	-2.6425673e-06	-1.0729223e-05	1.16942104e-07	-5.402282e-07	-2.7411326e-07	3.751283e-06	-4.0914547e-06	-8.13225e-06	-2.6415196e-06	-1.31161805e-05	-2.3511238e-07	-3.2626906e-07	-1.269643e-07	-5.1735024e-06	-4.872891e-06	4.651047e-06	-3.2805674e-06	-3.8390397e-07	-2.0259468e-07	-3.6095503e-07	-3.0555418e-06	-1.2615986e-07	-3.3203862e-06	-1.4786783e-06	-3.9409554e-07	-3.5680096e-05	-7.89332e-06	-7.8625735e-06	2.0436128e-06	-3.8318703e-06	-4.604434e-06	-2.773343e-06	4.7037547e-06	-1.7786498e-06	-3.37457e-06	-3.221794e-08	-1.3107318e-07	1.0201591e-07	3.592344e-07	-4.3278806e-06	1.4220126e-06	4.4724555e-07	-3.727706e-07	-9.845867e-07	-3.0755646e-07	-4.8552192e-06	-7.521027e-06	1.3407146e-07	-1.8528652e-05	-2.8179609e-06	0.0	-8.030131e-07	-2.4844246e-06	5.468485e-06	9.706891e-06	-4.0133546e-06	-4.1736175e-07	-7.725535e-06	-1.8279127e-07	-1.0381365e-05	-7.750781e-06	-2.3466027e-06	-8.58688e-06	-4.7074113e-06	-1.588277e-06	-3.701275e-06	-2.6671814e-06	2.5532383e-06	-1.4555538e-05	-1.6569858e-07	2.707041e-06	2.7944742e-07	-8.816735e-06	-3.3838617e-07	-3.3634714e-07	-2.4683948e-07	-6.137375e-07	0.0	-6.8295617e-06	-1.9622798e-06	-1.12903656e-07	-2.9213627e-06	-2.237523e-06	-6.714539e-07	2.484332e-06	-6.3633195e-07	-3.7710724e-06	1.4198129e-06	5.0975073e-06	-3.9285874e-06	-7.708184e-07	-8.312749e-06	-1.0468304e-06	-6.036612e-06	-1.8155436e-07	2.2581983e-06	-1.0921486e-06	-6.4338014e-06	-7.750887e-06	2.4678739e-06	-2.457683e-06	2.306142e-06	-6.36039e-06	-4.4664425e-06	-5.4483467e-06	-3.2114651e-06	1.3412198e-06	-1.1007634e-06	-1.8931715e-06	2.9811706e-06	8.4061816e-07	-9.345135e-06	-2.179425e-06	-2.6749005e-06	-2.500948e-06	3.3095637e-06	1.3399824e-05	-3.6677468e-06	-6.4398336e-07	-5.194217e-06	-2.3122113e-06	-4.933699e-07	-1.4985737e-07	-5.916228e-06	-4.467357e-06	-7.3354745e-06	-9.4242105e-06	-5.3931626e-06	-3.5059365e-06	-7.432635e-07	2.3557804e-07	-4.4794147e-06	5.279167e-07	-3.3765215e-07	-4.616475e-06	-3.7231425e-07	-3.0408626e-06	-8.1627104e-07	3.524334e-07	9.416818e-07	-2.1907372e-06	-8.9266393e-07	-3.5578687e-06	-2.710655e-06
-8.2031823e-07	1.2201199e-06	-4.185061e-07	-3.9445354e-07	-2.921191e-06	-4.3843056e-06	-6.272723e-06	-1.1938546e-05	3.414834e-07	-1.602259e-07	2.5338354e-06	-4.621592e-06	7.4809765e-07	-9.239166e-06	1.0729593e-06	8.4902973e-07	9.39453e-07	-6.1673404e-06	-5.275608e-06	-1.2931856e-06	-4.870117e-06	-1.6156689e-06	-3.14667e-06	2.9263167e-06	8.6389484e-08	-1.3531628e-06	-5.90398e-06	-1.3435119e-06	1.7866772e-06	1.191576e-06	-2.1439243e-06	-1.1124141e-05	3.1592558e-07	-7.0255834e-07	-1.0027978e-05	-6.9358175e-06	-8.754524e-06	6.742007e-07	-6.343712e-06	-2.329318e-06	-3.323416e-05	-1.964307e-06	-8.634425e-06	1.5222934e-06	-7.726872e-06	-9.439234e-06	-4.0116906e-06	1.4819088e-06	-4.2973667e-07	-3.841382e-06	-6.0609086e-06	-1.3760908e-06	0.0	7.410068e-08	9.893987e-07	2.1844917e-06	4.380816e-06	-2.2462755e-06	-9.185155e-06	1.0233431e-06	-1.8006307e-07	-6.137538e-06	3.7596758e-06	-4.2322463e-06	-1.7727594e-05	-4.490034e-07	-8.069385e-06	-3.1423372e-06	7.79456e-06	-2.4080439e-06	-8.077711e-06	1.959477e-06	-1.9466854e-06	-3.083062e-06	-3.8929425e-06	6.046379e-08	-1.8043909e-07	-4.5303987e-06	-2.8880045e-06	-2.7076305e-05	1.421126e-05	-1.5111292e-05	-1.1570414e-06	9.054085e-08	-3.926462e-06	-2.7105468e-06	-4.377484e-06	-8.441989e-06	-1.2045086e-06	-1.0376865e-05	-4.648813e-08	5.2585383e-06	-9.272356e-06	-5.6924673e-06	7.0667596e-08	0.0	-5.884038e-06	-6.519386e-07	-1.2100826e-06	-1.3748653e-05	2.2750278e-06	-1.994418e-06	-1.107037e-05	1.4032343e-06	-6.4123515e-06	-7.739652e-06	0.0	-4.215308e-06	-7.659659e-06	-1.0482676e-06	1.4755362e-06	1.8982915e-07	4.991377e-07	-9.596726e-06	1.5154725e-06	-4.3046484e-06	-3.7248537e-06	-1.1346624e-05	-1.3498763e-05	-2.1885558e-06	2.6295893e-07	1.8228416e-06	-1.5844067e-06	4.0993058e-05	-2.5554955e-06	-6.8729114e-06	-6.466707e-06	-1.554594e-06	-1.0646531e-07	-8.228514e-06	-2.4180592e-06	-5.994341e-08	4.6287315e-07	-2.677408e-06	-1.4014355e-05	-1.8008984e-07	-9.4260787e-07	-8.126311e-06	1.8221978e-06	-2.2095244e-05	-9.926432e-07	-6.527305e-06	-2.1435554e-07	-6.7378583e-06	-1.1083787e-05	-2.809055e-06	-4.004311e-06	-2.4283027e-06	-5.5223263e-06	1.6697275e-06	-4.0754608e-06	-4.3405416e-06	1.299762e-06	2.4691573e-07	-2.2163381e-07	-9.969284e-07	-1.2820028e-05	0.0	-4.62316e-06	-1.0863616e-05	4.2885426e-07	-1.2599805e-06	-6.762784e-06	-4.003926e-06	-2.4100416e-07	-2.0465336e-06	-1.5311339e-06	3.3793273e-07	-2.273242e-08	-1.2801029e-07	-2.0499016e-05	-1.3860524e-07	-1.6228016e-06	-7.7766714e-07	-1.2667687e-06	-1.346948e-05	3.51856e-07	-1.0420638e-06	-4.1943345e-06	5.096453e-07	-3.5895919e-06	-2.3190887e-05	-2.1966757e-07	1.478882e-07	-5.312628e-06	-1.2368899e-05	-1.19315655e-05	-1.6490929e-05	-6.3550237e-06	-5.4196107e-07	-1.3146788e-05	-1.8548966e-06	-3.3398157e-07	-7.223779e-06	-1.5790575e-07	-4.677471e-06	-6.4723286e-06	-7.3912156e-06	3.0479814e-06	3.5504427e-06	4.6709437e-07	-1.9191402e-06	2.924574e-07	6.801845e-07	-1.4440645e-06	-8.63149e-06	-1.7801234e-05	-3.9928777e-06	-6.1099536e-07	-1.2999412e-06	-3.7853607e-07	-1.1855438e-05	-1.5219774e-05	-1.4220691e-06	-1.6752211e-06	-8.945866e-06	-2.6464497e-06	-5.7335944e-07	-3.497539e-06	-1.388745e-05	3.6590617e-07	-1.0199301e-05	-3.992914e-06	-1.2583693e-06	-4.937418e-07	-3.7925179e-06	-1.2031584e-05	1.8719828e-06	-1.2604615e-05	-7.150001e-06	-8.675207e-06	-5.4722534e-07	1.252183e-06	-6.264076e-08	-1.5057621e-05	-4.0495815e-06	-2.251973e-06	-7.707032e-07	-2.2418224e-05	-5.404076e-06	-4.2957777e-06	-1.6565667e-07	-1.7503044e-06	4.931842e-07	-5.0908084e-06	-9.9978015e-06	-1.8736104e-06	-6.749679e-06	1.1110643e-06	1.7530215e-06	-9.683215e-06	-3.214248e-06	1.1946365e-06	1.8561923e-06	2.8880545e-06	-6.960861e-06	-3.438628e-06	3.2491517e-08	3.3142875e-05	1.7618306e-06	-2.7864508e-06	-4.506996e-06	-1.0894614e-05	4.308588e-06	-1.3420358e-08	-2.9113155e-06	5.745329e-08	-9.798562e-06	-1.5384649e-05	-5.535552e-06	-4.8974484e-06	3.3946824e-07	6.078044e-09	9.14518e-07	-3.879366e-07	1.2215751e-06	-1.3125828e-07	-4.7054477e-06	-3.6411511e-06	-1.0067899e-05	-1.6852829e-06	-2.9944606e-06	-3.6045885e-06	2.468517e-07	-1.0160707e-06	1.5745987e-07	-1.1271227e-05	-2.1976937e-05	-1.531974e-05	-4.632041e-06	-7.608745e-06	-3.6543677e-06	-2.2248364e-06	-4.089404e-06	-3.2766454e-06	-6.3688026e-07	-6.1577185e-07	-6.8587497e-06	4.327367e-07	-5.096251e-06	-9.613535e-06	-2.5237387e-06	-1.5210558e-06	-9.274928e-06	-1.6611235e-05	-3.6160066e-06	-1.8527207e-06	-1.8349372e-06	-4.946772e-06	-1.7025881e-06	-3.1328725e-06	-4.4992835e-06	-1.2217695e-06	1.204866e-06	-2.825053e-06	9.2623986e-07	-2.4234573e-06	9.469735e-06	1.9088202e-06	-9.392996e-06	5.1475365e-07	-7.436158e-06	-5.1772467e-06	1.4347489e-07	-5.869588e-06	-6.8872936e-07	1.2184319e-06	-7.78449e-06	-5.8057926e-06	1.1229361e-05	-3.3043907e-05	-2.6257592e-07	-2.970003e-06	-3.0192105e-06	-3.922747e-06	4.0476095e-07	9.591691e-08	-6.701115e-06	3.5319372e-06	-3.0896242e-06	-4.5772244e-06	1.9114302e-06	-2.5219424e-06	-2.3196567e-07	-1.000616e-05	-3.4910568e-06	-4.0131586e-06	-9.798768e-06	-5.702209e-07	-8.7923e-06	-4.5224615e-06	-3.0568604e-06	2.1054736e-06	-5.1474863e-06	-1.6884995e-07	-5.2728283e-06	-7.766288e-06	-4.260844e-06	-7.789839e-06	-6.9976063e-06	1.96515e-06	-2.7217145e-06	-2.1599758e-06	-6.3885773e-06	-5.147175e-06	-6.6024622e-06	1.6831456e-06	1.0613143e-06	-2.3242202e-07	-3.693268e-06	-7.74057e-06	2.3057102e-07	-1.3373379e-05	-5.078942e-06	1.7190585e-07	-2.8360485e-06	-4.029318e-06	6.8143476e-07	-1.0807765e-06	-2.2205036e-06	5.5084354e-07	-1.8246286e-06	-5.637256e-06	-7.2059815e-06	-2.3025495e-06	-1.4561264e-06	-1.0356664e-05	2.390407e-06	-1.4450727e-06	-4.8364805e-06	-6.4930728e-06	9.7174194e-08	-2.2202506e-05	-5.133124e-06	-2.4455285e-05	-4.3228385e-07	-3.354071e-05	3.842637e-07	-9.820354e-07	-5.074723e-06	2.6424043e-06	-2.3554755e-06	-9.946176e-08	9.782357e-07	-6.4132187e-06	8.619402e-07	-2.45251e-07	-1.0660666e-05	1.0506658e-06	7.2260214e-06	3.7329738e-08	-1.2389209e-05	6.566977e-07	5.2775313e-06	0.0	2.7458066e-07	-4.6338514e-06	-9.62154e-07	-8.052091e-06	-6.473806e-06	-6.405845e-06	-7.9468855e-06	2.6603498e-06	-5.686323e-05	-4.246071e-05	-3.1497794e-07	-3.722054e-07	7.236854e-07	-2.1376525e-05	-2.3792613e-06	-3.2951355e-08	-3.0558276e-06	1.5820085e-06	3.701588e-07	-6.7515834e-06	2.178793e-06	4.518897e-06	-2.4313758e-06	-8.153277e-06	1.1090334e-05	-6.0617203e-06	-5.11789e-06	-1.6406842e-06	3.8084295e-06	-4.7959736e-07	-9.268988e-06	4.1945696e-06	-2.8208865e-06	5.526701e-08	-9.8231285e-06	1.1828892e-06	-3.0822575e-06	-2.6022317e-06	-4.811882e-06	-5.8775886e-06	-2.406165e-06	-1.5397385e-05	-1.441117e-07	-2.1763728e-06	-1.720446e-05	4.1041826e-06	-7.2392754e-07	-8.401268e-06	-9.05542e-06	1.8435461e-06	-1.3561372e-06	3.8662344e-07	-7.871562e-06	3.2578595e-07	-1.10330675e-05	-1.6353384e-06	-9.3623646e-07	-2.3471728e-06	-2.2892036e-06	4.5595922e-07	-4.9114133e-06	-3.6365363e-06	-6.349222e-07	4.170113e-08	-2.0212126e-05	-2.3227894e-06	-1.1486956e-05	-2.9079e-06	-1.9777306e-05	-4.4881367e-06	5.7553816e-06	5.31642e-07	-2.044681e-05	-7.872862e-06	8.008925e-06	-1.1072505e-05	3.0304307e-07	-1.7575454e-06	1.3466087e-06	-6.5734836e-05	-2.5239215e-06	3.313646e-08	-2.8397073e-07	-3.5416474e-06	-4.6818295e-06
0.0011025363	-6.338179e-05	-0.00030329527	0.00020420074	-9.650052e-05	-0.00070228934	0.00040457307	-0.0006031537	4.2033793e-05	-0.0003823948	0.0005880636	0.00021821141	8.3508494e-05	-0.00012849689	0.0010540468	0.0041958536	-7.143497e-05	0.00027246596	-0.00060328783	0.0008717257	0.00031402707	-0.0002763611	0.0002094537	-0.00021606624	8.999109e-06	-0.0002533245	0.0006899703	-0.00012774348	6.0284732e-05	7.666409e-05	0.0002708149	-0.0002524966	-0.0008350629	-0.00020807028	7.289231e-05	0.00039590537	-0.0017212891	-0.00015060842	-0.00013139904	-0.00045439543	0.0004741037	0.0009746075	-6.405711e-05	-3.849268e-06	0.00033201397	-0.00021375179	-0.00036795318	-0.000761168	-0.0010500503	-0.00029904066	0.00031967403	0.00041863264	0.0	0.0011490977	-9.592772e-06	0.00013520182	-0.0007601327	-0.00021997034	-0.00010318458	0.00016749025	-4.5728088e-05	0.00024036765	0.00028885127	0.00064060034	0.00010147274	-0.0003739965	0.00019118906	-0.00024882078	-6.483137e-05	-0.0005730355	0.000253458	-9.2968345e-05	9.0723035e-05	-0.0005107456	0.0003008479	-0.00029964745	-2.2080541e-05	-0.0014858514	-5.662024e-05	-0.0014016128	-0.00021299183	0.0002090758	-0.00030166865	-0.00010077297	0.0005344534	0.0012658739	-6.205857e-05	0.00016529261	-3.7620663e-05	-0.00018929719	0.00070515455	-0.00030545532	-0.00017405272	-0.0009260732	-0.00050637784	1.3589859e-07	-0.0010507095	0.00019176006	0.00060046616	-0.0004009062	0.00012454152	0.002340648	-0.00094095705	1.9317865e-06	-0.00096648454	-0.00017912209	5.062282e-05	-0.00032321154	-0.0002400297	-1.164198e-05	-0.000310238	-0.00036101698	-0.00046274601	5.0005317e-05	-7.674813e-05	0.00022224188	-0.00059295655	0.0002616334	0.00056913553	0.00035067557	9.307921e-05	5.7668687e-05	-0.0003455466	-0.0002452451	-0.00013009191	-0.00051759003	0.00041009902	-0.0002536851	-6.2388775e-05	-0.00071260275	-5.900383e-05	0.0	0.0035703487	-0.0002575183	-0.00043487846	0.0053394493	1.5332698e-05	-9.194672e-05	-1.7750264e-06	-0.00060530903	0.00010341346	-0.00041846573	-0.0009737802	-0.00023798048	-0.00067564606	-0.00043830572	-0.000119718316	0.0010756558	-0.00023691595	0.00018545032	8.274376e-05	-0.0007827264	0.00013887703	-2.8421282e-05	0.0025123	-7.1130395e-05	0.00022823215	0.0	-0.00066242815	0.00045794368	-0.00088913384	-0.0002608037	-6.328165e-05	5.7133435e-05	4.9638747e-06	0.00035807848	-0.0002640116	6.379664e-05	-0.0004175794	-0.00026810227	-0.00010760784	5.356848e-05	-0.00014902293	2.286613e-05	-0.00036753475	-0.00022162795	0.0002953869	8.217514e-05	0.00035915972	-0.00020555318	0.0015189737	-0.0018016702	-2.7167798e-06	-3.6978723e-05	0.00012097418	-0.0009176707	-8.425176e-05	-1.2373924e-06	0.00032616316	-0.00028153718	0.00015363694	0.0011040586	-0.0019028949	-0.00010782301	-0.0004963672	-0.00062716723	0.0001350695	-0.0007295769	-0.0052123345	0.0010339916	-0.001882087	0.0011926383	-2.7393698e-05	-3.2764674e-05	-7.5008866e-05	-0.00014858127	-0.0002765137	-0.0004879421	0.01755098	3.0755996e-07	7.847965e-05	0.00032090067	-0.00045320034	0.0005102575	-0.00040445983	-0.0004939258	5.1449537e-05	-0.0001841861	-9.0093614e-05	0.00018420636	5.3121446e-05	-4.998386e-05	1.2104511e-05	-0.0014548284	2.4001598e-05	-0.0002637285	-0.00012721955	0.00012748777	-0.0008684629	-2.2214055e-05	-0.0008168137	-0.00046359896	0.00025232972	-3.9865972e-05	-0.0008394283	0.0008025694	6.758988e-05	0.0015383405	-0.0036942642	0.0004997194	3.746152e-05	-8.3860155e-05	0.00010677755	-2.9810668e-05	-0.00065553427	-0.0012103898	7.9165104e-05	0.00014011383	0.0014702099	0.00010887384	-0.00078925607	-6.677509e-05	3.6592483e-05	0.00013139486	-0.00037323296	-0.000117461685	-0.000110621455	3.9607285e-06	-0.00010337591	-0.00054818747	8.393466e-05	-0.00011111379	-0.00026831627	0.0003196174	-0.00027028323	-0.00032099008	0.0	-0.000896101	-1.10530855e-05	-0.00076109054	0.0003859979	6.562888e-05	0.001101222	-0.0004681331	-0.00040145696	5.722463e-05	-0.0011597669	-0.00060234487	-0.0006096095	-0.00029458047	0.0010726935	-7.862985e-05	-3.1561853e-05	1.991093e-05	0.00020193875	-7.751823e-05	0.00013275743	-0.0004978919	0.0004052806	-6.0035585e-05	-0.0008210897	-0.0005667543	-8.47435e-05	-0.00017619491	-0.0008394146	0.0006575489	0.0007469201	-0.00040661634	7.712126e-05	-1.1540651e-05	0.00069845316	-3.1908752e-05	-0.00062298717	0.00017832279	-0.00027314664	-0.00020371318	0.00013228535	-0.00040244937	-0.00076569855	1.4332533e-05	0.00044965686	-0.00012722134	-4.9087404e-05	3.463209e-05	4.6018362e-05	-0.0007725662	-0.00046084524	6.951868e-05	-0.0004106784	-0.0028406943	1.1249781e-05	-0.0011963665	0.00013439596	8.333504e-05	-0.00059369684	0.0008714664	-0.00047987283	-0.00019789755	-0.00035572945	0.0007688552	0.00019075454	-8.596778e-06	0.00012260854	0.000993433	-4.863918e-05	8.117736e-05	0.00047143816	-0.0013465243	-0.0011641991	-0.00047546267	0.0002677697	0.00010206461	0.00039587676	0.0002946931	-0.0013077253	-1.1605024e-06	-0.00065097155	-0.00049283204	-0.00014799237	0.0028712386	-0.00083786604	4.279494e-05	0.0015347266	-0.0116727995	0.0007065844	-0.00045942963	-0.00061068474	0.004674367	-0.0012771231	-0.000555191	0.00016197025	-0.00030639945	-5.6350826e-05	0.00015961647	-0.0007126248	-0.00082502724	0.00013352811	3.1240583e-05	-0.00034675896	6.7132714e-05	-0.00020481169	0.00013786853	-0.0017128199	-0.00014944315	2.5680662e-05	0.0007417929	1.00493435e-05	3.9511324e-05	-0.000319919	-0.00022990286	4.4115783e-05	0.00078425347	0.00016329408	-0.0005488223	6.0077906e-05	-0.0005627632	0.0007023949	-0.00022455752	-0.0002108258	-0.0002927071	-0.00040420413	4.143119e-06	4.0608644e-05	-0.00012392759	0.0001478374	-1.7457605e-05	0.00012968719	-0.00029537498	-5.4262877e-05	-0.00022214353	1.8584133e-05	-0.00032487095	-0.00037077666	2.9547811e-05	-0.00013252794	-0.00010268986	0.0	-8.425236e-05	6.2903164e-05	-0.0005609739	0.00039193928	-0.00058252277	8.754313e-05	0.0006583953	-3.7419795e-05	-0.0010387725	0.00048273325	-2.931118e-05	-0.0016217702	0.00012397766	-0.00223194	-0.001461879	-0.00023570418	-5.3960084e-05	-0.0020903253	-2.1042228e-05	0.0055159843	2.233982e-06	0.00013279259	0.0003376013	-1.0833144e-05	-1.9930601e-05	4.639566e-05	0.0	-0.0007932401	0.0002364719	-0.0014044589	0.0030305767	-0.0009315801	-0.00023008704	0.00064059556	-2.8075576e-05	-6.5460204e-05	0.0009555232	0.0039973445	0.0009859783	0.00033099414	-0.0004758352	0.00046661973	-0.0017438328	5.459428e-05	-0.00032817543	-8.9838504e-05	-0.00014888227	2.0006895e-05	-1.8537045e-06	-0.0014834857	-0.0011306655	-3.9493443e-05	-0.0009772766	0.00026425003	0.0005270129	7.963479e-05	-0.00047728658	-0.00043797135	2.3304225e-05	0.0021835463	0.00083495973	1.4722943e-05	-7.237733e-05	0.0011628586	0.0009678805	9.337187e-05	-0.00019448399	-1.4778376e-05	-0.00019230664	0.0002969599	0.00020777166	-9.67288e-05	-0.0013115001	0.00010518074	-2.872646e-05	-0.00042063533	-0.0003511739	-0.0002998179	0.00034463583	7.573306e-05	7.822156e-05	-0.0006817198	-0.0006285864	0.00021888554	-0.000111209156	-0.00042269827	3.7472248e-05	0.00015093983	6.228566e-05	0.0006792152	-0.00037261963	-5.447507e-05	-0.00020296156
-9.3221666e-07	-1.0740757e-06	-5.328655e-07	-6.9141386e-08	1.6927719e-07	-5.1367283e-06	-2.1135806e-06	-3.144741e-06	1.3232231e-07	1.3160706e-06	-1.9311905e-07	-4.6038626e-06	-2.18153e-07	-3.9577483e-07	-5.1736833e-07	-1.3494491e-06	-9.536743e-09	-2.3829937e-06	-3.2377243e-06	8.8214875e-08	-1.6117096e-06	-9.2864036e-07	-2.6762484e-07	-1.5616416e-07	5.322695e-07	4.4465065e-07	-2.129078e-06	-9.536743e-09	2.9921532e-07	4.3272973e-07	-8.547306e-07	-4.6122072e-06	-2.4867059e-06	-2.7060509e-07	-1.0704994e-06	-2.925396e-06	-3.207922e-06	-1.0681152e-06	-1.0848046e-07	2.4676322e-07	6.914139e-07	2.5057793e-06	-5.2976607e-06	4.172325e-08	-1.5735627e-07	-3.5369396e-06	8.7022784e-08	1.1587143e-06	3.3974646e-07	-1.5544891e-06	-3.9458273e-06	1.847744e-07	0.0	9.298324e-08	6.8068505e-07	-5.722046e-07	-6.133318e-06	-7.224083e-07	-1.7023086e-06	-4.696846e-06	-1.4340877e-06	7.1287154e-06	1.1765957e-06	-3.5357475e-06	-8.6307523e-07	6.067753e-07	-8.893013e-07	-1.9073486e-08	-5.186796e-06	4.41432e-06	-9.584427e-07	-1.2028217e-06	2.0837783e-06	3.3688545e-06	-1.9431114e-07	-2.3829937e-06	6.437302e-08	-1.3577938e-06	8.456707e-06	-1.0442734e-06	1.7940998e-06	-1.4901161e-07	-2.398491e-06	1.8954277e-07	-2.7966498e-06	-7.6770783e-07	5.2952764e-06	-1.4996529e-06	-4.4941902e-07	-5.4597854e-07	-1.0251999e-07	-1.0848046e-07	-2.8860568e-06	2.528429e-06	-2.2041797e-06	-1.9788742e-07	-7.033348e-07	-3.8921835e-06	-9.536743e-09	-3.0934812e-06	3.4928323e-07	-1.5842915e-06	2.7573108e-06	-3.33786e-08	-9.775162e-07	7.021427e-07	-1.4603138e-05	-5.3203107e-06	-4.529953e-08	1.1825562e-06	7.3313714e-07	1.2164116e-05	3.194809e-07	1.4066696e-07	-6.914139e-07	-4.708767e-07	-1.4925004e-06	-1.963377e-06	-1.528263e-06	-1.245737e-06	2.553463e-06	4.9114226e-07	-2.7298927e-07	-9.965896e-07	-3.5762786e-09	2.654791e-06	-4.3392183e-07	5.030632e-07	-1.7881393e-07	-2.783537e-06	-1.386404e-06	-1.335144e-07	-3.4451486e-07	-1.5735627e-07	-7.3313714e-07	9.76324e-07	1.8239021e-07	-7.8082087e-07	-6.2465665e-07	-1.1837483e-06	1.513958e-07	-1.9228457e-06	2.307892e-06	-2.244711e-06	-6.6637995e-07	0.0	-3.8266182e-07	-7.6174734e-07	2.1576881e-07	-6.455183e-06	-4.4107438e-08	-9.3460085e-07	7.1048737e-07	-1.8656253e-06	2.1338462e-07	6.568432e-07	3.4093856e-07	-4.649162e-08	-5.6445597e-06	4.982948e-07	4.3988229e-07	5.364418e-08	-2.348423e-07	-8.6188317e-07	2.5749208e-07	-1.6009808e-06	-5.7816504e-07	6.2227247e-07	-4.3272973e-07	1.5377998e-07	-2.6464463e-07	8.106232e-08	-4.839897e-07	3.7074088e-07	-1.4185905e-06	-2.297163e-06	-7.4863436e-07	1.1324883e-06	-8.2850454e-07	-5.197525e-07	-1.0418892e-06	-4.543066e-06	-3.8146972e-08	4.184246e-07	-1.0871887e-06	-1.2433529e-06	-2.654791e-06	1.3947486e-07	-7.283688e-07	-2.4080276e-07	4.816055e-07	1.3458729e-06	2.7191638e-06	-5.626678e-07	5.8948995e-06	-1.4281272e-06	-1.2981892e-06	-2.479553e-07	-6.711483e-07	-6.091595e-07	1.0669231e-06	-9.787083e-07	-9.536743e-09	-5.7220458e-08	-7.903576e-07	-2.2435188e-06	-6.376505e-06	-1.1217594e-06	-8.21352e-07	2.6655198e-06	-1.4090538e-06	-7.224083e-07	-2.4735928e-06	-1.3566017e-06	-8.3565715e-07	-3.1471254e-07	8.273125e-07	-2.670288e-07	-1.5020371e-06	2.1100044e-07	4.5776366e-07	-6.735325e-07	-1.3816357e-06	-2.1147728e-06	1.2755395e-07	-8.034706e-07	5.6028366e-08	7.158518e-07	6.47068e-06	1.9669532e-07	-2.0945072e-06	1.9013881e-06	3.683567e-07	-1.4996529e-06	-1.1944771e-06	-5.5789945e-07	1.2159347e-07	2.3365021e-06	4.7683717e-08	-9.357929e-07	-1.2469292e-06	0.0	5.507469e-07	-2.2172928e-07	-1.1956691e-06	2.8574466e-06	-1.7273426e-06	-1.8239021e-07	2.4199485e-07	3.659725e-07	1.5962124e-06	7.152558e-08	1.9907951e-07	-3.0755996e-07	-2.6226044e-08	-1.0251999e-06	-2.666712e-06	2.3245812e-07	-5.2452087e-08	-9.572506e-07	3.361702e-07	-4.6133994e-07	-2.272129e-06	-1.502037e-07	4.979372e-06	-2.2387505e-06	0.0	1.6093254e-07	-1.0240078e-06	-7.6770783e-07	-1.8322468e-06	-6.1631204e-07	-9.4532965e-07	1.8000603e-06	1.3637542e-06	-3.3271313e-06	1.9288063e-06	2.5749207e-06	-1.745224e-06	4.4107438e-08	-1.2207031e-06	-1.6283989e-06	-3.5524369e-07	2.4437904e-07	1.66893e-08	-3.0398368e-07	1.3446808e-06	-1.859665e-06	-1.3101101e-06	2.887249e-06	-1.7213821e-06	5.7017805e-06	-3.8146972e-08	9.171963e-06	-1.1491776e-06	1.5830993e-06	4.3809414e-06	-1.0049343e-06	-6.175041e-07	3.8027764e-07	-4.1854382e-06	3.576279e-08	-2.733469e-06	2.0205975e-06	-4.0888787e-07	-7.8201293e-07	-1.847744e-06	-6.151199e-07	-1.1527538e-06	-1.2493133e-06	-7.8082087e-07	1.502037e-07	-1.335144e-07	4.3153761e-07	2.7298927e-06	7.9631803e-07	-1.5497207e-08	6.997585e-07	4.3940545e-06	1.0120868e-06	0.0	-2.0253658e-06	-2.3245812e-07	-1.8119812e-07	-6.473064e-07	-7.9870226e-08	3.0517577e-07	-8.7022784e-07	9.226799e-07	-1.7285348e-07	1.0418892e-06	2.3722649e-07	-6.3180926e-07	8.8453294e-07	4.005432e-07	-5.710125e-07	2.1409987e-06	-3.993511e-06	2.7942658e-06	-1.4674664e-06	7.510185e-08	6.0200693e-07	-5.38826e-07	-5.4836274e-08	4.887581e-08	9.119511e-07	2.5236607e-06	-1.8274784e-06	-8.463859e-08	-2.7239323e-06	2.813339e-07	-2.479553e-07	3.33786e-08	-2.7114154e-06	-6.7710874e-07	-4.9543382e-06	-4.6730042e-07	-4.372597e-06	-1.3613701e-06	-1.4972687e-06	-4.005432e-07	-1.4305115e-07	-5.686283e-07	-9.417534e-07	-9.250641e-07	-2.9456614e-06	1.1014938e-06	2.6226044e-07	4.3392183e-07	-5.7816504e-07	-2.3329258e-06	-3.8027764e-07	-1.2540818e-06	-2.3245812e-07	3.0755996e-07	-8.368492e-07	-2.0384789e-07	7.390976e-08	-4.7445297e-07	-2.2172928e-07	3.7908555e-07	1.7881394e-08	-8.583069e-08	-2.0706655e-06	1.2791156e-06	-2.9444695e-07	-9.357929e-07	-5.76973e-07	-3.004074e-07	-2.8610229e-08	-6.794929e-07	1.0251999e-07	1.4305115e-07	-7.5936316e-07	5.5551527e-07	1.0848046e-07	-1.4138221e-06	6.2584877e-07	-3.004074e-07	-6.067753e-07	-3.0994414e-08	-1.5914441e-06	6.1249734e-06	2.7775764e-07	-1.5938282e-06	2.7060509e-07	-6.556511e-08	-2.7418137e-08	-1.245737e-06	-7.8201293e-07	-1.6570091e-07	-1.0788441e-06	3.2544136e-07	-2.3877622e-06	-4.2915346e-08	-9.536743e-07	-4.4703484e-07	1.4424324e-07	3.993511e-07	-1.5163422e-06	-8.010864e-07	-2.9408932e-06	9.3221666e-07	2.0956993e-06	-1.3846159e-06	8.940697e-08	6.54459e-07	-1.6677379e-06	-7.283688e-07	-3.7157536e-06	1.0371208e-07	-1.335144e-07	-3.298521e-06	0.0	-1.0478497e-06	-1.66893e-07	1.9073487e-07	7.8320505e-07	-1.7678738e-06	-6.556511e-08	8.487701e-07	-9.834766e-07	-3.576279e-08	6.556511e-08	1.2040138e-07	7.140636e-07	4.9352644e-07	-1.8298626e-06	3.516674e-07	-8.7022784e-08	6.175041e-07	1.103878e-06	-5.00679e-07	-1.8525124e-06	-3.862381e-07	-1.1944771e-06	-2.6202201e-06	-6.3180926e-07	-1.3041496e-06	-2.4676324e-06	8.6069105e-07	-1.2421608e-06	-8.773804e-07	-9.894371e-07	-2.850294e-06	5.9604646e-09	2.6106835e-07	-1.8489361e-06	2.2733211e-06	6.079674e-08	9.114742e-06	1.8525124e-06	-1.2683869e-06	-6.389618e-07	-8.583069e-08	-1.5711785e-06	8.2850454e-07	-8.2969666e-07	6.6637995e-07	-2.2590161e-06	-2.3531913e-06	-6.2823295e-07	2.69413e-06	-6.4492224e-07	7.081032e-07	8.6069105e-07	5.066395e-07	-5.2690507e-07	-5.1140785e-07	8.2612036e-07	-2.1326541e-06	8.583069e-08	6.198883e-08	5.8412553e-08	-2.3961067e-07	3.8862228e-07	-9.560586e-07	6.198883e-08	1.128912e-06	-1.7154217e-06
0.0	0.0	0.0	0.0	0.0	0.0	0.0	0.0	0.0	0.0	0.0	0.0	0.0	0.0	0.0	0.0	0.0	0.0	0.0	0.0	0.0	0.0	0.0	0.0	0.0	0.0	0.0	0.0	0.0	0.0	0.0	0.0	0.0	0.0	0.0	0.0	0.0	0.0	0.0	0.0	0.0	0.0	0.0	0.0	0.0	0.0	0.0	0.0	0.0	0.0	0.0	0.0	0.0	0.0	0.0	0.0	0.0	0.0	0.0	0.0	0.0	0.0	0.0	0.0	0.0	0.0	0.0	0.0	0.0	0.0	0.0	0.0	0.0	0.0	0.0	0.0	0.0	0.0	0.0	0.0	0.0	0.0	0.0	0.0	0.0	0.0	0.0	0.0	0.0	0.0	0.0	0.0	0.0	0.0	0.0	0.0	0.0	0.0	0.0	0.0	0.0	0.0	0.0	0.0	0.0	0.0	0.0	0.0	0.0	0.0	0.0	0.0	0.0	0.0	0.0	0.0	0.0	0.0	0.0	0.0	0.0	0.0	0.0	0.0	0.0	0.0	0.0	0.0	0.0	0.0	0.0	0.0	0.0	0.0	0.0	0.0	0.0	0.0	0.0	0.0	0.0	0.0	0.0	0.0	0.0	0.0	0.0	0.0	0.0	0.0	0.0	0.0	0.0	0.0	0.0	0.0	0.0	0.0	0.0	0.0	0.0	0.0	0.0	0.0	0.0	0.0	0.0	0.0	0.0	0.0	0.0	0.0	0.0	0.0	0.0	0.0	0.0	0.0	0.0	0.0	0.0	0.0	0.0	0.0	0.0	0.0	0.0	0.0	0.0	0.0	0.0	0.0	0.0	0.0	0.0	0.0	0.0	0.0	0.0	0.0	0.0	0.0	0.0	0.0	0.0	0.0	0.0	0.0	0.0	0.0	0.0	0.0	0.0	0.0	0.0	0.0	0.0	0.0	0.0	0.0	0.0	0.0	0.0	0.0	0.0	0.0	0.0	0.0	0.0	0.0	0.0	0.0	0.0	0.0	0.0	0.0	0.0	0.0	0.0	0.0	0.0	0.0	0.0	0.0	0.0	0.0	0.0	0.0	0.0	0.0	0.0	0.0	0.0	0.0	0.0	0.0	0.0	0.0	0.0	0.0	0.0	0.0	0.0	0.0	0.0	0.0	0.0	0.0	0.0	0.0	0.0	0.0	0.0	0.0	0.0	0.0	0.0	0.0	0.0	0.0	0.0	0.0	0.0	0.0	0.0	0.0	0.0	0.0	0.0	0.0	0.0	0.0	0.0	0.0	0.0	0.0	0.0	0.0	0.0	0.0	0.0	0.0	0.0	0.0	0.0	0.0	0.0	0.0	0.0	0.0	0.0	0.0	0.0	0.0	0.0	0.0	0.0	0.0	0.0	0.0	0.0	0.0	0.0	0.0	0.0	0.0	0.0	0.0	0.0	0.0	0.0	0.0	0.0	0.0	0.0	0.0	0.0	0.0	0.0	0.0	0.0	0.0	0.0	0.0	0.0	0.0	0.0	0.0	0.0	0.0	0.0	0.0	0.0	0.0	0.0	0.0	0.0	0.0	0.0	0.0	0.0	0.0	0.0	0.0	0.0	0.0	0.0	0.0	0.0	0.0	0.0	0.0	0.0	0.0	0.0	0.0	0.0	0.0	0.0	0.0	0.0	0.0	0.0	0.0	0.0	0.0	0.0	0.0	0.0	0.0	0.0	0.0	0.0	0.0	0.0	0.0	0.0	0.0	0.0	0.0	0.0	0.0	0.0	0.0	0.0	0.0	0.0	0.0	0.0	0.0	0.0	0.0	0.0	0.0	0.0	0.0	0.0	0.0	0.0	0.0	0.0	0.0	0.0	0.0	0.0	0.0	0.0	0.0	0.0	0.0	0.0	0.0	0.0	0.0	0.0	0.0	0.0	0.0	0.0	0.0	0.0	0.0	0.0	0.0	0.0	0.0	0.0	0.0	0.0	0.0	0.0	0.0	0.0	0.0	0.0	0.0	0.0	0.0	0.0	0.0	0.0	0.0	0.0	0.0	0.0	0.0	0.0	0.0	0.0	0.0	0.0	0.0	0.0	0.0	0.0	0.0	0.0	0.0	0.0	0.0	0.0	0.0	0.0	0.0	0.0	0.0	0.0	0.0	0.0	0.0	0.0	0.0	0.0	0.0	0.0	0.0	0.0	0.0	0.0	0.0
0.0	0.0	0.0	0.0	0.0	0.0	0.0	0.0	0.0	0.0	0.0	0.0	0.0	0.0	0.0	0.0	0.0	0.0	0.0	0.0	0.0	0.0	0.0	0.0	0.0	0.0	0.0	0.0	0.0	0.0	0.0	0.0	0.0	0.0	0.0	0.0	0.0	0.0	0.0	0.0	0.0	0.0	0.0	0.0	0.0	0.0	0.0	0.0	0.0	0.0	0.0	0.0	0.0	0.0	0.0	0.0	0.0	0.0	0.0	0.0	0.0	0.0	0.0	0.0	0.0	0.0	0.0	0.0	0.0	0.0	0.0	0.0	0.0	0.0	0.0	0.0	0.0	0.0	0.0	0.0	0.0	0.0	0.0	0.0	0.0	0.0	0.0	0.0	0.0	0.0	0.0	0.0	0.0	0.0	0.0	0.0	0.0	0.0	0.0	0.0	0.0	0.0	0.0	0.0	0.0	0.0	0.0	0.0	0.0	0.0	0.0	0.0	0.0	0.0	0.0	0.0	0.0	0.0	0.0	0.0	0.0	0.0	0.0	0.0	0.0	0.0	0.0	0.0	0.0	0.0	0.0	0.0	0.0	0.0	0.0	0.0	0.0	0.0	0.0	0.0	0.0	0.0	0.0	0.0	0.0	0.0	0.0	0.0	0.0	0.0	0.0	0.0	0.0	0.0	0.0	0.0	0.0	0.0	0.0	0.0	0.0	0.0	0.0	0.0	0.0	0.0	0.0	0.0	0.0	0.0	0.0	0.0	0.0	0.0	0.0	0.0	0.0	0.0	0.0	0.0	0.0	0.0	0.0	0.0	0.0	0.0	0.0	0.0	0.0	0.0	0.0	0.0	0.0	0.0	0.0	0.0	0.0	0.0	0.0	0.0	0.0	0.0	0.0	0.0	0.0	0.0	0.0	0.0	0.0	0.0	0.0	0.0	0.0	0.0	0.0	0.0	0.0	0.0	0.0	0.0	0.0	0.0	0.0	0.0	0.0	0.0	0.0	0.0	0.0	0.0	0.0	0.0	0.0	0.0	0.0	0.0	0.0	0.0	0.0	0.0	0.0	0.0	0.0	0.0	0.0	0.0	0.0	0.0	0.0	0.0	0.0	0.0	0.0	0.0	0.0	0.0	0.0	0.0	0.0	0.0	0.0	0.0	0.0	0.0	0.0	0.0	0.0	0.0	0.0	0.0	0.0	0.0	0.0	0.0	0.0	0.0	0.0	0.0	0.0	0.0	0.0	0.0	0.0	0.0	0.0	0.0	0.0	0.0	0.0	0.0	0.0	0.0	0.0	0.0	0.0	0.0	0.0	0.0	0.0	0.0	0.0	0.0	0.0	0.0	0.0	0.0	0.0	0.0	0.0	0.0	0.0	0.0	0.0	0.0	0.0	0.0	0.0	0.0	0.0	0.0	0.0	0.0	0.0	0.0	0.0	0.0	0.0	0.0	0.0	0.0	0.0	0.0	0.0	0.0	0.0	0.0	0.0	0.0	0.0	0.0	0.0	0.0	0.0	0.0	0.0	0.0	0.0	0.0	0.0	0.0	0.0	0.0	0.0	0.0	0.0	0.0	0.0	0.0	0.0	0.0	0.0	0.0	0.0	0.0	0.0	0.0	0.0	0.0	0.0	0.0	0.0	0.0	0.0	0.0	0.0	0.0	0.0	0.0	0.0	0.0	0.0	0.0	0.0	0.0	0.0	0.0	0.0	0.0	0.0	0.0	0.0	0.0	0.0	0.0	0.0	0.0	0.0	0.0	0.0	0.0	0.0	0.0	0.0	0.0	0.0	0.0	0.0	0.0	0.0	0.0	0.0	0.0	0.0	0.0	0.0	0.0	0.0	0.0	0.0	0.0	0.0	0.0	0.0	0.0	0.0	0.0	0.0	0.0	0.0	0.0	0.0	0.0	0.0	0.0	0.0	0.0	0.0	0.0	0.0	0.0	0.0	0.0	0.0	0.0	0.0	0.0	0.0	0.0	0.0	0.0	0.0	0.0	0.0	0.0	0.0	0.0	0.0	0.0	0.0	0.0	0.0	0.0	0.0	0.0	0.0	0.0	0.0	0.0	0.0	0.0	0.0	0.0	0.0	0.0	0.0	0.0	0.0	0.0	0.0	0.0	0.0	0.0	0.0	0.0	0.0	0.0	0.0	0.0	0.0	0.0	0.0	0.0	0.0	0.0	0.0	0.0	0.0	0.0	0.0	0.0
0.0	0.0	0.0	0.0	0.0	0.0	0.0	0.0	0.0	0.0	0.0	0.0	0.0	0.0	0.0	0.0	0.0	0.0	0.0	0.0	0.0	0.0	0.0	0.0	0.0	0.0	0.0	0.0	0.0	0.0	0.0	0.0	0.0	0.0	0.0	0.0	0.0	0.0	0.0	0.0	0.0	0.0	0.0	0.0	0.0	0.0	0.0	0.0	0.0	0.0	0.0	0.0	0.0	0.0	0.0	0.0	0.0	0.0	0.0	0.0	0.0	0.0	0.0	0.0	0.0	0.0	0.0	0.0	0.0	0.0	0.0	0.0	0.0	0.0	0.0	0.0	0.0	0.0	0.0	0.0	0.0	0.0	0.0	0.0	0.0	0.0	0.0	0.0	0.0	0.0	0.0	0.0	0.0	0.0	0.0	0.0	0.0	0.0	0.0	0.0	0.0	0.0	0.0	0.0	0.0	0.0	0.0	0.0	0.0	0.0	0.0	0.0	0.0	0.0	0.0	0.0	0.0	0.0	0.0	0.0	0.0	0.0	0.0	0.0	0.0	0.0	0.0	0.0	0.0	0.0	0.0	0.0	0.0	0.0	0.0	0.0	0.0	0.0	0.0	0.0	0.0	0.0	0.0	0.0	0.0	0.0	0.0	0.0	0.0	0.0	0.0	0.0	0.0	0.0	0.0	0.0	0.0	0.0	0.0	0.0	0.0	0.0	0.0	0.0	0.0	0.0	0.0	0.0	0.0	0.0	0.0	0.0	0.0	0.0	0.0	0.0	0.0	0.0	0.0	0.0	0.0	0.0	0.0	0.0	0.0	0.0	0.0	0.0	0.0	0.0	0.0	0.0	0.0	0.0	0.0	0.0	0.0	0.0	0.0	0.0	0.0	0.0	0.0	0.0	0.0	0.0	0.0	0.0	0.0	0.0	0.0	0.0	0.0	0.0	0.0	0.0	0.0	0.0	0.0	0.0	0.0	0.0	0.0	0.0	0.0	0.0	0.0	0.0	0.0	0.0	0.0	0.0	0.0	0.0	0.0	0.0	0.0	0.0	0.0	0.0	0.0	0.0	0.0	0.0	0.0	0.0	0.0	0.0	0.0	0.0	0.0	0.0	0.0	0.0	0.0	0.0	0.0	0.0	0.0	0.0	0.0	0.0	0.0	0.0	0.0	0.0	0.0	0.0	0.0	0.0	0.0	0.0	0.0	0.0	0.0	0.0	0.0	0.0	0.0	0.0	0.0	0.0	0.0	0.0	0.0	0.0	0.0	0.0	0.0	0.0	0.0	0.0	0.0	0.0	0.0	0.0	0.0	0.0	0.0	0.0	0.0	0.0	0.0	0.0	0.0	0.0	0.0	0.0	0.0	0.0	0.0	0.0	0.0	0.0	0.0	0.0	0.0	0.0	0.0	0.0	0.0	0.0	0.0	0.0	0.0	0.0	0.0	0.0	0.0	0.0	0.0	0.0	0.0	0.0	0.0	0.0	0.0	0.0	0.0	0.0	0.0	0.0	0.0	0.0	0.0	0.0	0.0	0.0	0.0	0.0	0.0	0.0	0.0	0.0	0.0	0.0	0.0	0.0	0.0	0.0	0.0	0.0	0.0	0.0	0.0	0.0	0.0	0.0	0.0	0.0	0.0	0.0	0.0	0.0	0.0	0.0	0.0	0.0	0.0	0.0	0.0	0.0	0.0	0.0	0.0	0.0	0.0	0.0	0.0	0.0	0.0	0.0	0.0	0.0	0.0	0.0	0.0	0.0	0.0	0.0	0.0	0.0	0.0	0.0	0.0	0.0	0.0	0.0	0.0	0.0	0.0	0.0	0.0	0.0	0.0	0.0	0.0	0.0	0.0	0.0	0.0	0.0	0.0	0.0	0.0	0.0	0.0	0.0	0.0	0.0	0.0	0.0	0.0	0.0	0.0	0.0	0.0	0.0	0.0	0.0	0.0	0.0	0.0	0.0	0.0	0.0	0.0	0.0	0.0	0.0	0.0	0.0	0.0	0.0	0.0	0.0	0.0	0.0	0.0	0.0	0.0	0.0	0.0	0.0	0.0	0.0	0.0	0.0	0.0	0.0	0.0	0.0	0.0	0.0	0.0	0.0	0.0	0.0	0.0	0.0	0.0	0.0	0.0	0.0	0.0	0.0	0.0	0.0	0.0	0.0	0.0	0.0	0.0	0.0	0.0	0.0	0.0	0.0	0.0	0.0
1.33125875e-08	-1.077799e-08	-1.828223e-09	-4.234223e-09	9.046948e-10	-1.4216455e-08	-3.9774022e-08	-2.0721654e-08	-5.36872e-09	-4.2537693e-09	-2.9873035e-10	-6.349211e-08	1.2236114e-09	-1.1231509e-09	-1.2525148e-08	-2.0404414e-08	-1.5258472e-08	-5.4360207e-08	-1.8321838e-08	-6.98583e-09	-4.205601e-08	-1.2328951e-09	-2.5656686e-08	-1.7347633e-09	-7.522658e-10	-6.0741763e-09	-6.671031e-08	-5.6302496e-10	2.0342588e-09	2.7276428e-10	4.4338755e-09	-4.1137426e-08	1.5888031e-09	-2.3120015e-09	-5.225651e-08	-1.837283e-08	-2.5337899e-08	-1.1425368e-08	-6.726491e-09	1.058072e-10	-5.8420495e-09	-4.820455e-09	-7.2923214e-08	-1.5260389e-09	-1.2118704e-07	-3.7322636e-08	-1.9211619e-08	-2.7026181e-09	-5.9161495e-11	-1.391805e-08	-1.3250917e-08	-1.3575892e-09	1.1390375e-09	-1.3038379e-09	-5.358196e-09	-5.4668746e-08	-5.904758e-08	-3.856353e-09	1.1043904e-09	-1.5803238e-08	-2.7045978e-08	-3.5198433e-08	1.21410855e-08	-3.9986222e-08	-2.427047e-08	1.9177104e-09	-6.9828094e-09	-1.0177457e-08	-2.538606e-08	-1.3440076e-08	-4.8413984e-08	-2.2988592e-08	-6.39756e-09	-1.4399546e-08	-1.0664486e-08	-5.3063776e-09	-1.09461515e-08	2.241626e-09	-1.7601385e-08	-1.2541426e-08	-1.6499598e-10	-3.7221643e-08	-1.3829332e-08	-4.314634e-09	-1.495858e-08	-2.1664643e-08	-2.2508196e-08	-3.6074468e-08	-1.2120916e-08	2.778952e-09	-2.808747e-11	-8.718977e-09	-2.423282e-08	-7.249571e-10	-1.2119533e-08	0.0	-1.1723716e-08	-4.565098e-08	1.9624125e-08	-1.625731e-08	-1.4057523e-08	-6.109699e-09	-2.4903061e-08	-6.8076065e-09	-6.1893717e-09	-3.6108553e-08	4.7225623e-10	-1.3050982e-08	-7.657843e-09	-2.0326782e-08	-5.75541e-09	-1.6659001e-08	-1.4730465e-08	-5.50618e-09	-1.6512848e-08	7.615802e-10	-1.4417285e-08	-3.047451e-08	-6.740167e-08	-2.9556242e-08	-1.485528e-08	1.5628143e-09	-3.6424717e-09	-5.806876e-09	5.8248245e-10	-2.1935698e-08	-1.5910759e-08	-1.5705604e-08	-1.6340368e-09	-5.0961275e-09	-8.232321e-08	0.0	-4.891527e-09	-3.019079e-09	-3.355305e-08	-2.7163571e-09	-3.278251e-10	6.933458e-08	1.1219163e-09	-2.8598173e-08	-3.1337912e-09	-2.3710951e-08	-2.6897045e-09	-3.645381e-08	-2.49747e-08	-6.070784e-09	-1.3180398e-08	-1.4598888e-08	-3.221519e-08	2.1569075e-09	-5.218401e-09	-3.4981852e-08	2.1962591e-10	-2.3937975e-08	-3.7568793e-09	-8.865607e-09	-5.0032604e-08	-6.6186656e-10	-3.3832347e-08	2.6258999e-08	4.9641813e-10	-5.9778465e-08	-2.4074684e-08	-6.5475525e-08	0.0	-2.3310424e-08	-5.9993885e-09	1.4997453e-10	-1.7779914e-08	-1.38168925e-08	-2.9997103e-08	1.3856448e-08	-2.1067263e-09	-8.2681934e-10	-1.5612438e-08	-2.6602478e-08	-2.5276869e-08	-5.4483236e-09	-3.662475e-09	-1.245617e-08	-5.994468e-09	-2.2062288e-08	-2.926481e-10	-2.930866e-08	-3.253784e-08	-3.7443115e-08	-1.8954886e-08	-2.3962993e-08	-1.1415702e-08	-2.4208249e-09	2.7177567e-09	-1.107502e-09	-5.2280256e-09	-3.393953e-08	-9.996756e-09	-5.586271e-09	-2.0971338e-08	-4.276153e-08	-4.763068e-08	-5.4390568e-09	-6.4976438e-09	-7.701255e-09	-1.1864563e-09	-1.6251324e-08	-9.57758e-09	-4.7519997e-08	-1.9052072e-08	-1.4540276e-08	-4.180897e-09	-9.235157e-09	-2.0310601e-08	-3.1845637e-08	-6.1789734e-08	-6.9810904e-09	-1.4123673e-08	-1.1089831e-08	-9.561786e-09	-2.886277e-09	-1.1941404e-08	-3.0928476e-08	-6.4936556e-10	-2.6153906e-08	-1.007012e-08	-2.6877192e-08	5.2803445e-10	-9.805774e-09	-2.3262729e-08	5.241009e-10	-2.8214778e-08	-2.699342e-08	-3.3215837e-08	-2.3351208e-09	-3.492125e-08	-1.3765556e-08	-3.6159076e-08	-8.290155e-09	4.587059e-09	-2.9637386e-09	-5.03706e-09	-3.4733239e-09	-2.6329264e-08	-2.1426876e-09	-4.7991464e-09	-2.4519805e-08	-1.1727317e-08	-4.1661123e-09	-1.791434e-08	-1.0934103e-08	7.0203248e-09	1.3738372e-10	-7.903461e-09	-2.7879787e-09	5.471145e-10	-9.9639035e-09	1.0914288e-09	-2.4676607e-08	-2.2460158e-08	-1.3563499e-09	-1.1480142e-09	-7.575377e-09	-1.2417129e-08	-5.277759e-09	-3.1805723e-08	-1.7482921e-09	-1.4359432e-08	-1.8567738e-08	-1.882745e-10	-5.308109e-09	-3.2050306e-08	-2.6514282e-08	-1.4599267e-08	-3.687267e-08	-1.7801358e-09	-4.7384673e-11	8.5385865e-10	-1.2370378e-09	-7.82139e-09	-1.479282e-08	-3.8479403e-08	-2.0770967e-08	-3.8696857e-08	-1.199126e-08	-2.3933412e-08	4.774847e-14	-1.189569e-09	-9.400747e-09	-5.1252527e-09	-8.746306e-09	-3.3498452e-08	-1.3495744e-08	-1.1124772e-08	-3.1898548e-09	-1.2207829e-09	-7.672322e-09	-1.5414265e-08	-3.521927e-08	-6.0790604e-09	-5.6602243e-09	8.937843e-10	-4.07354e-09	-1.6811297e-08	-1.1620004e-08	-2.6160349e-08	1.0993947e-08	-1.8044409e-08	-8.7724255e-09	-2.3080784e-08	-3.41769e-08	3.6266976e-09	-3.2918308e-08	8.792452e-09	-8.540837e-09	4.1390102e-08	0.0	-1.9673031e-08	-8.561897e-09	-7.695775e-09	-3.2413527e-09	-5.9064793e-09	-1.08298215e-08	0.0	-2.959893e-08	-2.7765672e-08	1.1903921e-09	-7.564601e-09	-1.3075581e-08	-1.5942101e-09	-8.192892e-09	-6.5568746e-09	-2.0026583e-08	-4.4864112e-09	-2.2596145e-09	-1.8699346e-08	-6.312971e-09	-1.7675735e-08	-9.75451e-09	-4.888211e-09	-3.0917867e-08	-1.3970018e-08	-1.5281421e-09	1.8902528e-09	6.1464334e-10	-5.825582e-09	-1.1559885e-08	-1.3681364e-08	-2.815109e-09	-1.7982096e-08	-2.5986067e-08	-4.592291e-09	-2.0289912e-08	-6.8594512e-09	-1.501245e-08	-5.14641e-10	-1.8383323e-08	-7.479957e-10	-2.8275945e-08	-2.9386587e-08	-3.3406565e-08	-1.3602553e-08	-6.882244e-09	-3.0168883e-09	8.7520515e-09	-2.1181107e-08	-2.2605418e-08	-7.4037656e-09	-1.447204e-08	1.4226168e-09	1.0038969e-09	-7.7944495e-09	-1.1514651e-08	-1.51064e-08	-1.20173045e-08	-5.6416023e-09	-5.9046807e-09	7.618144e-10	-5.8762204e-09	-5.0251674e-09	4.293065e-10	4.1230783e-09	-3.063153e-09	3.956643e-10	-5.992557e-08	-1.3946146e-09	-2.222925e-08	-8.2015e-09	4.9727156e-09	-1.8357982e-08	-9.777848e-09	-4.5865818e-11	-1.2058536e-10	-1.575466e-08	7.3214323e-11	-1.557125e-08	-1.8629837e-08	9.72185e-10	-3.6235072e-08	-2.5877056e-09	5.2751954e-09	-3.2716547e-09	-5.3943587e-09	-4.7099205e-09	-2.5396883e-08	-1.7435093e-08	7.5880735e-10	-1.8922906e-08	-1.2118017e-08	-4.8451054e-10	3.4246932e-09	-5.6922547e-09	-2.1583517e-08	3.977984e-09	-1.7400435e-08	-2.8284444e-09	-1.4583338e-08	-7.8999846e-10	-2.3613286e-08	-2.929333e-08	2.3447546e-09	-5.0513236e-08	-1.06699725e-08	-2.3131326e-08	-8.8149593e-10	-1.6297998e-08	-1.4974336e-08	-9.9678694e-08	-2.760089e-10	8.821787e-09	8.686834e-10	-3.6076102e-08	-9.364168e-10	-1.4018906e-09	0.0	7.308995e-10	0.0	-1.665916e-08	-1.4157413e-08	-4.2469037e-09	-8.755412e-09	-3.955518e-08	-1.9504183e-09	3.0921002e-10	-1.791045e-08	-1.3368324e-08	-1.271261e-09	1.064887e-08	1.0851773e-09	-6.4609593e-09	-4.5560085e-08	-2.478764e-09	-2.1672742e-08	6.009486e-10	-1.3188315e-08	-3.334867e-09	-1.6406027e-08	-2.2731513e-08	-1.5978156e-08	-1.3679755e-09	-1.1791426e-08	-9.151133e-09	-7.818333e-09	-1.2513107e-08	-3.5071817e-08	-1.7554209e-08	-4.784233e-09	7.3267986e-10	8.080223e-09	1.3187593e-08	-8.66572e-09	3.7577275e-09	-2.6239372e-08	-6.4948154e-09	7.920877e-09	-1.1992747e-08	-6.7955055e-09	-1.1572934e-09	-1.1681925e-08	-3.641036e-09	-2.2930544e-09	-3.990144e-09	-1.3018415e-08	-2.445102e-08	-2.4940324e-08	-1.7871487e-08	-1.8589928e-08	-4.766774e-09	-6.8353256e-09	2.6509293e-09	-2.7002175e-08	-4.700587e-10	1.6334495e-08	-1.8022861e-08	-1.6232207e-09	-2.0786093e-09	2.6223915e-10	1.608795e-09	2.2153877e-08	-1.1126308e-08	-4.199079e-09	-9.138699e-09	-3.292646e-09
0.0	0.0	0.0	0.0	0.0	0.0	0.0	0.0	0.0	0.0	0.0	0.0	0.0	0.0	0.0	0.0	0.0	0.0	0.0	0.0	0.0	0.0	0.0	0.0	0.0	0.0	0.0	0.0	0.0	0.0	0.0	0.0	0.0	0.0	0.0	0.0	0.0	0.0	0.0	0.0	0.0	0.0	0.0	0.0	0.0	0.0	0.0	0.0	0.0	0.0	0.0	0.0	0.0	0.0	0.0	0.0	0.0	0.0	0.0	0.0	0.0	0.0	0.0	0.0	0.0	0.0	0.0	0.0	0.0	0.0	0.0	0.0	0.0	0.0	0.0	0.0	0.0	0.0	0.0	0.0	0.0	0.0	0.0	0.0	0.0	0.0	0.0	0.0	0.0	0.0	0.0	0.0	0.0	0.0	0.0	0.0	0.0	0.0	0.0	0.0	0.0	0.0	0.0	0.0	0.0	0.0	0.0	0.0	0.0	0.0	0.0	0.0	0.0	0.0	0.0	0.0	0.0	0.0	0.0	0.0	0.0	0.0	0.0	0.0	0.0	0.0	0.0	0.0	0.0	0.0	0.0	0.0	0.0	0.0	0.0	0.0	0.0	0.0	0.0	0.0	0.0	0.0	0.0	0.0	0.0	0.0	0.0	0.0	0.0	0.0	0.0	0.0	0.0	0.0	0.0	0.0	0.0	0.0	0.0	0.0	0.0	0.0	0.0	0.0	0.0	0.0	0.0	0.0	0.0	0.0	0.0	0.0	0.0	0.0	0.0	0.0	0.0	0.0	0.0	0.0	0.0	0.0	0.0	0.0	0.0	0.0	0.0	0.0	0.0	0.0	0.0	0.0	0.0	0.0	0.0	0.0	0.0	0.0	0.0	0.0	0.0	0.0	0.0	0.0	0.0	0.0	0.0	0.0	0.0	0.0	0.0	0.0	0.0	0.0	0.0	0.0	0.0	0.0	0.0	0.0	0.0	0.0	0.0	0.0	0.0	0.0	0.0	0.0	0.0	0.0	0.0	0.0	0.0	0.0	0.0	0.0	0.0	0.0	0.0	0.0	0.0	0.0	0.0	0.0	0.0	0.0	0.0	0.0	0.0	0.0	0.0	0.0	0.0	0.0	0.0	0.0	0.0	0.0	0.0	0.0	0.0	0.0	0.0	0.0	0.0	0.0	0.0	0.0	0.0	0.0	0.0	0.0	0.0	0.0	0.0	0.0	0.0	0.0	0.0	0.0	0.0	0.0	0.0	0.0	0.0	0.0	0.0	0.0	0.0	0.0	0.0	0.0	0.0	0.0	0.0	0.0	0.0	0.0	0.0	0.0	0.0	0.0	0.0	0.0	0.0	0.0	0.0	0.0	0.0	0.0	0.0	0.0	0.0	0.0	0.0	0.0	0.0	0.0	0.0	0.0	0.0	0.0	0.0	0.0	0.0	0.0	0.0	0.0	0.0	0.0	0.0	0.0	0.0	0.0	0.0	0.0	0.0	0.0	0.0	0.0	0.0	0.0	0.0	0.0	0.0	0.0	0.0	0.0	0.0	0.0	0.0	0.0	0.0	0.0	0.0	0.0	0.0	0.0	0.0	0.0	0.0	0.0	0.0	0.0	0.0	0.0	0.0	0.0	0.0	0.0	0.0	0.0	0.0	0.0	0.0	0.0	0.0	0.0	0.0	0.0	0.0	0.0	0.0	0.0	0.0	0.0	0.0	0.0	0.0	0.0	0.0	0.0	0.0	0.0	0.0	0.0	0.0	0.0	0.0	0.0	0.0	0.0	0.0	0.0	0.0	0.0	0.0	0.0	0.0	0.0	0.0	0.0	0.0	0.0	0.0	0.0	0.0	0.0	0.0	0.0	0.0	0.0	0.0	0.0	0.0	0.0	0.0	0.0	0.0	0.0	0.0	0.0	0.0	0.0	0.0	0.0	0.0	0.0	0.0	0.0	0.0	0.0	0.0	0.0	0.0	0.0	0.0	0.0	0.0	0.0	0.0	0.0	0.0	0.0	0.0	0.0	0.0	0.0	0.0	0.0	0.0	0.0	0.0	0.0	0.0	0.0	0.0	0.0	0.0	0.0	0.0	0.0	0.0	0.0	0.0	0.0	0.0	0.0	0.0	0.0	0.0	0.0	0.0	0.0	0.0	0.0	0.0	0.0	0.0	0.0	0.0	0.0	0.0	0.0	0.0	0.0	0.0	0.0	0.0	0.0
0.0	0.0	0.0	0.0	0.0	0.0	0.0	0.0	0.0	0.0	0.0	0.0	0.0	0.0	0.0	0.0	0.0	0.0	0.0	0.0	0.0	0.0	0.0	0.0	0.0	0.0	0.0	0.0	0.0	0.0	0.0	0.0	0.0	0.0	0.0	0.0	0.0	0.0	0.0	0.0	0.0	0.0	0.0	0.0	0.0	0.0	0.0	0.0	0.0	0.0	0.0	0.0	0.0	0.0	0.0	0.0	0.0	0.0	0.0	0.0	0.0	0.0	0.0	0.0	0.0	0.0	0.0	0.0	0.0	0.0	0.0	0.0	0.0	0.0	0.0	0.0	0.0	0.0	0.0	0.0	0.0	0.0	0.0	0.0	0.0	0.0	0.0	0.0	0.0	0.0	0.0	0.0	0.0	0.0	0.0	0.0	0.0	0.0	0.0	0.0	0.0	0.0	0.0	0.0	0.0	0.0	0.0	0.0	0.0	0.0	0.0	0.0	0.0	0.0	0.0	0.0	0.0	0.0	0.0	0.0	0.0	0.0	0.0	0.0	0.0	0.0	0.0	0.0	0.0	0.0	0.0	0.0	0.0	0.0	0.0	0.0	0.0	0.0	0.0	0.0	0.0	0.0	0.0	0.0	0.0	0.0	0.0	0.0	0.0	0.0	0.0	0.0	0.0	0.0	0.0	0.0	0.0	0.0	0.0	0.0	0.0	0.0	0.0	0.0	0.0	0.0	0.0	0.0	0.0	0.0	0.0	0.0	0.0	0.0	0.0	0.0	0.0	0.0	0.0	0.0	0.0	0.0	0.0	0.0	0.0	0.0	0.0	0.0	0.0	0.0	0.0	0.0	0.0	0.0	0.0	0.0	0.0	0.0	0.0	0.0	0.0	0.0	0.0	0.0	0.0	0.0	0.0	0.0	0.0	0.0	0.0	0.0	0.0	0.0	0.0	0.0	0.0	0.0	0.0	0.0	0.0	0.0	0.0	0.0	0.0	0.0	0.0	0.0	0.0	0.0	0.0	0.0	0.0	0.0	0.0	0.0	0.0	0.0	0.0	0.0	0.0	0.0	0.0	0.0	0.0	0.0	0.0	0.0	0.0	0.0	0.0	0.0	0.0	0.0	0.0	0.0	0.0	0.0	0.0	0.0	0.0	0.0	0.0	0.0	0.0	0.0	0.0	0.0	0.0	0.0	0.0	0.0	0.0	0.0	0.0	0.0	0.0	0.0	0.0	0.0	0.0	0.0	0.0	0.0	0.0	0.0	0.0	0.0	0.0	0.0	0.0	0.0	0.0	0.0	0.0	0.0	0.0	0.0	0.0	0.0	0.0	0.0	0.0	0.0	0.0	0.0	0.0	0.0	0.0	0.0	0.0	0.0	0.0	0.0	0.0	0.0	0.0	0.0	0.0	0.0	0.0	0.0	0.0	0.0	0.0	0.0	0.0	0.0	0.0	0.0	0.0	0.0	0.0	0.0	0.0	0.0	0.0	0.0	0.0	0.0	0.0	0.0	0.0	0.0	0.0	0.0	0.0	0.0	0.0	0.0	0.0	0.0	0.0	0.0	0.0	0.0	0.0	0.0	0.0	0.0	0.0	0.0	0.0	0.0	0.0	0.0	0.0	0.0	0.0	0.0	0.0	0.0	0.0	0.0	0.0	0.0	0.0	0.0	0.0	0.0	0.0	0.0	0.0	0.0	0.0	0.0	0.0	0.0	0.0	0.0	0.0	0.0	0.0	0.0	0.0	0.0	0.0	0.0	0.0	0.0	0.0	0.0	0.0	0.0	0.0	0.0	0.0	0.0	0.0	0.0	0.0	0.0	0.0	0.0	0.0	0.0	0.0	0.0	0.0	0.0	0.0	0.0	0.0	0.0	0.0	0.0	0.0	0.0	0.0	0.0	0.0	0.0	0.0	0.0	0.0	0.0	0.0	0.0	0.0	0.0	0.0	0.0	0.0	0.0	0.0	0.0	0.0	0.0	0.0	0.0	0.0	0.0	0.0	0.0	0.0	0.0	0.0	0.0	0.0	0.0	0.0	0.0	0.0	0.0	0.0	0.0	0.0	0.0	0.0	0.0	0.0	0.0	0.0	0.0	0.0	0.0	0.0	0.0	0.0	0.0	0.0	0.0	0.0	0.0	0.0	0.0	0.0	0.0	0.0	0.0	0.0	0.0	0.0	0.0	0.0	0.0	0.0	0.0	0.0	0.0
0.0	0.0	0.0	0.0	0.0	0.0	0.0	0.0	0.0	0.0	0.0	0.0	0.0	0.0	0.0	0.0	0.0	0.0	0.0	0.0	0.0	0.0	0.0	0.0	0.0	0.0	0.0	0.0	0.0	0.0	0.0	0.0	0.0	0.0	0.0	0.0	0.0	0.0	0.0	0.0	0.0	0.0	0.0	0.0	0.0	0.0	0.0	0.0	0.0	0.0	0.0	0.0	0.0	0.0	0.0	0.0	0.0	0.0	0.0	0.0	0.0	0.0	0.0	0.0	0.0	0.0	0.0	0.0	0.0	0.0	0.0	0.0	0.0	0.0	0.0	0.0	0.0	0.0	0.0	0.0	0.0	0.0	0.0	0.0	0.0	0.0	0.0	0.0	0.0	0.0	0.0	0.0	0.0	0.0	0.0	0.0	0.0	0.0	0.0	0.0	0.0	0.0	0.0	0.0	0.0	0.0	0.0	0.0	0.0	0.0	0.0	0.0	0.0	0.0	0.0	0.0	0.0	0.0	0.0	0.0	0.0	0.0	0.0	0.0	0.0	0.0	0.0	0.0	0.0	0.0	0.0	0.0	0.0	0.0	0.0	0.0	0.0	0.0	0.0	0.0	0.0	0.0	0.0	0.0	0.0	0.0	0.0	0.0	0.0	0.0	0.0	0.0	0.0	0.0	0.0	0.0	0.0	0.0	0.0	0.0	0.0	0.0	0.0	0.0	0.0	0.0	0.0	0.0	0.0	0.0	0.0	0.0	0.0	0.0	0.0	0.0	0.0	0.0	0.0	0.0	0.0	0.0	0.0	0.0	0.0	0.0	0.0	0.0	0.0	0.0	0.0	0.0	0.0	0.0	0.0	0.0	0.0	0.0	0.0	0.0	0.0	0.0	0.0	0.0	0.0	0.0	0.0	0.0	0.0	0.0	0.0	0.0	0.0	0.0	0.0	0.0	0.0	0.0	0.0	0.0	0.0	0.0	0.0	0.0	0.0	0.0	0.0	0.0	0.0	0.0	0.0	0.0	0.0	0.0	0.0	0.0	0.0	0.0	0.0	0.0	0.0	0.0	0.0	0.0	0.0	0.0	0.0	0.0	0.0	0.0	0.0	0.0	0.0	0.0	0.0	0.0	0.0	0.0	0.0	0.0	0.0	0.0	0.0	0.0	0.0	0.0	0.0	0.0	0.0	0.0	0.0	0.0	0.0	0.0	0.0	0.0	0.0	0.0	0.0	0.0	0.0	0.0	0.0	0.0	0.0	0.0	0.0	0.0	0.0	0.0	0.0	0.0	0.0	0.0	0.0	0.0	0.0	0.0	0.0	0.0	0.0	0.0	0.0	0.0	0.0	0.0	0.0	0.0	0.0	0.0	0.0	0.0	0.0	0.0	0.0	0.0	0.0	0.0	0.0	0.0	0.0	0.0	0.0	0.0	0.0	0.0	0.0	0.0	0.0	0.0	0.0	0.0	0.0	0.0	0.0	0.0	0.0	0.0	0.0	0.0	0.0	0.0	0.0	0.0	0.0	0.0	0.0	0.0	0.0	0.0	0.0	0.0	0.0	0.0	0.0	0.0	0.0	0.0	0.0	0.0	0.0	0.0	0.0	0.0	0.0	0.0	0.0	0.0	0.0	0.0	0.0	0.0	0.0	0.0	0.0	0.0	0.0	0.0	0.0	0.0	0.0	0.0	0.0	0.0	0.0	0.0	0.0	0.0	0.0	0.0	0.0	0.0	0.0	0.0	0.0	0.0	0.0	0.0	0.0	0.0	0.0	0.0	0.0	0.0	0.0	0.0	0.0	0.0	0.0	0.0	0.0	0.0	0.0	0.0	0.0	0.0	0.0	0.0	0.0	0.0	0.0	0.0	0.0	0.0	0.0	0.0	0.0	0.0	0.0	0.0	0.0	0.0	0.0	0.0	0.0	0.0	0.0	0.0	0.0	0.0	0.0	0.0	0.0	0.0	0.0	0.0	0.0	0.0	0.0	0.0	0.0	0.0	0.0	0.0	0.0	0.0	0.0	0.0	0.0	0.0	0.0	0.0	0.0	0.0	0.0	0.0	0.0	0.0	0.0	0.0	0.0	0.0	0.0	0.0	0.0	0.0	0.0	0.0	0.0	0.0	0.0	0.0	0.0	0.0	0.0	0.0	0.0	0.0	0.0	0.0	0.0	0.0	0.0	0.0	0.0	0.0	0.0	0.0	0.0	0.0
0.0	0.0	0.0	0.0	0.0	0.0	0.0	0.0	0.0	0.0	0.0	0.0	0.0	0.0	0.0	0.0	0.0	0.0	0.0	0.0	0.0	0.0	0.0	0.0	0.0	0.0	0.0	0.0	0.0	0.0	0.0	0.0	0.0	0.0	0.0	0.0	0.0	0.0	0.0	0.0	0.0	0.0	0.0	0.0	0.0	0.0	0.0	0.0	0.0	0.0	0.0	0.0	0.0	0.0	0.0	0.0	0.0	0.0	0.0	0.0	0.0	0.0	0.0	0.0	0.0	0.0	0.0	0.0	0.0	0.0	0.0	0.0	0.0	0.0	0.0	0.0	0.0	0.0	0.0	0.0	0.0	0.0	0.0	0.0	0.0	0.0	0.0	0.0	0.0	0.0	0.0	0.0	0.0	0.0	0.0	0.0	0.0	0.0	0.0	0.0	0.0	0.0	0.0	0.0	0.0	0.0	0.0	0.0	0.0	0.0	0.0	0.0	0.0	0.0	0.0	0.0	0.0	0.0	0.0	0.0	0.0	0.0	0.0	0.0	0.0	0.0	0.0	0.0	0.0	0.0	0.0	0.0	0.0	0.0	0.0	0.0	0.0	0.0	0.0	0.0	0.0	0.0	0.0	0.0	0.0	0.0	0.0	0.0	0.0	0.0	0.0	0.0	0.0	0.0	0.0	0.0	0.0	0.0	0.0	0.0	0.0	0.0	0.0	0.0	0.0	0.0	0.0	0.0	0.0	0.0	0.0	0.0	0.0	0.0	0.0	0.0	0.0	0.0	0.0	0.0	0.0	0.0	0.0	0.0	0.0	0.0	0.0	0.0	0.0	0.0	0.0	0.0	0.0	0.0	0.0	0.0	0.0	0.0	0.0	0.0	0.0	0.0	0.0	0.0	0.0	0.0	0.0	0.0	0.0	0.0	0.0	0.0	0.0	0.0	0.0	0.0	0.0	0.0	0.0	0.0	0.0	0.0	0.0	0.0	0.0	0.0	0.0	0.0	0.0	0.0	0.0	0.0	0.0	0.0	0.0	0.0	0.0	0.0	0.0	0.0	0.0	0.0	0.0	0.0	0.0	0.0	0.0	0.0	0.0	0.0	0.0	0.0	0.0	0.0	0.0	0.0	0.0	0.0	0.0	0.0	0.0	0.0	0.0	0.0	0.0	0.0	0.0	0.0	0.0	0.0	0.0	0.0	0.0	0.0	0.0	0.0	0.0	0.0	0.0	0.0	0.0	0.0	0.0	0.0	0.0	0.0	0.0	0.0	0.0	0.0	0.0	0.0	0.0	0.0	0.0	0.0	0.0	0.0	0.0	0.0	0.0	0.0	0.0	0.0	0.0	0.0	0.0	0.0	0.0	0.0	0.0	0.0	0.0	0.0	0.0	0.0	0.0	0.0	0.0	0.0	0.0	0.0	0.0	0.0	0.0	0.0	0.0	0.0	0.0	0.0	0.0	0.0	0.0	0.0	0.0	0.0	0.0	0.0	0.0	0.0	0.0	0.0	0.0	0.0	0.0	0.0	0.0	0.0	0.0	0.0	0.0	0.0	0.0	0.0	0.0	0.0	0.0	0.0	0.0	0.0	0.0	0.0	0.0	0.0	0.0	0.0	0.0	0.0	0.0	0.0	0.0	0.0	0.0	0.0	0.0	0.0	0.0	0.0	0.0	0.0	0.0	0.0	0.0	0.0	0.0	0.0	0.0	0.0	0.0	0.0	0.0	0.0	0.0	0.0	0.0	0.0	0.0	0.0	0.0	0.0	0.0	0.0	0.0	0.0	0.0	0.0	0.0	0.0	0.0	0.0	0.0	0.0	0.0	0.0	0.0	0.0	0.0	0.0	0.0	0.0	0.0	0.0	0.0	0.0	0.0	0.0	0.0	0.0	0.0	0.0	0.0	0.0	0.0	0.0	0.0	0.0	0.0	0.0	0.0	0.0	0.0	0.0	0.0	0.0	0.0	0.0	0.0	0.0	0.0	0.0	0.0	0.0	0.0	0.0	0.0	0.0	0.0	0.0	0.0	0.0	0.0	0.0	0.0	0.0	0.0	0.0	0.0	0.0	0.0	0.0	0.0	0.0	0.0	0.0	0.0	0.0	0.0	0.0	0.0	0.0	0.0	0.0	0.0	0.0	0.0	0.0	0.0	0.0	0.0	0.0	0.0	0.0	0.0	0.0	0.0	0.0	0.0	0.0	0.0	0.0
0.0	0.0	0.0	0.0	0.0	0.0	0.0	0.0	0.0	0.0	0.0	0.0	0.0	0.0	0.0	0.0	0.0	0.0	0.0	0.0	0.0	0.0	0.0	0.0	0.0	0.0	0.0	0.0	0.0	0.0	0.0	0.0	0.0	0.0	0.0	0.0	0.0	0.0	0.0	0.0	0.0	0.0	0.0	0.0	0.0	0.0	0.0	0.0	0.0	0.0	0.0	0.0	0.0	0.0	0.0	0.0	0.0	0.0	0.0	0.0	0.0	0.0	0.0	0.0	0.0	0.0	0.0	0.0	0.0	0.0	0.0	0.0	0.0	0.0	0.0	0.0	0.0	0.0	0.0	0.0	0.0	0.0	0.0	0.0	0.0	0.0	0.0	0.0	0.0	0.0	0.0	0.0	0.0	0.0	0.0	0.0	0.0	0.0	0.0	0.0	0.0	0.0	0.0	0.0	0.0	0.0	0.0	0.0	0.0	0.0	0.0	0.0	0.0	0.0	0.0	0.0	0.0	0.0	0.0	0.0	0.0	0.0	0.0	0.0	0.0	0.0	0.0	0.0	0.0	0.0	0.0	0.0	0.0	0.0	0.0	0.0	0.0	0.0	0.0	0.0	0.0	0.0	0.0	0.0	0.0	0.0	0.0	0.0	0.0	0.0	0.0	0.0	0.0	0.0	0.0	0.0	0.0	0.0	0.0	0.0	0.0	0.0	0.0	0.0	0.0	0.0	0.0	0.0	0.0	0.0	0.0	0.0	0.0	0.0	0.0	0.0	0.0	0.0	0.0	0.0	0.0	0.0	0.0	0.0	0.0	0.0	0.0	0.0	0.0	0.0	0.0	0.0	0.0	0.0	0.0	0.0	0.0	0.0	0.0	0.0	0.0	0.0	0.0	0.0	0.0	0.0	0.0	0.0	0.0	0.0	0.0	0.0	0.0	0.0	0.0	0.0	0.0	0.0	0.0	0.0	0.0	0.0	0.0	0.0	0.0	0.0	0.0	0.0	0.0	0.0	0.0	0.0	0.0	0.0	0.0	0.0	0.0	0.0	0.0	0.0	0.0	0.0	0.0	0.0	0.0	0.0	0.0	0.0	0.0	0.0	0.0	0.0	0.0	0.0	0.0	0.0	0.0	0.0	0.0	0.0	0.0	0.0	0.0	0.0	0.0	0.0	0.0	0.0	0.0	0.0	0.0	0.0	0.0	0.0	0.0	0.0	0.0	0.0	0.0	0.0	0.0	0.0	0.0	0.0	0.0	0.0	0.0	0.0	0.0	0.0	0.0	0.0	0.0	0.0	0.0	0.0	0.0	0.0	0.0	0.0	0.0	0.0	0.0	0.0	0.0	0.0	0.0	0.0	0.0	0.0	0.0	0.0	0.0	0.0	0.0	0.0	0.0	0.0	0.0	0.0	0.0	0.0	0.0	0.0	0.0	0.0	0.0	0.0	0.0	0.0	0.0	0.0	0.0	0.0	0.0	0.0	0.0	0.0	0.0	0.0	0.0	0.0	0.0	0.0	0.0	0.0	0.0	0.0	0.0	0.0	0.0	0.0	0.0	0.0	0.0	0.0	0.0	0.0	0.0	0.0	0.0	0.0	0.0	0.0	0.0	0.0	0.0	0.0	0.0	0.0	0.0	0.0	0.0	0.0	0.0	0.0	0.0	0.0	0.0	0.0	0.0	0.0	0.0	0.0	0.0	0.0	0.0	0.0	0.0	0.0	0.0	0.0	0.0	0.0	0.0	0.0	0.0	0.0	0.0	0.0	0.0	0.0	0.0	0.0	0.0	0.0	0.0	0.0	0.0	0.0	0.0	0.0	0.0	0.0	0.0	0.0	0.0	0.0	0.0	0.0	0.0	0.0	0.0	0.0	0.0	0.0	0.0	0.0	0.0	0.0	0.0	0.0	0.0	0.0	0.0	0.0	0.0	0.0	0.0	0.0	0.0	0.0	0.0	0.0	0.0	0.0	0.0	0.0	0.0	0.0	0.0	0.0	0.0	0.0	0.0	0.0	0.0	0.0	0.0	0.0	0.0	0.0	0.0	0.0	0.0	0.0	0.0	0.0	0.0	0.0	0.0	0.0	0.0	0.0	0.0	0.0	0.0	0.0	0.0	0.0	0.0	0.0	0.0	0.0	0.0	0.0	0.0	0.0	0.0	0.0	0.0	0.0	0.0	0.0	0.0	0.0	0.0	0.0	0.0	0.0
0.0	0.0	0.0	0.0	0.0	0.0	0.0	0.0	0.0	0.0	0.0	0.0	0.0	0.0	0.0	0.0	0.0	0.0	0.0	0.0	0.0	0.0	0.0	0.0	0.0	0.0	0.0	0.0	0.0	0.0	0.0	0.0	0.0	0.0	0.0	0.0	0.0	0.0	0.0	0.0	0.0	0.0	0.0	0.0	0.0	0.0	0.0	0.0	0.0	0.0	0.0	0.0	0.0	0.0	0.0	0.0	0.0	0.0	0.0	0.0	0.0	0.0	0.0	0.0	0.0	0.0	0.0	0.0	0.0	0.0	0.0	0.0	0.0	0.0	0.0	0.0	0.0	0.0	0.0	0.0	0.0	0.0	0.0	0.0	0.0	0.0	0.0	0.0	0.0	0.0	0.0	0.0	0.0	0.0	0.0	0.0	0.0	0.0	0.0	0.0	0.0	0.0	0.0	0.0	0.0	0.0	0.0	0.0	0.0	0.0	0.0	0.0	0.0	0.0	0.0	0.0	0.0	0.0	0.0	0.0	0.0	0.0	0.0	0.0	0.0	0.0	0.0	0.0	0.0	0.0	0.0	0.0	0.0	0.0	0.0	0.0	0.0	0.0	0.0	0.0	0.0	0.0	0.0	0.0	0.0	0.0	0.0	0.0	0.0	0.0	0.0	0.0	0.0	0.0	0.0	0.0	0.0	0.0	0.0	0.0	0.0	0.0	0.0	0.0	0.0	0.0	0.0	0.0	0.0	0.0	0.0	0.0	0.0	0.0	0.0	0.0	0.0	0.0	0.0	0.0	0.0	0.0	0.0	0.0	0.0	0.0	0.0	0.0	0.0	0.0	0.0	0.0	0.0	0.0	0.0	0.0	0.0	0.0	0.0	0.0	0.0	0.0	0.0	0.0	0.0	0.0	0.0	0.0	0.0	0.0	0.0	0.0	0.0	0.0	0.0	0.0	0.0	0.0	0.0	0.0	0.0	0.0	0.0	0.0	0.0	0.0	0.0	0.0	0.0	0.0	0.0	0.0	0.0	0.0	0.0	0.0	0.0	0.0	0.0	0.0	0.0	0.0	0.0	0.0	0.0	0.0	0.0	0.0	0.0	0.0	0.0	0.0	0.0	0.0	0.0	0.0	0.0	0.0	0.0	0.0	0.0	0.0	0.0	0.0	0.0	0.0	0.0	0.0	0.0	0.0	0.0	0.0	0.0	0.0	0.0	0.0	0.0	0.0	0.0	0.0	0.0	0.0	0.0	0.0	0.0	0.0	0.0	0.0	0.0	0.0	0.0	0.0	0.0	0.0	0.0	0.0	0.0	0.0	0.0	0.0	0.0	0.0	0.0	0.0	0.0	0.0	0.0	0.0	0.0	0.0	0.0	0.0	0.0	0.0	0.0	0.0	0.0	0.0	0.0	0.0	0.0	0.0	0.0	0.0	0.0	0.0	0.0	0.0	0.0	0.0	0.0	0.0	0.0	0.0	0.0	0.0	0.0	0.0	0.0	0.0	0.0	0.0	0.0	0.0	0.0	0.0	0.0	0.0	0.0	0.0	0.0	0.0	0.0	0.0	0.0	0.0	0.0	0.0	0.0	0.0	0.0	0.0	0.0	0.0	0.0	0.0	0.0	0.0	0.0	0.0	0.0	0.0	0.0	0.0	0.0	0.0	0.0	0.0	0.0	0.0	0.0	0.0	0.0	0.0	0.0	0.0	0.0	0.0	0.0	0.0	0.0	0.0	0.0	0.0	0.0	0.0	0.0	0.0	0.0	0.0	0.0	0.0	0.0	0.0	0.0	0.0	0.0	0.0	0.0	0.0	0.0	0.0	0.0	0.0	0.0	0.0	0.0	0.0	0.0	0.0	0.0	0.0	0.0	0.0	0.0	0.0	0.0	0.0	0.0	0.0	0.0	0.0	0.0	0.0	0.0	0.0	0.0	0.0	0.0	0.0	0.0	0.0	0.0	0.0	0.0	0.0	0.0	0.0	0.0	0.0	0.0	0.0	0.0	0.0	0.0	0.0	0.0	0.0	0.0	0.0	0.0	0.0	0.0	0.0	0.0	0.0	0.0	0.0	0.0	0.0	0.0	0.0	0.0	0.0	0.0	0.0	0.0	0.0	0.0	0.0	0.0	0.0	0.0	0.0	0.0	0.0	0.0	0.0	0.0	0.0	0.0	0.0	0.0	0.0	0.0	0.0	0.0	0.0	0.0	0.0
0.0	0.0	0.0	7.6293944e-08	-2.1457673e-08	-1.1920929e-08	2.2411346e-07	4.9948693e-07	2.6345253e-07	-1.5497207e-08	1.502037e-07	-1.1920929e-09	5.00679e-08	3.5762786e-09	6.318092e-08	8.583069e-08	5.7220458e-08	1.1920929e-08	1.4901161e-07	9.6559525e-08	8.34465e-09	2.3841858e-08	-7.7486035e-08	7.390976e-08	2.3841858e-08	0.0	7.152557e-09	0.0	1.1920929e-08	3.0994414e-08	-1.3113022e-08	2.348423e-07	4.4107438e-08	0.0	1.4305114e-08	2.2411346e-07	-7.271767e-08	-8.34465e-09	3.5762786e-09	-3.9339067e-08	0.0	2.1457673e-08	2.503395e-08	1.7881394e-08	1.3113022e-08	8.34465e-09	-1.1920929e-09	1.013279e-07	1.7523766e-07	4.005432e-07	3.6358833e-07	8.34465e-09	2.6226044e-08	2.026558e-08	4.172325e-08	1.07288365e-08	3.695488e-08	4.172325e-08	8.34465e-09	1.3113022e-08	1.66893e-08	2.7537345e-07	2.8610229e-08	7.152557e-09	1.66893e-08	9.059906e-08	1.07288365e-08	3.33786e-08	2.9563904e-07	7.7486035e-08	9.775162e-08	3.695488e-08	2.0980835e-07	3.3736228e-07	1.5497207e-08	5.7220458e-08	6.556511e-08	7.510185e-08	5.400181e-07	0.0	-1.7881394e-08	1.66893e-08	-2.3841857e-09	1.513958e-07	4.7683715e-09	0.0	3.695488e-07	1.66893e-08	4.4107438e-08	1.3113022e-08	2.3841858e-08	0.0	5.00679e-08	7.7486035e-08	2.3961067e-07	0.0	1.6570091e-07	3.0994414e-08	-4.053116e-08	-3.9339067e-08	-1.9311905e-07	9.059906e-08	8.7022784e-08	5.6028366e-08	4.87566e-07	5.1259995e-08	3.576279e-08	1.66893e-08	2.002716e-07	2.026558e-08	3.8146972e-08	6.9141386e-08	7.152558e-08	1.07288365e-08	3.0875205e-07	1.7762184e-07	1.8000603e-07	2.026558e-08	3.5762786e-09	2.7418137e-08	9.775162e-08	6.67572e-08	0.0	1.66893e-08	2.503395e-08	-2.8610229e-08	7.9870226e-08	7.390976e-08	2.3841857e-09	9.536743e-08	8.463859e-08	0.0	1.1920929e-08	5.364418e-08	1.7881394e-08	5.6028366e-08	3.0994414e-08	0.0	8.8214875e-08	3.5762786e-09	1.9073486e-08	2.026558e-08	8.463859e-08	7.9870226e-08	3.4689904e-07	2.9802322e-08	2.3841858e-08	2.1457672e-07	2.7418137e-08	5.6028366e-08	-3.5762786e-09	3.8981437e-07	1.66893e-08	4.7683715e-09	8.34465e-09	-1.4305114e-08	1.7881394e-08	0.0	1.3113022e-08	9.059906e-08	2.9802322e-08	4.7683717e-08	0.0	1.5497207e-08	1.9073486e-08	4.649162e-08	1.3113022e-08	2.503395e-08	0.0	4.4107438e-08	1.1920929e-08	2.7418137e-08	3.5762786e-09	0.0	-1.3113022e-08	1.6331673e-07	2.503395e-08	2.6226044e-08	3.33786e-08	5.00679e-08	2.503395e-08	4.053116e-08	0.0	2.503395e-08	2.3961067e-07	2.503395e-08	4.529953e-08	0.0	4.172325e-08	3.5762786e-09	-2.884865e-07	1.2397766e-07	3.731251e-07	3.33786e-08	3.695488e-08	2.551079e-07	5.9604646e-09	6.198883e-08	-5.8412553e-08	-9.179115e-08	1.2516975e-07	5.9604645e-08	8.34465e-09	9.536743e-09	6.556511e-08	1.001358e-07	2.4557113e-07	1.6450882e-07	-7.152557e-09	8.225441e-08	0.0	4.4107438e-08	3.695488e-08	7.271767e-08	1.4305115e-07	3.33786e-08	7.152557e-09	2.2649765e-08	1.3113022e-07	1.9073486e-08	-1.4877319e-06	1.5497207e-08	0.0	3.2663345e-07	2.026558e-08	0.0	3.0994414e-08	3.218651e-08	-1.001358e-07	6.079674e-08	3.576279e-08	4.8518183e-07	3.576279e-08	2.3841857e-09	3.8146972e-08	1.4424324e-07	2.026558e-08	1.835823e-07	2.9802322e-08	-2.3841857e-09	2.9802322e-08	0.0	2.8610229e-08	3.4570693e-08	5.1259995e-08	1.4901161e-07	6.437302e-08	1.07288365e-08	2.7418137e-08	2.2649765e-08	-5.00679e-08	2.3841857e-09	4.7683715e-09	5.364418e-08	6.198883e-08	2.026558e-08	5.2452087e-08	5.9604646e-09	2.9802322e-08	1.001358e-07	1.5616416e-07	5.6028366e-08	2.670288e-07	3.218651e-08	9.6559525e-08	2.8967858e-07	2.2888183e-07	7.9870226e-08	1.7881394e-08	0.0	2.6226044e-08	1.5497207e-08	1.5974045e-07	7.033348e-08	3.0517577e-07	3.576279e-08	2.360344e-07	2.2649765e-08	2.3841858e-08	3.5047532e-07	2.3841858e-08	1.7881393e-07	8.34465e-08	2.6226044e-08	4.7683715e-09	7.152557e-09	3.361702e-07	1.5497207e-08	7.152557e-09	9.417534e-08	5.7220458e-08	-1.1920929e-09	1.7881394e-08	-3.5762786e-09	6.437302e-08	3.695488e-08	1.2874604e-07	-1.9073486e-08	2.503395e-08	2.8610229e-08	1.5258789e-07	1.3232231e-07	4.2200088e-07	-5.9604645e-08	2.6226044e-08	4.649162e-08	3.0994414e-08	0.0	-6.556511e-08	4.7683715e-09	1.0371208e-07	5.00679e-08	7.152557e-09	1.5497207e-08	2.2768974e-07	2.3841857e-09	5.364418e-08	-3.0994414e-08	1.5377998e-07	2.1100044e-07	2.3841857e-09	6.2584877e-07	3.5762786e-09	5.2452087e-08	2.9802322e-08	7.7486035e-08	6.67572e-08	9.536743e-08	9.536743e-08	3.8146972e-08	2.6226044e-08	4.7683715e-09	0.0	1.1205673e-07	3.218651e-08	0.0	1.6212464e-07	1.06096266e-07	1.0371208e-07	2.7775764e-07	1.0728836e-07	3.33786e-08	6.198883e-08	3.33786e-08	1.6331673e-07	7.152558e-08	2.2649765e-08	1.9907951e-07	3.8146972e-08	5.9604646e-09	-4.7683715e-09	9.059906e-08	-4.2915346e-08	3.4570693e-08	3.576279e-08	4.7683715e-09	2.503395e-08	1.2874604e-07	-2.1457673e-08	2.682209e-07	1.1920929e-09	0.0	0.0	0.0	3.0994414e-08	4.5537948e-07	5.7220458e-08	-2.1457672e-07	8.34465e-08	2.6226044e-08	3.33786e-08	5.00679e-08	1.0251999e-07	1.7881394e-08	3.9339067e-08	1.847744e-07	5.6028366e-08	7.152557e-09	4.4107438e-08	3.218651e-08	5.9604646e-09	2.026558e-08	2.8610229e-08	1.5497207e-08	1.9073486e-08	7.7486035e-08	4.649162e-08	7.152557e-09	7.271767e-08	-4.887581e-08	5.00679e-08	9.536743e-09	3.5762786e-09	1.1086464e-07	-7.9870226e-08	3.576279e-08	2.1457673e-08	0.0	9.536743e-09	1.16825106e-07	1.1920929e-08	2.3841858e-08	3.9339067e-08	1.1920929e-08	1.66893e-08	0.0	7.152557e-09	1.9073486e-08	-1.1920929e-09	4.7683715e-09	8.940697e-08	-1.66893e-08	1.16825106e-07	5.1259995e-08	9.536743e-09	5.2452087e-08	1.4305115e-07	6.198883e-08	3.9339067e-08	2.503395e-08	-2.2649765e-08	3.5524369e-07	1.13248824e-07	-1.9073487e-07	3.4570693e-08	5.9604646e-09	1.3828277e-07	1.1920929e-08	1.07288365e-08	1.5497207e-08	1.9073486e-08	1.5497207e-08	2.1457673e-08	0.0	3.9339067e-08	1.07288365e-08	1.7881394e-08	1.9192696e-07	1.4901161e-07	-3.218651e-08	1.66893e-08	1.7881394e-08	8.463859e-08	3.218651e-08	7.9870226e-08	4.529953e-08	5.6028366e-08	0.0	1.04904174e-07	-2.8610229e-08	-1.0371208e-06	4.172325e-08	-2.3841857e-09	6.3061714e-07	8.940697e-08	5.8412553e-08	1.2993813e-07	9.894371e-08	8.8214875e-08	7.033348e-08	1.4305114e-08	9.536743e-09	5.9604646e-09	1.0728836e-07	2.0742416e-07	1.2516975e-07	2.026558e-08	1.66893e-08	9.417534e-08	4.7683717e-08	9.179115e-08	4.7683717e-08	5.00679e-08	7.8678134e-08	0.0	4.720688e-07	4.172325e-08	9.775162e-08	1.1920929e-09	3.8146972e-08	1.1920929e-09	2.2649765e-08	5.4836274e-08	3.5762786e-09	1.5497207e-08	9.536743e-09	5.9604646e-09	2.503395e-08	2.7418137e-08	1.7404557e-07	1.1920929e-08	2.3841857e-09	4.3392183e-07	-1.155138e-06	2.1457673e-08	2.026558e-08	8.463859e-08	8.7022784e-08	2.491474e-07	3.576279e-08
0.0	0.0	0.0	0.0	0.0	0.0	0.0	0.0	0.0	0.0	0.0	0.0	0.0	0.0	0.0	0.0	0.0	0.0	0.0	0.0	0.0	0.0	0.0	0.0	0.0	0.0	0.0	0.0	0.0	0.0	0.0	0.0	0.0	0.0	0.0	0.0	0.0	0.0	0.0	0.0	0.0	0.0	0.0	0.0	0.0	0.0	0.0	0.0	0.0	0.0	0.0	0.0	0.0	0.0	0.0	0.0	0.0	0.0	0.0	0.0	0.0	0.0	0.0	0.0	0.0	0.0	0.0	0.0	0.0	0.0	0.0	0.0	0.0	0.0	0.0	0.0	0.0	0.0	0.0	0.0	0.0	0.0	0.0	0.0	0.0	0.0	0.0	0.0	0.0	0.0	0.0	0.0	0.0	0.0	0.0	0.0	0.0	0.0	0.0	0.0	0.0	0.0	0.0	0.0	0.0	0.0	0.0	0.0	0.0	0.0	0.0	0.0	0.0	0.0	0.0	0.0	0.0	0.0	0.0	0.0	0.0	0.0	0.0	0.0	0.0	0.0	0.0	0.0	0.0	0.0	0.0	0.0	0.0	0.0	0.0	0.0	0.0	0.0	0.0	0.0	0.0	0.0	0.0	0.0	0.0	0.0	0.0	0.0	0.0	0.0	0.0	0.0	0.0	0.0	0.0	0.0	0.0	0.0	0.0	0.0	0.0	0.0	0.0	0.0	0.0	0.0	0.0	0.0	0.0	0.0	0.0	0.0	0.0	0.0	0.0	0.0	0.0	0.0	0.0	0.0	0.0	0.0	0.0	0.0	0.0	0.0	0.0	0.0	0.0	0.0	0.0	0.0	0.0	0.0	0.0	0.0	0.0	0.0	0.0	0.0	0.0	0.0	0.0	0.0	0.0	0.0	0.0	0.0	0.0	0.0	0.0	0.0	0.0	0.0	0.0	0.0	0.0	0.0	0.0	0.0	0.0	0.0	0.0	0.0	0.0	0.0	0.0	0.0	0.0	0.0	0.0	0.0	0.0	0.0	0.0	0.0	0.0	0.0	0.0	0.0	0.0	0.0	0.0	0.0	0.0	0.0	0.0	0.0	0.0	0.0	0.0	0.0	0.0	0.0	0.0	0.0	0.0	0.0	0.0	0.0	0.0	0.0	0.0	0.0	0.0	0.0	0.0	0.0	0.0	0.0	0.0	0.0	0.0	0.0	0.0	0.0	0.0	0.0	0.0	0.0	0.0	0.0	0.0	0.0	0.0	0.0	0.0	0.0	0.0	0.0	0.0	0.0	0.0	0.0	0.0	0.0	0.0	0.0	0.0	0.0	0.0	0.0	0.0	0.0	0.0	0.0	0.0	0.0	0.0	0.0	0.0	0.0	0.0	0.0	0.0	0.0	0.0	0.0	0.0	0.0	0.0	0.0	0.0	0.0	0.0	0.0	0.0	0.0	0.0	0.0	0.0	0.0	0.0	0.0	0.0	0.0	0.0	0.0	0.0	0.0	0.0	0.0	0.0	0.0	0.0	0.0	0.0	0.0	0.0	0.0	0.0	0.0	0.0	0.0	0.0	0.0	0.0	0.0	0.0	0.0	0.0	0.0	0.0	0.0	0.0	0.0	0.0	0.0	0.0	0.0	0.0	0.0	0.0	0.0	0.0	0.0	0.0	0.0	0.0	0.0	0.0	0.0	0.0	0.0	0.0	0.0	0.0	0.0	0.0	0.0	0.0	0.0	0.0	0.0	0.0	0.0	0.0	0.0	0.0	0.0	0.0	0.0	0.0	0.0	0.0	0.0	0.0	0.0	0.0	0.0	0.0	0.0	0.0	0.0	0.0	0.0	0.0	0.0	0.0	0.0	0.0	0.0	0.0	0.0	0.0	0.0	0.0	0.0	0.0	0.0	0.0	0.0	0.0	0.0	0.0	0.0	0.0	0.0	0.0	0.0	0.0	0.0	0.0	0.0	0.0	0.0	0.0	0.0	0.0	0.0	0.0	0.0	0.0	0.0	0.0	0.0	0.0	0.0	0.0	0.0	0.0	0.0	0.0	0.0	0.0	0.0	0.0	0.0	0.0	0.0	0.0	0.0	0.0	0.0	0.0	0.0	0.0	0.0	0.0	0.0	0.0	0.0	0.0	0.0	0.0	0.0	0.0	0.0	0.0	0.0	0.0	0.0	0.0	0.0	0.0	0.0	0.0	0.0	0.0	0.0
0.0	0.0	0.0	0.0	0.0	0.0	0.0	0.0	0.0	0.0	0.0	0.0	0.0	0.0	0.0	0.0	0.0	0.0	0.0	0.0	0.0	0.0	0.0	0.0	0.0	0.0	0.0	0.0	0.0	0.0	0.0	0.0	0.0	0.0	0.0	0.0	0.0	0.0	0.0	0.0	0.0	0.0	0.0	0.0	0.0	0.0	0.0	0.0	0.0	0.0	0.0	0.0	0.0	0.0	0.0	0.0	0.0	0.0	0.0	0.0	0.0	0.0	0.0	0.0	0.0	0.0	0.0	0.0	0.0	0.0	0.0	0.0	0.0	0.0	0.0	0.0	0.0	0.0	0.0	0.0	0.0	0.0	0.0	0.0	0.0	0.0	0.0	0.0	0.0	0.0	0.0	0.0	0.0	0.0	0.0	0.0	0.0	0.0	0.0	0.0	0.0	0.0	0.0	0.0	0.0	0.0	0.0	0.0	0.0	0.0	0.0	0.0	0.0	0.0	0.0	0.0	0.0	0.0	0.0	0.0	0.0	0.0	0.0	0.0	0.0	0.0	0.0	0.0	0.0	0.0	0.0	0.0	0.0	0.0	0.0	0.0	0.0	0.0	0.0	0.0	0.0	0.0	0.0	0.0	0.0	0.0	0.0	0.0	0.0	0.0	0.0	0.0	0.0	0.0	0.0	0.0	0.0	0.0	0.0	0.0	0.0	0.0	0.0	0.0	0.0	0.0	0.0	0.0	0.0	0.0	0.0	0.0	0.0	0.0	0.0	0.0	0.0	0.0	0.0	0.0	0.0	0.0	0.0	0.0	0.0	0.0	0.0	0.0	0.0	0.0	0.0	0.0	0.0	0.0	0.0	0.0	0.0	0.0	0.0	0.0	0.0	0.0	0.0	0.0	0.0	0.0	0.0	0.0	0.0	0.0	0.0	0.0	0.0	0.0	0.0	0.0	0.0	0.0	0.0	0.0	0.0	0.0	0.0	0.0	0.0	0.0	0.0	0.0	0.0	0.0	0.0	0.0	0.0	0.0	0.0	0.0	0.0	0.0	0.0	0.0	0.0	0.0	0.0	0.0	0.0	0.0	0.0	0.0	0.0	0.0	0.0	0.0	0.0	0.0	0.0	0.0	0.0	0.0	0.0	0.0	0.0	0.0	0.0	0.0	0.0	0.0	0.0	0.0	0.0	0.0	0.0	0.0	0.0	0.0	0.0	0.0	0.0	0.0	0.0	0.0	0.0	0.0	0.0	0.0	0.0	0.0	0.0	0.0	0.0	0.0	0.0	0.0	0.0	0.0	0.0	0.0	0.0	0.0	0.0	0.0	0.0	0.0	0.0	0.0	0.0	0.0	0.0	0.0	0.0	0.0	0.0	0.0	0.0	0.0	0.0	0.0	0.0	0.0	0.0	0.0	0.0	0.0	0.0	0.0	0.0	0.0	0.0	0.0	0.0	0.0	0.0	0.0	0.0	0.0	0.0	0.0	0.0	0.0	0.0	0.0	0.0	0.0	0.0	0.0	0.0	0.0	0.0	0.0	0.0	0.0	0.0	0.0	0.0	0.0	0.0	0.0	0.0	0.0	0.0	0.0	0.0	0.0	0.0	0.0	0.0	0.0	0.0	0.0	0.0	0.0	0.0	0.0	0.0	0.0	0.0	0.0	0.0	0.0	0.0	0.0	0.0	0.0	0.0	0.0	0.0	0.0	0.0	0.0	0.0	0.0	0.0	0.0	0.0	0.0	0.0	0.0	0.0	0.0	0.0	0.0	0.0	0.0	0.0	0.0	0.0	0.0	0.0	0.0	0.0	0.0	0.0	0.0	0.0	0.0	0.0	0.0	0.0	0.0	0.0	0.0	0.0	0.0	0.0	0.0	0.0	0.0	0.0	0.0	0.0	0.0	0.0	0.0	0.0	0.0	0.0	0.0	0.0	0.0	0.0	0.0	0.0	0.0	0.0	0.0	0.0	0.0	0.0	0.0	0.0	0.0	0.0	0.0	0.0	0.0	0.0	0.0	0.0	0.0	0.0	0.0	0.0	0.0	0.0	0.0	0.0	0.0	0.0	0.0	0.0	0.0	0.0	0.0	0.0	0.0	0.0	0.0	0.0	0.0	0.0	0.0	0.0	0.0	0.0	0.0	0.0	0.0	0.0	0.0	0.0	0.0	0.0	0.0	0.0	0.0	0.0	0.0	0.0	0.0	0.0	0.0
0.0	0.0	0.0	0.0	0.0	0.0	0.0	0.0	0.0	0.0	0.0	0.0	0.0	0.0	0.0	0.0	0.0	0.0	0.0	0.0	0.0	0.0	0.0	0.0	0.0	0.0	0.0	0.0	0.0	0.0	0.0	0.0	0.0	0.0	0.0	0.0	0.0	0.0	0.0	0.0	0.0	0.0	0.0	0.0	0.0	0.0	0.0	0.0	0.0	0.0	0.0	0.0	0.0	0.0	0.0	0.0	0.0	0.0	0.0	0.0	0.0	0.0	0.0	0.0	0.0	0.0	0.0	0.0	0.0	0.0	0.0	0.0	0.0	0.0	0.0	0.0	0.0	0.0	0.0	0.0	0.0	0.0	0.0	0.0	0.0	0.0	0.0	0.0	0.0	0.0	0.0	0.0	0.0	0.0	0.0	0.0	0.0	0.0	0.0	0.0	0.0	0.0	0.0	0.0	0.0	0.0	0.0	0.0	0.0	0.0	0.0	0.0	0.0	0.0	0.0	0.0	0.0	0.0	0.0	0.0	0.0	0.0	0.0	0.0	0.0	0.0	0.0	0.0	0.0	0.0	0.0	0.0	0.0	0.0	0.0	0.0	0.0	0.0	0.0	0.0	0.0	0.0	0.0	0.0	0.0	0.0	0.0	0.0	0.0	0.0	0.0	0.0	0.0	0.0	0.0	0.0	0.0	0.0	0.0	0.0	0.0	0.0	0.0	0.0	0.0	0.0	0.0	0.0	0.0	0.0	0.0	0.0	0.0	0.0	0.0	0.0	0.0	0.0	0.0	0.0	0.0	0.0	0.0	0.0	0.0	0.0	0.0	0.0	0.0	0.0	0.0	0.0	0.0	0.0	0.0	0.0	0.0	0.0	0.0	0.0	0.0	0.0	0.0	0.0	0.0	0.0	0.0	0.0	0.0	0.0	0.0	0.0	0.0	0.0	0.0	0.0	0.0	0.0	0.0	0.0	0.0	0.0	0.0	0.0	0.0	0.0	0.0	0.0	0.0	0.0	0.0	0.0	0.0	0.0	0.0	0.0	0.0	0.0	0.0	0.0	0.0	0.0	0.0	0.0	0.0	0.0	0.0	0.0	0.0	0.0	0.0	0.0	0.0	0.0	0.0	0.0	0.0	0.0	0.0	0.0	0.0	0.0	0.0	0.0	0.0	0.0	0.0	0.0	0.0	0.0	0.0	0.0	0.0	0.0	0.0	0.0	0.0	0.0	0.0	0.0	0.0	0.0	0.0	0.0	0.0	0.0	0.0	0.0	0.0	0.0	0.0	0.0	0.0	0.0	0.0	0.0	0.0	0.0	0.0	0.0	0.0	0.0	0.0	0.0	0.0	0.0	0.0	0.0	0.0	0.0	0.0	0.0	0.0	0.0	0.0	0.0	0.0	0.0	0.0	0.0	0.0	0.0	0.0	0.0	0.0	0.0	0.0	0.0	0.0	0.0	0.0	0.0	0.0	0.0	0.0	0.0	0.0	0.0	0.0	0.0	0.0	0.0	0.0	0.0	0.0	0.0	0.0	0.0	0.0	0.0	0.0	0.0	0.0	0.0	0.0	0.0	0.0	0.0	0.0	0.0	0.0	0.0	0.0	0.0	0.0	0.0	0.0	0.0	0.0	0.0	0.0	0.0	0.0	0.0	0.0	0.0	0.0	0.0	0.0	0.0	0.0	0.0	0.0	0.0	0.0	0.0	0.0	0.0	0.0	0.0	0.0	0.0	0.0	0.0	0.0	0.0	0.0	0.0	0.0	0.0	0.0	0.0	0.0	0.0	0.0	0.0	0.0	0.0	0.0	0.0	0.0	0.0	0.0	0.0	0.0	0.0	0.0	0.0	0.0	0.0	0.0	0.0	0.0	0.0	0.0	0.0	0.0	0.0	0.0	0.0	0.0	0.0	0.0	0.0	0.0	0.0	0.0	0.0	0.0	0.0	0.0	0.0	0.0	0.0	0.0	0.0	0.0	0.0	0.0	0.0	0.0	0.0	0.0	0.0	0.0	0.0	0.0	0.0	0.0	0.0	0.0	0.0	0.0	0.0	0.0	0.0	0.0	0.0	0.0	0.0	0.0	0.0	0.0	0.0	0.0	0.0	0.0	0.0	0.0	0.0	0.0	0.0	0.0	0.0	0.0	0.0	0.0	0.0	0.0	0.0	0.0	0.0	0.0	0.0	0.0	0.0	0.0	0.0	0.0	0.0
0.0	0.0	0.0	0.0	0.0	0.0	0.0	0.0	0.0	0.0	0.0	0.0	0.0	0.0	0.0	0.0	0.0	0.0	0.0	0.0	0.0	0.0	0.0	0.0	0.0	0.0	0.0	0.0	0.0	0.0	0.0	0.0	0.0	0.0	0.0	0.0	0.0	0.0	0.0	0.0	0.0	0.0	0.0	0.0	0.0	0.0	0.0	0.0	0.0	0.0	0.0	0.0	0.0	0.0	0.0	0.0	0.0	0.0	0.0	0.0	0.0	0.0	0.0	0.0	0.0	0.0	0.0	0.0	0.0	0.0	0.0	0.0	0.0	0.0	0.0	0.0	0.0	0.0	0.0	0.0	0.0	0.0	0.0	0.0	0.0	0.0	0.0	0.0	0.0	0.0	0.0	0.0	0.0	0.0	0.0	0.0	0.0	0.0	0.0	0.0	0.0	0.0	0.0	0.0	0.0	0.0	0.0	0.0	0.0	0.0	0.0	0.0	0.0	0.0	0.0	0.0	0.0	0.0	0.0	0.0	0.0	0.0	0.0	0.0	0.0	0.0	0.0	0.0	0.0	0.0	0.0	0.0	0.0	0.0	0.0	0.0	0.0	0.0	0.0	0.0	0.0	0.0	0.0	0.0	0.0	0.0	0.0	0.0	0.0	0.0	0.0	0.0	0.0	0.0	0.0	0.0	0.0	0.0	0.0	0.0	0.0	0.0	0.0	0.0	0.0	0.0	0.0	0.0	0.0	0.0	0.0	0.0	0.0	0.0	0.0	0.0	0.0	0.0	0.0	0.0	0.0	0.0	0.0	0.0	0.0	0.0	0.0	0.0	0.0	0.0	0.0	0.0	0.0	0.0	0.0	0.0	0.0	0.0	0.0	0.0	0.0	0.0	0.0	0.0	0.0	0.0	0.0	0.0	0.0	0.0	0.0	0.0	0.0	0.0	0.0	0.0	0.0	0.0	0.0	0.0	0.0	0.0	0.0	0.0	0.0	0.0	0.0	0.0	0.0	0.0	0.0	0.0	0.0	0.0	0.0	0.0	0.0	0.0	0.0	0.0	0.0	0.0	0.0	0.0	0.0	0.0	0.0	0.0	0.0	0.0	0.0	0.0	0.0	0.0	0.0	0.0	0.0	0.0	0.0	0.0	0.0	0.0	0.0	0.0	0.0	0.0	0.0	0.0	0.0	0.0	0.0	0.0	0.0	0.0	0.0	0.0	0.0	0.0	0.0	0.0	0.0	0.0	0.0	0.0	0.0	0.0	0.0	0.0	0.0	0.0	0.0	0.0	0.0	0.0	0.0	0.0	0.0	0.0	0.0	0.0	0.0	0.0	0.0	0.0	0.0	0.0	0.0	0.0	0.0	0.0	0.0	0.0	0.0	0.0	0.0	0.0	0.0	0.0	0.0	0.0	0.0	0.0	0.0	0.0	0.0	0.0	0.0	0.0	0.0	0.0	0.0	0.0	0.0	0.0	0.0	0.0	0.0	0.0	0.0	0.0	0.0	0.0	0.0	0.0	0.0	0.0	0.0	0.0	0.0	0.0	0.0	0.0	0.0	0.0	0.0	0.0	0.0	0.0	0.0	0.0	0.0	0.0	0.0	0.0	0.0	0.0	0.0	0.0	0.0	0.0	0.0	0.0	0.0	0.0	0.0	0.0	0.0	0.0	0.0	0.0	0.0	0.0	0.0	0.0	0.0	0.0	0.0	0.0	0.0	0.0	0.0	0.0	0.0	0.0	0.0	0.0	0.0	0.0	0.0	0.0	0.0	0.0	0.0	0.0	0.0	0.0	0.0	0.0	0.0	0.0	0.0	0.0	0.0	0.0	0.0	0.0	0.0	0.0	0.0	0.0	0.0	0.0	0.0	0.0	0.0	0.0	0.0	0.0	0.0	0.0	0.0	0.0	0.0	0.0	0.0	0.0	0.0	0.0	0.0	0.0	0.0	0.0	0.0	0.0	0.0	0.0	0.0	0.0	0.0	0.0	0.0	0.0	0.0	0.0	0.0	0.0	0.0	0.0	0.0	0.0	0.0	0.0	0.0	0.0	0.0	0.0	0.0	0.0	0.0	0.0	0.0	0.0	0.0	0.0	0.0	0.0	0.0	0.0	0.0	0.0	0.0	0.0	0.0	0.0	0.0	0.0	0.0	0.0	0.0	0.0	0.0	0.0	0.0	0.0	0.0	0.0	0.0	0.0	0.0	0.0
0.0	0.0	0.0	0.0	0.0	0.0	0.0	0.0	0.0	0.0	0.0	0.0	0.0	0.0	0.0	0.0	0.0	0.0	0.0	0.0	0.0	0.0	0.0	0.0	0.0	0.0	0.0	0.0	0.0	0.0	0.0	0.0	0.0	0.0	0.0	0.0	0.0	0.0	0.0	0.0	0.0	0.0	0.0	0.0	0.0	0.0	0.0	0.0	0.0	0.0	0.0	0.0	0.0	0.0	0.0	0.0	0.0	0.0	0.0	0.0	0.0	0.0	0.0	0.0	0.0	0.0	0.0	0.0	0.0	0.0	0.0	0.0	0.0	0.0	0.0	0.0	0.0	0.0	0.0	0.0	0.0	0.0	0.0	0.0	0.0	0.0	0.0	0.0	0.0	0.0	0.0	0.0	0.0	0.0	0.0	0.0	0.0	0.0	0.0	0.0	0.0	0.0	0.0	0.0	0.0	0.0	0.0	0.0	0.0	0.0	0.0	0.0	0.0	0.0	0.0	0.0	0.0	0.0	0.0	0.0	0.0	0.0	0.0	0.0	0.0	0.0	0.0	0.0	0.0	0.0	0.0	0.0	0.0	0.0	0.0	0.0	0.0	0.0	0.0	0.0	0.0	0.0	0.0	0.0	0.0	0.0	0.0	0.0	0.0	0.0	0.0	0.0	0.0	0.0	0.0	0.0	0.0	0.0	0.0	0.0	0.0	0.0	0.0	0.0	0.0	0.0	0.0	0.0	0.0	0.0	0.0	0.0	0.0	0.0	0.0	0.0	0.0	0.0	0.0	0.0	0.0	0.0	0.0	0.0	0.0	0.0	0.0	0.0	0.0	0.0	0.0	0.0	0.0	0.0	0.0	0.0	0.0	0.0	0.0	0.0	0.0	0.0	0.0	0.0	0.0	0.0	0.0	0.0	0.0	0.0	0.0	0.0	0.0	0.0	0.0	0.0	0.0	0.0	0.0	0.0	0.0	0.0	0.0	0.0	0.0	0.0	0.0	0.0	0.0	0.0	0.0	0.0	0.0	0.0	0.0	0.0	0.0	0.0	0.0	0.0	0.0	0.0	0.0	0.0	0.0	0.0	0.0	0.0	0.0	0.0	0.0	0.0	0.0	0.0	0.0	0.0	0.0	0.0	0.0	0.0	0.0	0.0	0.0	0.0	0.0	0.0	0.0	0.0	0.0	0.0	0.0	0.0	0.0	0.0	0.0	0.0	0.0	0.0	0.0	0.0	0.0	0.0	0.0	0.0	0.0	0.0	0.0	0.0	0.0	0.0	0.0	0.0	0.0	0.0	0.0	0.0	0.0	0.0	0.0	0.0	0.0	0.0	0.0	0.0	0.0	0.0	0.0	0.0	0.0	0.0	0.0	0.0	0.0	0.0	0.0	0.0	0.0	0.0	0.0	0.0	0.0	0.0	0.0	0.0	0.0	0.0	0.0	0.0	0.0	0.0	0.0	0.0	0.0	0.0	0.0	0.0	0.0	0.0	0.0	0.0	0.0	0.0	0.0	0.0	0.0	0.0	0.0	0.0	0.0	0.0	0.0	0.0	0.0	0.0	0.0	0.0	0.0	0.0	0.0	0.0	0.0	0.0	0.0	0.0	0.0	0.0	0.0	0.0	0.0	0.0	0.0	0.0	0.0	0.0	0.0	0.0	0.0	0.0	0.0	0.0	0.0	0.0	0.0	0.0	0.0	0.0	0.0	0.0	0.0	0.0	0.0	0.0	0.0	0.0	0.0	0.0	0.0	0.0	0.0	0.0	0.0	0.0	0.0	0.0	0.0	0.0	0.0	0.0	0.0	0.0	0.0	0.0	0.0	0.0	0.0	0.0	0.0	0.0	0.0	0.0	0.0	0.0	0.0	0.0	0.0	0.0	0.0	0.0	0.0	0.0	0.0	0.0	0.0	0.0	0.0	0.0	0.0	0.0	0.0	0.0	0.0	0.0	0.0	0.0	0.0	0.0	0.0	0.0	0.0	0.0	0.0	0.0	0.0	0.0	0.0	0.0	0.0	0.0	0.0	0.0	0.0	0.0	0.0	0.0	0.0	0.0	0.0	0.0	0.0	0.0	0.0	0.0	0.0	0.0	0.0	0.0	0.0	0.0	0.0	0.0	0.0	0.0	0.0	0.0	0.0	0.0	0.0	0.0	0.0	0.0	0.0	0.0	0.0	0.0	0.0	0.0	0.0	0.0	0.0	0.0
0.0	0.0	0.0	0.0	0.0	0.0	0.0	0.0	0.0	0.0	0.0	0.0	0.0	0.0	0.0	0.0	0.0	0.0	0.0	0.0	0.0	0.0	0.0	0.0	0.0	0.0	0.0	0.0	0.0	0.0	0.0	0.0	0.0	0.0	0.0	0.0	0.0	0.0	0.0	0.0	0.0	0.0	0.0	0.0	0.0	0.0	0.0	0.0	0.0	0.0	0.0	0.0	0.0	0.0	0.0	0.0	0.0	0.0	0.0	0.0	0.0	0.0	0.0	0.0	0.0	0.0	0.0	0.0	0.0	0.0	0.0	0.0	0.0	0.0	0.0	0.0	0.0	0.0	0.0	0.0	0.0	0.0	0.0	0.0	0.0	0.0	0.0	0.0	0.0	0.0	0.0	0.0	0.0	0.0	0.0	0.0	0.0	0.0	0.0	0.0	0.0	0.0	0.0	0.0	0.0	0.0	0.0	0.0	0.0	0.0	0.0	0.0	0.0	0.0	0.0	0.0	0.0	0.0	0.0	0.0	0.0	0.0	0.0	0.0	0.0	0.0	0.0	0.0	0.0	0.0	0.0	0.0	0.0	0.0	0.0	0.0	0.0	0.0	0.0	0.0	0.0	0.0	0.0	0.0	0.0	0.0	0.0	0.0	0.0	0.0	0.0	0.0	0.0	0.0	0.0	0.0	0.0	0.0	0.0	0.0	0.0	0.0	0.0	0.0	0.0	0.0	0.0	0.0	0.0	0.0	0.0	0.0	0.0	0.0	0.0	0.0	0.0	0.0	0.0	0.0	0.0	0.0	0.0	0.0	0.0	0.0	0.0	0.0	0.0	0.0	0.0	0.0	0.0	0.0	0.0	0.0	0.0	0.0	0.0	0.0	0.0	0.0	0.0	0.0	0.0	0.0	0.0	0.0	0.0	0.0	0.0	0.0	0.0	0.0	0.0	0.0	0.0	0.0	0.0	0.0	0.0	0.0	0.0	0.0	0.0	0.0	0.0	0.0	0.0	0.0	0.0	0.0	0.0	0.0	0.0	0.0	0.0	0.0	0.0	0.0	0.0	0.0	0.0	0.0	0.0	0.0	0.0	0.0	0.0	0.0	0.0	0.0	0.0	0.0	0.0	0.0	0.0	0.0	0.0	0.0	0.0	0.0	0.0	0.0	0.0	0.0	0.0	0.0	0.0	0.0	0.0	0.0	0.0	0.0	0.0	0.0	0.0	0.0	0.0	0.0	0.0	0.0	0.0	0.0	0.0	0.0	0.0	0.0	0.0	0.0	0.0	0.0	0.0	0.0	0.0	0.0	0.0	0.0	0.0	0.0	0.0	0.0	0.0	0.0	0.0	0.0	0.0	0.0	0.0	0.0	0.0	0.0	0.0	0.0	0.0	0.0	0.0	0.0	0.0	0.0	0.0	0.0	0.0	0.0	0.0	0.0	0.0	0.0	0.0	0.0	0.0	0.0	0.0	0.0	0.0	0.0	0.0	0.0	0.0	0.0	0.0	0.0	0.0	0.0	0.0	0.0	0.0	0.0	0.0	0.0	0.0	0.0	0.0	0.0	0.0	0.0	0.0	0.0	0.0	0.0	0.0	0.0	0.0	0.0	0.0	0.0	0.0	0.0	0.0	0.0	0.0	0.0	0.0	0.0	0.0	0.0	0.0	0.0	0.0	0.0	0.0	0.0	0.0	0.0	0.0	0.0	0.0	0.0	0.0	0.0	0.0	0.0	0.0	0.0	0.0	0.0	0.0	0.0	0.0	0.0	0.0	0.0	0.0	0.0	0.0	0.0	0.0	0.0	0.0	0.0	0.0	0.0	0.0	0.0	0.0	0.0	0.0	0.0	0.0	0.0	0.0	0.0	0.0	0.0	0.0	0.0	0.0	0.0	0.0	0.0	0.0	0.0	0.0	0.0	0.0	0.0	0.0	0.0	0.0	0.0	0.0	0.0	0.0	0.0	0.0	0.0	0.0	0.0	0.0	0.0	0.0	0.0	0.0	0.0	0.0	0.0	0.0	0.0	0.0	0.0	0.0	0.0	0.0	0.0	0.0	0.0	0.0	0.0	0.0	0.0	0.0	0.0	0.0	0.0	0.0	0.0	0.0	0.0	0.0	0.0	0.0	0.0	0.0	0.0	0.0	0.0	0.0	0.0	0.0	0.0	0.0	0.0	0.0	0.0	0.0	0.0	0.0	0.0	0.0	0.0
0.0	0.0	0.0	0.0	0.0	0.0	0.0	0.0	0.0	0.0	0.0	0.0	0.0	0.0	0.0	0.0	0.0	0.0	0.0	0.0	0.0	0.0	0.0	0.0	0.0	0.0	0.0	0.0	0.0	0.0	0.0	0.0	0.0	0.0	0.0	0.0	0.0	0.0	0.0	0.0	0.0	0.0	0.0	0.0	0.0	0.0	0.0	0.0	0.0	0.0	0.0	0.0	0.0	0.0	0.0	0.0	0.0	0.0	0.0	0.0	0.0	0.0	0.0	0.0	0.0	0.0	0.0	0.0	0.0	0.0	0.0	0.0	0.0	0.0	0.0	0.0	0.0	0.0	0.0	0.0	0.0	0.0	0.0	0.0	0.0	0.0	0.0	0.0	0.0	0.0	0.0	0.0	0.0	0.0	0.0	0.0	0.0	0.0	0.0	0.0	0.0	0.0	0.0	0.0	0.0	0.0	0.0	0.0	0.0	0.0	0.0	0.0	0.0	0.0	0.0	0.0	0.0	0.0	0.0	0.0	0.0	0.0	0.0	0.0	0.0	0.0	0.0	0.0	0.0	0.0	0.0	0.0	0.0	0.0	0.0	0.0	0.0	0.0	0.0	0.0	0.0	0.0	0.0	0.0	0.0	0.0	0.0	0.0	0.0	0.0	0.0	0.0	0.0	0.0	0.0	0.0	0.0	0.0	0.0	0.0	0.0	0.0	0.0	0.0	0.0	0.0	0.0	0.0	0.0	0.0	0.0	0.0	0.0	0.0	0.0	0.0	0.0	0.0	0.0	0.0	0.0	0.0	0.0	0.0	0.0	0.0	0.0	0.0	0.0	0.0	0.0	0.0	0.0	0.0	0.0	0.0	0.0	0.0	0.0	0.0	0.0	0.0	0.0	0.0	0.0	0.0	0.0	0.0	0.0	0.0	0.0	0.0	0.0	0.0	0.0	0.0	0.0	0.0	0.0	0.0	0.0	0.0	0.0	0.0	0.0	0.0	0.0	0.0	0.0	0.0	0.0	0.0	0.0	0.0	0.0	0.0	0.0	0.0	0.0	0.0	0.0	0.0	0.0	0.0	0.0	0.0	0.0	0.0	0.0	0.0	0.0	0.0	0.0	0.0	0.0	0.0	0.0	0.0	0.0	0.0	0.0	0.0	0.0	0.0	0.0	0.0	0.0	0.0	0.0	0.0	0.0	0.0	0.0	0.0	0.0	0.0	0.0	0.0	0.0	0.0	0.0	0.0	0.0	0.0	0.0	0.0	0.0	0.0	0.0	0.0	0.0	0.0	0.0	0.0	0.0	0.0	0.0	0.0	0.0	0.0	0.0	0.0	0.0	0.0	0.0	0.0	0.0	0.0	0.0	0.0	0.0	0.0	0.0	0.0	0.0	0.0	0.0	0.0	0.0	0.0	0.0	0.0	0.0	0.0	0.0	0.0	0.0	0.0	0.0	0.0	0.0	0.0	0.0	0.0	0.0	0.0	0.0	0.0	0.0	0.0	0.0	0.0	0.0	0.0	0.0	0.0	0.0	0.0	0.0	0.0	0.0	0.0	0.0	0.0	0.0	0.0	0.0	0.0	0.0	0.0	0.0	0.0	0.0	0.0	0.0	0.0	0.0	0.0	0.0	0.0	0.0	0.0	0.0	0.0	0.0	0.0	0.0	0.0	0.0	0.0	0.0	0.0	0.0	0.0	0.0	0.0	0.0	0.0	0.0	0.0	0.0	0.0	0.0	0.0	0.0	0.0	0.0	0.0	0.0	0.0	0.0	0.0	0.0	0.0	0.0	0.0	0.0	0.0	0.0	0.0	0.0	0.0	0.0	0.0	0.0	0.0	0.0	0.0	0.0	0.0	0.0	0.0	0.0	0.0	0.0	0.0	0.0	0.0	0.0	0.0	0.0	0.0	0.0	0.0	0.0	0.0	0.0	0.0	0.0	0.0	0.0	0.0	0.0	0.0	0.0	0.0	0.0	0.0	0.0	0.0	0.0	0.0	0.0	0.0	0.0	0.0	0.0	0.0	0.0	0.0	0.0	0.0	0.0	0.0	0.0	0.0	0.0	0.0	0.0	0.0	0.0	0.0	0.0	0.0	0.0	0.0	0.0	0.0	0.0	0.0	0.0	0.0	0.0	0.0	0.0	0.0	0.0	0.0	0.0	0.0	0.0	0.0	0.0	0.0	0.0	0.0	0.0	0.0	0.0	0.0
0.0	0.0	0.0	0.0	0.0	0.0	0.0	0.0	0.0	0.0	0.0	0.0	0.0	0.0	0.0	0.0	0.0	0.0	0.0	0.0	0.0	0.0	0.0	0.0	0.0	0.0	0.0	0.0	0.0	0.0	0.0	0.0	0.0	0.0	0.0	0.0	0.0	0.0	0.0	0.0	0.0	0.0	0.0	0.0	0.0	0.0	0.0	0.0	0.0	0.0	0.0	0.0	0.0	0.0	0.0	0.0	0.0	0.0	0.0	0.0	0.0	0.0	0.0	0.0	0.0	0.0	0.0	0.0	0.0	0.0	0.0	0.0	0.0	0.0	0.0	0.0	0.0	0.0	0.0	0.0	0.0	0.0	0.0	0.0	0.0	0.0	0.0	0.0	0.0	0.0	0.0	0.0	0.0	0.0	0.0	0.0	0.0	0.0	0.0	0.0	0.0	0.0	0.0	0.0	0.0	0.0	0.0	0.0	0.0	0.0	0.0	0.0	0.0	0.0	0.0	0.0	0.0	0.0	0.0	0.0	0.0	0.0	0.0	0.0	0.0	0.0	0.0	0.0	0.0	0.0	0.0	0.0	0.0	0.0	0.0	0.0	0.0	0.0	0.0	0.0	0.0	0.0	0.0	0.0	0.0	0.0	0.0	0.0	0.0	0.0	0.0	0.0	0.0	0.0	0.0	0.0	0.0	0.0	0.0	0.0	0.0	0.0	0.0	0.0	0.0	0.0	0.0	0.0	0.0	0.0	0.0	0.0	0.0	0.0	0.0	0.0	0.0	0.0	0.0	0.0	0.0	0.0	0.0	0.0	0.0	0.0	0.0	0.0	0.0	0.0	0.0	0.0	0.0	0.0	0.0	0.0	0.0	0.0	0.0	0.0	0.0	0.0	0.0	0.0	0.0	0.0	0.0	0.0	0.0	0.0	0.0	0.0	0.0	0.0	0.0	0.0	0.0	0.0	0.0	0.0	0.0	0.0	0.0	0.0	0.0	0.0	0.0	0.0	0.0	0.0	0.0	0.0	0.0	0.0	0.0	0.0	0.0	0.0	0.0	0.0	0.0	0.0	0.0	0.0	0.0	0.0	0.0	0.0	0.0	0.0	0.0	0.0	0.0	0.0	0.0	0.0	0.0	0.0	0.0	0.0	0.0	0.0	0.0	0.0	0.0	0.0	0.0	0.0	0.0	0.0	0.0	0.0	0.0	0.0	0.0	0.0	0.0	0.0	0.0	0.0	0.0	0.0	0.0	0.0	0.0	0.0	0.0	0.0	0.0	0.0	0.0	0.0	0.0	0.0	0.0	0.0	0.0	0.0	0.0	0.0	0.0	0.0	0.0	0.0	0.0	0.0	0.0	0.0	0.0	0.0	0.0	0.0	0.0	0.0	0.0	0.0	0.0	0.0	0.0	0.0	0.0	0.0	0.0	0.0	0.0	0.0	0.0	0.0	0.0	0.0	0.0	0.0	0.0	0.0	0.0	0.0	0.0	0.0	0.0	0.0	0.0	0.0	0.0	0.0	0.0	0.0	0.0	0.0	0.0	0.0	0.0	0.0	0.0	0.0	0.0	0.0	0.0	0.0	0.0	0.0	0.0	0.0	0.0	0.0	0.0	0.0	0.0	0.0	0.0	0.0	0.0	0.0	0.0	0.0	0.0	0.0	0.0	0.0	0.0	0.0	0.0	0.0	0.0	0.0	0.0	0.0	0.0	0.0	0.0	0.0	0.0	0.0	0.0	0.0	0.0	0.0	0.0	0.0	0.0	0.0	0.0	0.0	0.0	0.0	0.0	0.0	0.0	0.0	0.0	0.0	0.0	0.0	0.0	0.0	0.0	0.0	0.0	0.0	0.0	0.0	0.0	0.0	0.0	0.0	0.0	0.0	0.0	0.0	0.0	0.0	0.0	0.0	0.0	0.0	0.0	0.0	0.0	0.0	0.0	0.0	0.0	0.0	0.0	0.0	0.0	0.0	0.0	0.0	0.0	0.0	0.0	0.0	0.0	0.0	0.0	0.0	0.0	0.0	0.0	0.0	0.0	0.0	0.0	0.0	0.0	0.0	0.0	0.0	0.0	0.0	0.0	0.0	0.0	0.0	0.0	0.0	0.0	0.0	0.0	0.0	0.0	0.0	0.0	0.0	0.0	0.0	0.0	0.0	0.0	0.0	0.0	0.0	0.0	0.0	0.0	0.0	0.0	0.0	0.0	0.0
1.7160345e-10	9.526852e-09	3.5381617e-10	-2.3249231e-09	-1.2801774e-09	1.0396111e-08	-1.6374583e-08	-2.8871796e-08	7.380081e-09	-3.7545018e-08	5.7549865e-08	-4.2335227e-08	1.9090203e-09	5.2069207e-09	8.005145e-09	4.4432e-10	4.0242867e-10	-9.761511e-09	-1.1656839e-08	1.2683814e-10	-1.1703341e-08	5.861775e-09	-7.0212445e-09	4.520771e-09	-6.0031197e-10	8.265706e-09	-5.5590498e-08	0.0	-1.8578931e-09	-2.124375e-09	-7.72895e-09	-2.2761974e-08	-1.2242658e-07	-8.159441e-10	-7.622879e-08	-7.0192483e-09	-2.1885544e-08	6.070104e-10	1.07033244e-08	7.2871855e-09	2.9333022e-10	-7.076924e-09	-1.1640068e-07	-9.114274e-10	-3.508784e-08	-1.1059164e-07	-3.067826e-08	2.5150335e-08	-8.963289e-09	6.7878775e-10	-2.0046214e-08	-7.750782e-09	-1.4443867e-09	9.1553376e-10	-2.4316795e-09	5.005431e-09	5.193078e-10	-2.3159645e-09	-6.428304e-08	-1.0396052e-08	-1.0779949e-08	-1.3940762e-08	-1.017379e-09	-3.138194e-08	-3.913387e-08	-6.954724e-10	-9.012274e-09	1.1292314e-08	-1.0691815e-08	-1.738419e-08	-4.89206e-08	2.4752034e-09	1.2605506e-09	-8.799447e-09	-3.0307593e-08	3.7216796e-09	-2.3467482e-08	-3.796906e-08	-2.3098796e-08	-4.5294765e-08	1.7434276e-08	-1.21368116e-08	-2.0078097e-09	-3.75544e-10	-3.9910675e-09	1.3349564e-09	-1.671899e-08	-1.575118e-08	2.3587504e-08	-3.5998287e-08	2.8483145e-09	3.5589775e-08	-1.9526096e-08	-1.4118973e-08	5.47152e-10	-2.926663e-10	-4.1804515e-09	-1.5885558e-08	-2.5479231e-08	-5.159421e-08	2.8566173e-08	4.050221e-09	-3.0743866e-08	1.2434789e-08	-1.7003027e-08	-2.7458327e-08	-2.813931e-10	-1.2142673e-08	-5.650122e-09	1.3560748e-09	8.474949e-09	-3.7442396e-09	-7.698873e-12	7.666399e-09	-1.2421442e-08	4.1372913e-10	-1.9721165e-08	-1.2273427e-08	-1.8918263e-08	-8.751572e-09	-5.0638405e-08	-2.0545758e-09	7.873837e-09	3.3583227e-09	2.4379505e-09	-9.1419e-09	-6.150253e-09	-6.9810996e-10	-1.749686e-10	-5.0816553e-08	-5.2931117e-08	0.0	6.1695618e-09	7.2890454e-09	-4.9891145e-08	-9.797809e-09	4.2894452e-09	2.7921943e-10	-4.256758e-09	-1.0139151e-07	4.1135126e-09	9.771843e-09	3.393252e-08	-4.649337e-09	-3.572659e-08	3.0663159e-09	-1.2002865e-08	-2.522638e-09	-1.8778623e-08	-2.9821239e-09	1.1870588e-08	-2.0502444e-08	-1.5832302e-09	9.632559e-09	4.125118e-09	4.965159e-10	-7.952134e-08	3.9235966e-09	-7.755072e-08	-2.011182e-08	-8.531288e-10	1.5288242e-09	-5.049479e-08	1.5239447e-09	1.3842145e-09	-1.5303914e-07	1.5431852e-10	-3.2216577e-10	-8.22537e-09	9.5473975e-09	-1.42193315e-08	1.5205769e-08	-8.15312e-10	3.85965e-09	-1.5869136e-09	-4.9585425e-09	2.0939661e-09	-1.8078299e-09	-1.2637038e-08	-1.7494994e-08	-1.18012906e-07	-5.257914e-08	1.5326805e-10	-6.3031393e-09	-1.2428341e-08	-4.9497448e-08	-5.4444538e-09	-2.5918457e-08	8.0338397e-10	2.742354e-09	-5.3204756e-09	-6.1052563e-10	7.660997e-09	-2.482338e-08	-7.00164e-09	-1.3525842e-08	-1.158246e-09	6.6814163e-09	-4.246644e-08	-6.452976e-08	-1.1679431e-08	2.9137937e-10	-3.8206963e-10	2.4248037e-10	-3.9638962e-10	-1.0675435e-08	-1.6918353e-08	-2.6106305e-08	-5.241609e-09	-1.3923268e-08	-5.4509382e-08	-4.4960235e-08	-4.0041144e-08	2.9816511e-09	-3.617547e-09	-1.166783e-08	2.7816123e-09	1.1248785e-08	-1.8577403e-08	-1.3021398e-07	3.1476792e-09	-1.8103082e-09	-1.897291e-08	-2.7046672e-08	6.597347e-09	-1.5781112e-08	5.1563482e-09	-4.1663086e-09	-2.2425183e-08	-4.3317986e-08	-9.249233e-09	-6.568698e-09	-1.2660311e-07	5.0268683e-09	-5.498488e-08	-2.885099e-10	-3.350041e-08	-1.428134e-09	-9.54576e-08	-8.418574e-09	-6.6706254e-09	1.3111867e-09	-3.0196897e-08	1.604245e-08	-9.10924e-09	-4.3235488e-08	1.8121955e-09	-4.1561396e-08	-4.945887e-09	-6.300479e-10	-8.1466354e-08	3.9107726e-09	4.268513e-09	3.1030055e-08	2.5539704e-09	-3.2321267e-08	-2.4906848e-08	9.665154e-10	5.363022e-09	1.0433787e-08	-6.514938e-10	-2.9490357e-07	1.3011322e-09	-3.0598297e-08	-3.6786332e-09	-1.6006289e-09	-3.8330655e-10	3.2569096e-09	-6.012101e-09	-3.8478642e-08	-2.3789711e-07	-2.33621e-09	-2.7328633e-09	6.858123e-08	-1.1573466e-08	-9.938894e-09	1.8950594e-09	-2.5873218e-08	-1.8891065e-08	-1.3347472e-08	6.22867e-09	-4.3141837e-09	-5.3327085e-09	6.831624e-10	4.219696e-09	1.8409765e-09	6.517139e-09	-5.2709716e-08	-1.5483057e-08	-4.924873e-09	-6.829805e-09	-1.2614396e-08	0.0	-3.6485743e-09	1.6043723e-08	2.2378117e-10	-1.6424424e-08	-4.081703e-09	-9.288579e-09	-2.6475937e-09	-2.1268716e-09	1.321846e-09	-1.5572937e-08	2.2155746e-09	-1.7832795e-08	-5.1455573e-10	-1.055504e-08	-2.5646868e-08	6.5973835e-09	-1.121386e-08	-4.005406e-09	-1.9564604e-08	1.1756356e-09	-1.4769966e-09	3.2074332e-09	-4.1058406e-08	9.622349e-09	1.239453e-08	2.1245797e-11	-3.5013656e-08	8.242296e-11	-1.0516573e-08	-1.562878e-08	-5.6298814e-09	-2.7446912e-08	-5.345582e-09	3.1206993e-09	-1.568639e-08	-1.6789454e-09	-3.818679e-08	4.3369526e-09	-1.1030056e-08	-3.983014e-09	-3.0901937e-08	3.1253102e-09	2.343149e-08	-2.3716398e-08	-3.0390378e-08	4.276003e-09	-6.8899997e-09	-2.6552039e-08	-2.784418e-11	-1.1120997e-08	-1.0537811e-08	-6.9602355e-09	1.842492e-08	-1.1506586e-08	-9.037331e-09	0.0	-2.6370849e-08	-8.315156e-09	1.7693356e-08	7.942531e-09	-5.6710405e-09	2.013203e-09	-1.2724172e-08	3.1271974e-09	-1.21982335e-08	-4.1709185e-08	1.7832008e-10	-5.4321585e-08	1.2259442e-09	9.353853e-09	-1.8523387e-08	-1.6042918e-08	-2.5263798e-08	2.611726e-08	2.4832902e-08	4.664071e-10	-1.655244e-08	-1.00609924e-07	8.767438e-09	-2.2941686e-09	-4.4610493e-07	-7.783274e-10	6.6270833e-09	-9.325317e-09	-5.374477e-10	-1.8171681e-08	4.5966317e-10	-1.7973525e-09	-4.935741e-09	-6.080345e-08	-3.3557452e-08	-2.798723e-08	2.4167921e-08	-3.874652e-09	2.2600626e-09	1.274575e-09	3.1910532e-09	2.1907272e-09	-8.932193e-10	-1.6464982e-08	1.6408694e-09	5.1007554e-09	1.9721483e-10	1.151685e-08	1.0838344e-08	5.038537e-09	3.6941266e-09	-2.240125e-08	-1.7825027e-08	4.313265e-09	2.561551e-09	-2.873222e-08	2.8326745e-08	1.7778257e-09	-5.5364872e-08	-2.966508e-09	-7.9126494e-10	1.857341e-08	-1.5928304e-08	-1.6122295e-09	-4.781683e-08	0.0	-1.0434455e-08	-1.9590698e-09	6.05934e-09	-7.981989e-08	-5.2464202e-08	-1.7457433e-08	-5.1027314e-08	-1.6037015e-08	-1.2430055e-08	-3.272022e-07	0.0	-2.2956101e-08	4.0718078e-11	-1.2750967e-07	1.1005159e-08	7.137869e-09	1.2167962e-08	3.7544392e-08	0.0	-1.1574339e-08	-1.3224094e-07	1.2838427e-08	-4.997014e-09	-2.5147905e-08	5.7614216e-09	9.22621e-09	-5.0781637e-09	2.2359108e-09	-7.073927e-09	-7.332119e-09	-1.7609e-08	1.8967567e-08	-5.1292304e-08	8.889892e-09	-3.4500385e-08	-7.1661815e-10	-5.0238814e-08	6.8174857e-09	-2.6778848e-08	-5.2501736e-08	-1.8869242e-09	-3.4718845e-08	-9.45779e-10	-1.0179856e-08	-4.7052753e-09	-1.225895e-07	2.9672447e-09	1.8039554e-09	-1.0534231e-08	-3.2380194e-09	-3.5807748e-08	-1.6861863e-08	-3.3940545e-08	-9.774745e-09	1.2548781e-08	-3.6625216e-09	6.4226424e-09	2.8742033e-09	-1.1446345e-08	2.5488589e-11	-9.742448e-09	-7.6871565e-08	-1.4363649e-10	2.9088232e-09	-4.8178595e-08	-2.343283e-08	-5.093866e-09	-1.788495e-08	-5.5783174e-09	-1.3601311e-08	1.3542353e-08	-1.442113e-09	2.8798148e-09	-2.3310813e-08	-6.545265e-09	-3.82071e-09	4.4144963e-09	-3.4168397e-09	2.4057953e-10	1.26444135e-08	1.674613e-08	2.1938062e-08	-1.8381284e-08	-7.646959e-09	-1.4160123e-08
0.0	0.0	0.0	0.0	0.0	0.0	0.0	0.0	0.0	0.0	0.0	0.0	0.0	0.0	0.0	0.0	0.0	0.0	0.0	0.0	0.0	0.0	0.0	0.0	0.0	0.0	0.0	0.0	0.0	0.0	0.0	0.0	0.0	0.0	0.0	0.0	0.0	0.0	0.0	0.0	0.0	0.0	0.0	0.0	0.0	0.0	0.0	0.0	0.0	0.0	0.0	0.0	0.0	0.0	0.0	0.0	0.0	0.0	0.0	0.0	0.0	0.0	0.0	0.0	0.0	0.0	0.0	0.0	0.0	0.0	0.0	0.0	0.0	0.0	0.0	0.0	0.0	0.0	0.0	0.0	0.0	0.0	0.0	0.0	0.0	0.0	0.0	0.0	0.0	0.0	0.0	0.0	0.0	0.0	0.0	0.0	0.0	0.0	0.0	0.0	0.0	0.0	0.0	0.0	0.0	0.0	0.0	0.0	0.0	0.0	0.0	0.0	0.0	0.0	0.0	0.0	0.0	0.0	0.0	0.0	0.0	0.0	0.0	0.0	0.0	0.0	0.0	0.0	0.0	0.0	0.0	0.0	0.0	0.0	0.0	0.0	0.0	0.0	0.0	0.0	0.0	0.0	0.0	0.0	0.0	0.0	0.0	0.0	0.0	0.0	0.0	0.0	0.0	0.0	0.0	0.0	0.0	0.0	0.0	0.0	0.0	0.0	0.0	0.0	0.0	0.0	0.0	0.0	0.0	0.0	0.0	0.0	0.0	0.0	0.0	0.0	0.0	0.0	0.0	0.0	0.0	0.0	0.0	0.0	0.0	0.0	0.0	0.0	0.0	0.0	0.0	0.0	0.0	0.0	0.0	0.0	0.0	0.0	0.0	0.0	0.0	0.0	0.0	0.0	0.0	0.0	0.0	0.0	0.0	0.0	0.0	0.0	0.0	0.0	0.0	0.0	0.0	0.0	0.0	0.0	0.0	0.0	0.0	0.0	0.0	0.0	0.0	0.0	0.0	0.0	0.0	0.0	0.0	0.0	0.0	0.0	0.0	0.0	0.0	0.0	0.0	0.0	0.0	0.0	0.0	0.0	0.0	0.0	0.0	0.0	0.0	0.0	0.0	0.0	0.0	0.0	0.0	0.0	0.0	0.0	0.0	0.0	0.0	0.0	0.0	0.0	0.0	0.0	0.0	0.0	0.0	0.0	0.0	0.0	0.0	0.0	0.0	0.0	0.0	0.0	0.0	0.0	0.0	0.0	0.0	0.0	0.0	0.0	0.0	0.0	0.0	0.0	0.0	0.0	0.0	0.0	0.0	0.0	0.0	0.0	0.0	0.0	0.0	0.0	0.0	0.0	0.0	0.0	0.0	0.0	0.0	0.0	0.0	0.0	0.0	0.0	0.0	0.0	0.0	0.0	0.0	0.0	0.0	0.0	0.0	0.0	0.0	0.0	0.0	0.0	0.0	0.0	0.0	0.0	0.0	0.0	0.0	0.0	0.0	0.0	0.0	0.0	0.0	0.0	0.0	0.0	0.0	0.0	0.0	0.0	0.0	0.0	0.0	0.0	0.0	0.0	0.0	0.0	0.0	0.0	0.0	0.0	0.0	0.0	0.0	0.0	0.0	0.0	0.0	0.0	0.0	0.0	0.0	0.0	0.0	0.0	0.0	0.0	0.0	0.0	0.0	0.0	0.0	0.0	0.0	0.0	0.0	0.0	0.0	0.0	0.0	0.0	0.0	0.0	0.0	0.0	0.0	0.0	0.0	0.0	0.0	0.0	0.0	0.0	0.0	0.0	0.0	0.0	0.0	0.0	0.0	0.0	0.0	0.0	0.0	0.0	0.0	0.0	0.0	0.0	0.0	0.0	0.0	0.0	0.0	0.0	0.0	0.0	0.0	0.0	0.0	0.0	0.0	0.0	0.0	0.0	0.0	0.0	0.0	0.0	0.0	0.0	0.0	0.0	0.0	0.0	0.0	0.0	0.0	0.0	0.0	0.0	0.0	0.0	0.0	0.0	0.0	0.0	0.0	0.0	0.0	0.0	0.0	0.0	0.0	0.0	0.0	0.0	0.0	0.0	0.0	0.0	0.0	0.0	0.0	0.0	0.0	0.0	0.0	0.0	0.0	0.0	0.0	0.0	0.0	0.0	0.0	0.0	0.0	0.0	0.0	0.0	0.0	0.0	0.0	0.0	0.0	0.0	0.0	0.0
0.0	0.0	0.0	0.0	0.0	0.0	0.0	0.0	0.0	0.0	0.0	0.0	0.0	0.0	0.0	0.0	0.0	0.0	0.0	0.0	0.0	0.0	0.0	0.0	0.0	0.0	0.0	0.0	0.0	0.0	0.0	0.0	0.0	0.0	0.0	0.0	0.0	0.0	0.0	0.0	0.0	0.0	0.0	0.0	0.0	0.0	0.0	0.0	0.0	0.0	0.0	0.0	0.0	0.0	0.0	0.0	0.0	0.0	0.0	0.0	0.0	0.0	0.0	0.0	0.0	0.0	0.0	0.0	0.0	0.0	0.0	0.0	0.0	0.0	0.0	0.0	0.0	0.0	0.0	0.0	0.0	0.0	0.0	0.0	0.0	0.0	0.0	0.0	0.0	0.0	0.0	0.0	0.0	0.0	0.0	0.0	0.0	0.0	0.0	0.0	0.0	0.0	0.0	0.0	0.0	0.0	0.0	0.0	0.0	0.0	0.0	0.0	0.0	0.0	0.0	0.0	0.0	0.0	0.0	0.0	0.0	0.0	0.0	0.0	0.0	0.0	0.0	0.0	0.0	0.0	0.0	0.0	0.0	0.0	0.0	0.0	0.0	0.0	0.0	0.0	0.0	0.0	0.0	0.0	0.0	0.0	0.0	0.0	0.0	0.0	0.0	0.0	0.0	0.0	0.0	0.0	0.0	0.0	0.0	0.0	0.0	0.0	0.0	0.0	0.0	0.0	0.0	0.0	0.0	0.0	0.0	0.0	0.0	0.0	0.0	0.0	0.0	0.0	0.0	0.0	0.0	0.0	0.0	0.0	0.0	0.0	0.0	0.0	0.0	0.0	0.0	0.0	0.0	0.0	0.0	0.0	0.0	0.0	0.0	0.0	0.0	0.0	0.0	0.0	0.0	0.0	0.0	0.0	0.0	0.0	0.0	0.0	0.0	0.0	0.0	0.0	0.0	0.0	0.0	0.0	0.0	0.0	0.0	0.0	0.0	0.0	0.0	0.0	0.0	0.0	0.0	0.0	0.0	0.0	0.0	0.0	0.0	0.0	0.0	0.0	0.0	0.0	0.0	0.0	0.0	0.0	0.0	0.0	0.0	0.0	0.0	0.0	0.0	0.0	0.0	0.0	0.0	0.0	0.0	0.0	0.0	0.0	0.0	0.0	0.0	0.0	0.0	0.0	0.0	0.0	0.0	0.0	0.0	0.0	0.0	0.0	0.0	0.0	0.0	0.0	0.0	0.0	0.0	0.0	0.0	0.0	0.0	0.0	0.0	0.0	0.0	0.0	0.0	0.0	0.0	0.0	0.0	0.0	0.0	0.0	0.0	0.0	0.0	0.0	0.0	0.0	0.0	0.0	0.0	0.0	0.0	0.0	0.0	0.0	0.0	0.0	0.0	0.0	0.0	0.0	0.0	0.0	0.0	0.0	0.0	0.0	0.0	0.0	0.0	0.0	0.0	0.0	0.0	0.0	0.0	0.0	0.0	0.0	0.0	0.0	0.0	0.0	0.0	0.0	0.0	0.0	0.0	0.0	0.0	0.0	0.0	0.0	0.0	0.0	0.0	0.0	0.0	0.0	0.0	0.0	0.0	0.0	0.0	0.0	0.0	0.0	0.0	0.0	0.0	0.0	0.0	0.0	0.0	0.0	0.0	0.0	0.0	0.0	0.0	0.0	0.0	0.0	0.0	0.0	0.0	0.0	0.0	0.0	0.0	0.0	0.0	0.0	0.0	0.0	0.0	0.0	0.0	0.0	0.0	0.0	0.0	0.0	0.0	0.0	0.0	0.0	0.0	0.0	0.0	0.0	0.0	0.0	0.0	0.0	0.0	0.0	0.0	0.0	0.0	0.0	0.0	0.0	0.0	0.0	0.0	0.0	0.0	0.0	0.0	0.0	0.0	0.0	0.0	0.0	0.0	0.0	0.0	0.0	0.0	0.0	0.0	0.0	0.0	0.0	0.0	0.0	0.0	0.0	0.0	0.0	0.0	0.0	0.0	0.0	0.0	0.0	0.0	0.0	0.0	0.0	0.0	0.0	0.0	0.0	0.0	0.0	0.0	0.0	0.0	0.0	0.0	0.0	0.0	0.0	0.0	0.0	0.0	0.0	0.0	0.0	0.0	0.0	0.0	0.0	0.0	0.0	0.0	0.0	0.0	0.0	0.0	0.0	0.0	0.0	0.0	0.0	0.0	0.0	0.0	0.0
0.0	0.0	0.0	0.0	0.0	0.0	0.0	0.0	0.0	0.0	0.0	0.0	0.0	0.0	0.0	0.0	0.0	0.0	0.0	0.0	0.0	0.0	0.0	0.0	0.0	0.0	0.0	0.0	0.0	0.0	0.0	0.0	0.0	0.0	0.0	0.0	0.0	0.0	0.0	0.0	0.0	0.0	0.0	0.0	0.0	0.0	0.0	0.0	0.0	0.0	0.0	0.0	0.0	0.0	0.0	0.0	0.0	0.0	0.0	0.0	0.0	0.0	0.0	0.0	0.0	0.0	0.0	0.0	0.0	0.0	0.0	0.0	0.0	0.0	0.0	0.0	0.0	0.0	0.0	0.0	0.0	0.0	0.0	0.0	0.0	0.0	0.0	0.0	0.0	0.0	0.0	0.0	0.0	0.0	0.0	0.0	0.0	0.0	0.0	0.0	0.0	0.0	0.0	0.0	0.0	0.0	0.0	0.0	0.0	0.0	0.0	0.0	0.0	0.0	0.0	0.0	0.0	0.0	0.0	0.0	0.0	0.0	0.0	0.0	0.0	0.0	0.0	0.0	0.0	0.0	0.0	0.0	0.0	0.0	0.0	0.0	0.0	0.0	0.0	0.0	0.0	0.0	0.0	0.0	0.0	0.0	0.0	0.0	0.0	0.0	0.0	0.0	0.0	0.0	0.0	0.0	0.0	0.0	0.0	0.0	0.0	0.0	0.0	0.0	0.0	0.0	0.0	0.0	0.0	0.0	0.0	0.0	0.0	0.0	0.0	0.0	0.0	0.0	0.0	0.0	0.0	0.0	0.0	0.0	0.0	0.0	0.0	0.0	0.0	0.0	0.0	0.0	0.0	0.0	0.0	0.0	0.0	0.0	0.0	0.0	0.0	0.0	0.0	0.0	0.0	0.0	0.0	0.0	0.0	0.0	0.0	0.0	0.0	0.0	0.0	0.0	0.0	0.0	0.0	0.0	0.0	0.0	0.0	0.0	0.0	0.0	0.0	0.0	0.0	0.0	0.0	0.0	0.0	0.0	0.0	0.0	0.0	0.0	0.0	0.0	0.0	0.0	0.0	0.0	0.0	0.0	0.0	0.0	0.0	0.0	0.0	0.0	0.0	0.0	0.0	0.0	0.0	0.0	0.0	0.0	0.0	0.0	0.0	0.0	0.0	0.0	0.0	0.0	0.0	0.0	0.0	0.0	0.0	0.0	0.0	0.0	0.0	0.0	0.0	0.0	0.0	0.0	0.0	0.0	0.0	0.0	0.0	0.0	0.0	0.0	0.0	0.0	0.0	0.0	0.0	0.0	0.0	0.0	0.0	0.0	0.0	0.0	0.0	0.0	0.0	0.0	0.0	0.0	0.0	0.0	0.0	0.0	0.0	0.0	0.0	0.0	0.0	0.0	0.0	0.0	0.0	0.0	0.0	0.0	0.0	0.0	0.0	0.0	0.0	0.0	0.0	0.0	0.0	0.0	0.0	0.0	0.0	0.0	0.0	0.0	0.0	0.0	0.0	0.0	0.0	0.0	0.0	0.0	0.0	0.0	0.0	0.0	0.0	0.0	0.0	0.0	0.0	0.0	0.0	0.0	0.0	0.0	0.0	0.0	0.0	0.0	0.0	0.0	0.0	0.0	0.0	0.0	0.0	0.0	0.0	0.0	0.0	0.0	0.0	0.0	0.0	0.0	0.0	0.0	0.0	0.0	0.0	0.0	0.0	0.0	0.0	0.0	0.0	0.0	0.0	0.0	0.0	0.0	0.0	0.0	0.0	0.0	0.0	0.0	0.0	0.0	0.0	0.0	0.0	0.0	0.0	0.0	0.0	0.0	0.0	0.0	0.0	0.0	0.0	0.0	0.0	0.0	0.0	0.0	0.0	0.0	0.0	0.0	0.0	0.0	0.0	0.0	0.0	0.0	0.0	0.0	0.0	0.0	0.0	0.0	0.0	0.0	0.0	0.0	0.0	0.0	0.0	0.0	0.0	0.0	0.0	0.0	0.0	0.0	0.0	0.0	0.0	0.0	0.0	0.0	0.0	0.0	0.0	0.0	0.0	0.0	0.0	0.0	0.0	0.0	0.0	0.0	0.0	0.0	0.0	0.0	0.0	0.0	0.0	0.0	0.0	0.0	0.0	0.0	0.0	0.0	0.0	0.0	0.0	0.0	0.0	0.0	0.0	0.0	0.0	0.0	0.0	0.0	0.0	0.0
0.0	0.0	0.0	0.0	0.0	0.0	0.0	0.0	0.0	0.0	0.0	0.0	0.0	0.0	0.0	0.0	0.0	0.0	0.0	0.0	0.0	0.0	0.0	0.0	0.0	0.0	0.0	0.0	0.0	0.0	0.0	0.0	0.0	0.0	0.0	0.0	0.0	0.0	0.0	0.0	0.0	0.0	0.0	0.0	0.0	0.0	0.0	0.0	0.0	0.0	0.0	0.0	0.0	0.0	0.0	0.0	0.0	0.0	0.0	0.0	0.0	0.0	0.0	0.0	0.0	0.0	0.0	0.0	0.0	0.0	0.0	0.0	0.0	0.0	0.0	0.0	0.0	0.0	0.0	0.0	0.0	0.0	0.0	0.0	0.0	0.0	0.0	0.0	0.0	0.0	0.0	0.0	0.0	0.0	0.0	0.0	0.0	0.0	0.0	0.0	0.0	0.0	0.0	0.0	0.0	0.0	0.0	0.0	0.0	0.0	0.0	0.0	0.0	0.0	0.0	0.0	0.0	0.0	0.0	0.0	0.0	0.0	0.0	0.0	0.0	0.0	0.0	0.0	0.0	0.0	0.0	0.0	0.0	0.0	0.0	0.0	0.0	0.0	0.0	0.0	0.0	0.0	0.0	0.0	0.0	0.0	0.0	0.0	0.0	0.0	0.0	0.0	0.0	0.0	0.0	0.0	0.0	0.0	0.0	0.0	0.0	0.0	0.0	0.0	0.0	0.0	0.0	0.0	0.0	0.0	0.0	0.0	0.0	0.0	0.0	0.0	0.0	0.0	0.0	0.0	0.0	0.0	0.0	0.0	0.0	0.0	0.0	0.0	0.0	0.0	0.0	0.0	0.0	0.0	0.0	0.0	0.0	0.0	0.0	0.0	0.0	0.0	0.0	0.0	0.0	0.0	0.0	0.0	0.0	0.0	0.0	0.0	0.0	0.0	0.0	0.0	0.0	0.0	0.0	0.0	0.0	0.0	0.0	0.0	0.0	0.0	0.0	0.0	0.0	0.0	0.0	0.0	0.0	0.0	0.0	0.0	0.0	0.0	0.0	0.0	0.0	0.0	0.0	0.0	0.0	0.0	0.0	0.0	0.0	0.0	0.0	0.0	0.0	0.0	0.0	0.0	0.0	0.0	0.0	0.0	0.0	0.0	0.0	0.0	0.0	0.0	0.0	0.0	0.0	0.0	0.0	0.0	0.0	0.0	0.0	0.0	0.0	0.0	0.0	0.0	0.0	0.0	0.0	0.0	0.0	0.0	0.0	0.0	0.0	0.0	0.0	0.0	0.0	0.0	0.0	0.0	0.0	0.0	0.0	0.0	0.0	0.0	0.0	0.0	0.0	0.0	0.0	0.0	0.0	0.0	0.0	0.0	0.0	0.0	0.0	0.0	0.0	0.0	0.0	0.0	0.0	0.0	0.0	0.0	0.0	0.0	0.0	0.0	0.0	0.0	0.0	0.0	0.0	0.0	0.0	0.0	0.0	0.0	0.0	0.0	0.0	0.0	0.0	0.0	0.0	0.0	0.0	0.0	0.0	0.0	0.0	0.0	0.0	0.0	0.0	0.0	0.0	0.0	0.0	0.0	0.0	0.0	0.0	0.0	0.0	0.0	0.0	0.0	0.0	0.0	0.0	0.0	0.0	0.0	0.0	0.0	0.0	0.0	0.0	0.0	0.0	0.0	0.0	0.0	0.0	0.0	0.0	0.0	0.0	0.0	0.0	0.0	0.0	0.0	0.0	0.0	0.0	0.0	0.0	0.0	0.0	0.0	0.0	0.0	0.0	0.0	0.0	0.0	0.0	0.0	0.0	0.0	0.0	0.0	0.0	0.0	0.0	0.0	0.0	0.0	0.0	0.0	0.0	0.0	0.0	0.0	0.0	0.0	0.0	0.0	0.0	0.0	0.0	0.0	0.0	0.0	0.0	0.0	0.0	0.0	0.0	0.0	0.0	0.0	0.0	0.0	0.0	0.0	0.0	0.0	0.0	0.0	0.0	0.0	0.0	0.0	0.0	0.0	0.0	0.0	0.0	0.0	0.0	0.0	0.0	0.0	0.0	0.0	0.0	0.0	0.0	0.0	0.0	0.0	0.0	0.0	0.0	0.0	0.0	0.0	0.0	0.0	0.0	0.0	0.0	0.0	0.0	0.0	0.0	0.0	0.0	0.0	0.0	0.0	0.0	0.0	0.0	0.0	0.0	0.0
-9.859352e-10	-1.5482116e-10	-5.1098396e-11	-2.277588e-09	-3.564486e-10	-1.1132711e-09	-1.8558635e-09	-2.7117173e-09	1.12605106e-10	-3.3677125e-10	-2.689076e-10	-2.210654e-09	-2.6408187e-10	-4.432418e-10	-4.6917564e-11	2.71246e-10	-4.5070167e-10	-2.2555141e-10	-1.0140349e-09	-3.53415e-10	-9.056869e-10	-8.6695423e-10	-2.9482603e-09	-3.7946093e-10	-7.438885e-11	-2.7133126e-10	3.5068765e-10	-1.5994658e-10	4.1331547e-10	5.026465e-10	-3.9762768e-10	-1.7578269e-09	-1.0361947e-09	-1.0177715e-10	-6.510979e-09	-1.3753554e-09	-2.3030697e-09	-1.4907699e-10	-1.0298109e-10	-7.407435e-10	-1.9734825e-09	-3.8697182e-10	-6.7170083e-09	-1.7456613e-12	-1.2060031e-09	-4.7442636e-09	-1.2088236e-09	-2.1228885e-10	4.726715e-11	-1.7536724e-09	-1.7395491e-09	2.1716047e-10	4.1254908e-10	-1.5009079e-11	-9.911858e-11	-1.0741457e-09	-1.7806472e-09	-4.153162e-10	-4.0367168e-10	-2.1169498e-10	2.3254913e-10	-6.891818e-10	2.6792193e-10	-9.658513e-10	-1.9454922e-09	-2.9832478e-10	-3.405779e-10	-1.2023657e-09	1.8712767e-09	-5.337783e-10	-4.0416792e-10	1.974385e-11	1.8444851e-10	-9.661583e-10	-1.1300059e-09	-5.0888416e-10	2.8800145e-11	-1.5733024e-09	-8.7011753e-10	-9.153219e-10	-1.8010382e-10	-1.9037223e-09	-9.966109e-10	-7.8866946e-10	-4.845076e-10	-4.1601753e-10	-8.662721e-10	-7.782273e-10	8.487788e-11	-8.236634e-10	-3.521464e-11	2.7488908e-10	-5.5034266e-10	-2.0443964e-09	5.113401e-10	-1.8483206e-11	4.286423e-10	-2.8884373e-10	-7.271126e-11	-2.9230431e-09	4.212022e-10	-2.836633e-10	-2.5112703e-09	-8.459068e-11	7.030536e-11	6.6061034e-10	2.4570382e-10	-2.4740314e-09	-2.145553e-09	2.4651705e-09	-1.7563138e-10	-7.2792006e-10	-5.795755e-12	2.3349656e-10	-1.2607632e-09	-1.0448266e-09	-5.0119325e-10	-1.191913e-09	-1.5359387e-09	-9.934337e-10	1.4796185e-10	5.2493704e-10	-2.3607796e-10	-3.2055197e-10	1.3803998e-11	-8.641412e-10	-4.4793722e-10	-5.511015e-10	-6.088527e-11	-1.0561071e-09	-7.3657686e-10	0.0	-3.461281e-10	-2.1874272e-10	-4.2705213e-09	-4.6581744e-10	7.6006756e-11	-2.8180097e-10	-4.970957e-12	-2.3920013e-09	-8.911314e-11	-9.239669e-10	9.9989135e-11	-6.60784e-10	-2.1787747e-09	-1.7215938e-10	-3.8940826e-10	4.2430415e-10	-3.6112652e-10	3.114752e-10	-1.4280624e-09	-1.2595639e-09	8.273218e-11	-2.4982597e-10	-8.477343e-11	-2.3954727e-10	-3.2698708e-10	-5.5295574e-11	-5.091855e-09	-2.1419586e-09	2.8742675e-10	-7.424319e-12	-1.1774504e-09	-6.2449246e-10	1.02796494e-10	-7.607365e-10	-4.1048268e-10	1.2159347e-10	-4.8479293e-10	1.4203971e-09	-8.3095303e-10	-7.898464e-11	-1.6157486e-10	-5.938446e-11	-1.7810109e-10	-2.421042e-09	-1.262191e-10	3.9946044e-10	-7.2125206e-10	8.8001e-11	-5.6430366e-10	-2.4870248e-09	-8.938855e-11	7.872927e-11	7.476302e-11	-1.6571156e-09	-1.7333835e-09	-9.199003e-10	-1.5311745e-09	-4.817862e-10	3.7139528e-10	-2.3326335e-10	-1.1117554e-09	-1.1703772e-09	-6.848421e-10	-1.5758685e-09	-8.369638e-10	-2.0912916e-09	-7.0603945e-10	-1.2509476e-09	-1.1916684e-09	-4.767269e-10	-9.9683465e-12	9.248595e-11	-1.8756281e-10	-7.503019e-10	-3.0729816e-09	-1.1690727e-09	-2.6974462e-10	-2.2093985e-10	8.3204554e-11	-1.1592896e-09	-2.8132283e-09	-6.884269e-10	-2.9549831e-09	-9.349382e-10	-1.7602972e-10	-4.287159e-11	-4.576758e-10	-1.312322e-09	2.9290134e-10	-9.364983e-10	-1.9211133e-09	-1.8326926e-09	-5.392451e-12	-5.7239193e-11	-1.0592377e-09	2.544715e-10	-2.7070968e-09	-4.215569e-10	-9.524855e-10	-3.4943326e-10	5.050545e-10	1.05397364e-10	-1.6997689e-09	-7.798373e-10	-1.1779576e-10	-1.1497806e-09	-2.0704296e-09	-1.1501163e-09	-1.7276591e-10	-4.776467e-11	6.527583e-10	-9.1222147e-10	-1.3712196e-09	-1.7822588e-09	8.578205e-10	-6.2052036e-10	1.0069698e-10	4.2779333e-10	-6.8410446e-09	-2.969571e-11	-4.591898e-10	8.069719e-11	1.585291e-09	-5.241395e-10	-2.0334365e-09	1.3965006e-12	-8.631929e-11	-3.53604e-10	-1.3120668e-10	-4.6798165e-10	-4.723628e-10	-3.640868e-10	-5.96026e-11	-5.575421e-10	0.0	-1.3404171e-09	-1.1775261e-09	-1.2499254e-09	-3.3142065e-09	-1.7274672e-10	-2.0619169e-10	2.59206e-13	-3.6328573e-10	4.4503948e-10	-4.358313e-10	-1.1568895e-09	-7.8156615e-10	-1.6199081e-09	-3.0544244e-11	-3.251162e-10	3.0379269e-10	1.8751706e-10	-2.519502e-10	-7.1482445e-11	-5.793218e-10	-1.2608672e-09	-1.6406975e-09	-4.745506e-10	-4.3821602e-10	-5.128136e-10	0.0	-1.7187177e-10	-8.12515e-10	-6.47936e-10	-8.20381e-10	-3.8521378e-10	-8.744702e-10	-4.4750266e-11	-2.6804219e-09	-1.8732592e-10	-2.860804e-10	1.0582591e-09	-1.0703406e-09	3.2952513e-10	-1.4716235e-10	-9.983377e-10	-3.4923886e-10	-3.4421688e-10	-1.804149e-10	-3.680138e-10	-1.4873819e-10	1.2591628e-10	6.2145317e-10	-1.4080441e-09	-4.194163e-11	3.6272143e-09	-1.8489843e-10	-2.8544627e-09	1.9566215e-11	-1.1360288e-09	-3.9550102e-10	-7.154948e-10	-2.1294553e-09	-2.2961473e-10	1.8022632e-11	-2.0169393e-09	-1.3136586e-09	-3.0314782e-09	2.7838667e-10	2.0496315e-12	-8.1055107e-10	-9.831496e-12	-7.4615786e-10	-3.340915e-10	1.1883826e-09	-2.2811986e-09	-7.464706e-11	-5.361576e-10	-2.782437e-10	2.0609107e-10	-7.9399e-10	2.3169377e-12	-1.7545748e-09	-4.0518842e-11	-6.7199823e-10	-1.955306e-09	-7.679574e-11	-1.2665881e-09	-1.0437106e-09	-5.646851e-10	2.1616416e-10	-8.799367e-10	-1.4525854e-09	-1.1175125e-09	-2.1290059e-09	-4.7539844e-10	-1.8876876e-09	9.376833e-11	-3.7841802e-10	-3.0201064e-10	-2.5671157e-10	-1.2503766e-09	-7.905348e-10	-1.9412132e-09	-2.8884242e-09	1.7893256e-10	1.1728872e-10	-5.1706733e-10	-1.6212447e-09	2.607834e-10	-1.9990862e-09	-1.842912e-10	5.3702962e-11	-9.687099e-10	-2.8282315e-10	1.7164681e-10	-6.122026e-10	-2.4495264e-10	1.4036161e-10	3.9331696e-10	-1.2456625e-10	-1.2899499e-09	-2.2385573e-09	1.5683298e-10	-2.3573332e-09	8.939523e-11	-1.629985e-11	-1.0022514e-09	-1.082349e-09	0.0	-4.5254425e-10	-1.4091275e-09	2.2509937e-10	-3.138908e-11	-5.111906e-10	5.465921e-12	1.7087436e-09	-4.882837e-10	-1.4737368e-11	-5.5936566e-10	8.577905e-10	1.13548705e-10	-7.54126e-10	-1.0819548e-10	-1.0448517e-10	-1.1691853e-09	-2.2597746e-10	6.290889e-11	-6.6412836e-10	-2.4480178e-09	-1.5233894e-11	-1.7631073e-09	0.0	-4.0844856e-09	-5.568562e-10	5.0873367e-10	-8.8482865e-10	-2.4349527e-09	-2.511012e-09	-1.374079e-09	2.052954e-09	-1.0997351e-09	-2.8480367e-09	-1.0633982e-11	-1.6752878e-10	9.045777e-11	-1.6226671e-09	-1.2545379e-09	4.1270737e-11	0.0	2.4702118e-10	1.634929e-10	-5.3963123e-10	3.974762e-11	7.559137e-11	-1.1809838e-09	-1.7768798e-09	-1.2855693e-09	-1.018162e-09	-9.2432584e-10	2.9952076e-11	5.223214e-11	-5.849344e-11	3.6212128e-10	5.62639e-10	-6.0365735e-10	-2.7245903e-11	-3.573093e-09	1.3608656e-10	-4.7837984e-10	-4.50527e-10	-1.1566699e-09	-2.188554e-10	-1.2660394e-09	-2.6684666e-09	5.9612544e-11	-2.5231045e-10	-3.0039706e-09	5.700065e-10	2.2208824e-10	-2.186286e-10	-2.2188196e-09	-1.0873549e-10	1.1166506e-10	1.0748167e-10	-2.6049458e-09	-4.9753124e-10	-7.438887e-10	-1.7684015e-10	-1.4226657e-10	-4.4203274e-10	-3.67546e-10	-3.8493795e-11	5.6838444e-11	-5.9937577e-10	9.049543e-11	-2.1186296e-10	-1.7840829e-09	-1.5821229e-10	-8.085806e-10	-7.146156e-10	-1.4486935e-09	-3.2076172e-10	1.1610794e-10	-3.9897103e-09	-2.2993731e-09	-1.6266852e-09	-1.0242442e-09	-2.4061309e-09	3.4344028e-10	-5.887749e-10	4.713449e-10	-2.4554694e-10	1.3550574e-09	-1.4248798e-10	6.458254e-10	-1.4446848e-09	-8.7592483e-10
0.0	0.0	0.0	0.0	0.0	0.0	0.0	0.0	0.0	0.0	0.0	0.0	0.0	0.0	0.0	0.0	0.0	0.0	0.0	0.0	0.0	0.0	0.0	0.0	0.0	0.0	0.0	0.0	0.0	0.0	0.0	0.0	0.0	0.0	0.0	0.0	0.0	0.0	0.0	0.0	0.0	0.0	0.0	0.0	0.0	0.0	0.0	0.0	0.0	0.0	0.0	0.0	0.0	0.0	0.0	0.0	0.0	0.0	0.0	0.0	0.0	0.0	0.0	0.0	0.0	0.0	0.0	0.0	0.0	0.0	0.0	0.0	0.0	0.0	0.0	0.0	0.0	0.0	0.0	0.0	0.0	0.0	0.0	0.0	0.0	0.0	0.0	0.0	0.0	0.0	0.0	0.0	0.0	0.0	0.0	0.0	0.0	0.0	0.0	0.0	0.0	0.0	0.0	0.0	0.0	0.0	0.0	0.0	0.0	0.0	0.0	0.0	0.0	0.0	0.0	0.0	0.0	0.0	0.0	0.0	0.0	0.0	0.0	0.0	0.0	0.0	0.0	0.0	0.0	0.0	0.0	0.0	0.0	0.0	0.0	0.0	0.0	0.0	0.0	0.0	0.0	0.0	0.0	0.0	0.0	0.0	0.0	0.0	0.0	0.0	0.0	0.0	0.0	0.0	0.0	0.0	0.0	0.0	0.0	0.0	0.0	0.0	0.0	0.0	0.0	0.0	0.0	0.0	0.0	0.0	0.0	0.0	0.0	0.0	0.0	0.0	0.0	0.0	0.0	0.0	0.0	0.0	0.0	0.0	0.0	0.0	0.0	0.0	0.0	0.0	0.0	0.0	0.0	0.0	0.0	0.0	0.0	0.0	0.0	0.0	0.0	0.0	0.0	0.0	0.0	0.0	0.0	0.0	0.0	0.0	0.0	0.0	0.0	0.0	0.0	0.0	0.0	0.0	0.0	0.0	0.0	0.0	0.0	0.0	0.0	0.0	0.0	0.0	0.0	0.0	0.0	0.0	0.0	0.0	0.0	0.0	0.0	0.0	0.0	0.0	0.0	0.0	0.0	0.0	0.0	0.0	0.0	0.0	0.0	0.0	0.0	0.0	0.0	0.0	0.0	0.0	0.0	0.0	0.0	0.0	0.0	0.0	0.0	0.0	0.0	0.0	0.0	0.0	0.0	0.0	0.0	0.0	0.0	0.0	0.0	0.0	0.0	0.0	0.0	0.0	0.0	0.0	0.0	0.0	0.0	0.0	0.0	0.0	0.0	0.0	0.0	0.0	0.0	0.0	0.0	0.0	0.0	0.0	0.0	0.0	0.0	0.0	0.0	0.0	0.0	0.0	0.0	0.0	0.0	0.0	0.0	0.0	0.0	0.0	0.0	0.0	0.0	0.0	0.0	0.0	0.0	0.0	0.0	0.0	0.0	0.0	0.0	0.0	0.0	0.0	0.0	0.0	0.0	0.0	0.0	0.0	0.0	0.0	0.0	0.0	0.0	0.0	0.0	0.0	0.0	0.0	0.0	0.0	0.0	0.0	0.0	0.0	0.0	0.0	0.0	0.0	0.0	0.0	0.0	0.0	0.0	0.0	0.0	0.0	0.0	0.0	0.0	0.0	0.0	0.0	0.0	0.0	0.0	0.0	0.0	0.0	0.0	0.0	0.0	0.0	0.0	0.0	0.0	0.0	0.0	0.0	0.0	0.0	0.0	0.0	0.0	0.0	0.0	0.0	0.0	0.0	0.0	0.0	0.0	0.0	0.0	0.0	0.0	0.0	0.0	0.0	0.0	0.0	0.0	0.0	0.0	0.0	0.0	0.0	0.0	0.0	0.0	0.0	0.0	0.0	0.0	0.0	0.0	0.0	0.0	0.0	0.0	0.0	0.0	0.0	0.0	0.0	0.0	0.0	0.0	0.0	0.0	0.0	0.0	0.0	0.0	0.0	0.0	0.0	0.0	0.0	0.0	0.0	0.0	0.0	0.0	0.0	0.0	0.0	0.0	0.0	0.0	0.0	0.0	0.0	0.0	0.0	0.0	0.0	0.0	0.0	0.0	0.0	0.0	0.0	0.0	0.0	0.0	0.0	0.0	0.0	0.0	0.0	0.0	0.0	0.0	0.0	0.0	0.0	0.0	0.0	0.0	0.0	0.0	0.0	0.0	0.0	0.0	0.0	0.0	0.0	0.0	0.0	0.0	0.0
-1.1920929e-09	0.0	0.0	1.1920929e-09	0.0	0.0	0.0	4.649162e-08	0.0	0.0	0.0	2.8610229e-08	0.0	0.0	-1.1920929e-09	6.556511e-08	0.0	2.6226044e-08	-1.1920929e-09	0.0	3.218651e-08	0.0	4.7683715e-09	0.0	0.0	0.0	3.576279e-08	0.0	0.0	0.0	0.0	0.0	5.9604646e-09	0.0	1.9073486e-08	2.026558e-08	1.3113022e-08	1.1205673e-07	0.0	2.3841857e-09	1.9073486e-08	0.0	1.5497207e-08	0.0	2.026558e-08	9.536743e-09	0.0	0.0	0.0	0.0	7.390976e-08	0.0	0.0	0.0	0.0	4.7683715e-09	1.3113022e-08	0.0	1.66893e-08	1.7881394e-08	1.1920929e-08	7.8678134e-08	2.026558e-08	3.576279e-08	9.536743e-09	0.0	5.9604646e-09	0.0	0.0	0.0	1.07288365e-08	0.0	0.0	4.7683717e-08	1.1920929e-09	0.0	0.0	1.1920929e-09	0.0	2.1457673e-08	0.0	1.66893e-08	0.0	0.0	3.695488e-08	2.3841857e-09	0.0	1.1920929e-08	1.1920929e-09	5.9604646e-09	0.0	0.0	0.0	0.0	0.0	0.0	0.0	2.503395e-08	0.0	2.3841857e-09	0.0	-1.1920929e-09	8.34465e-09	0.0	0.0	1.1920929e-09	0.0	4.7683715e-09	0.0	0.0	0.0	0.0	0.0	0.0	0.0	0.0	0.0	9.536743e-09	2.026558e-08	1.1920929e-08	0.0	0.0	0.0	0.0	0.0	1.0371208e-07	0.0	0.0	0.0	1.7881394e-08	9.536743e-09	0.0	3.5762786e-09	0.0	4.7683715e-09	0.0	0.0	1.07288365e-08	0.0	7.152557e-09	0.0	5.9604646e-09	1.1920929e-09	1.1920929e-09	0.0	0.0	5.9604646e-09	0.0	1.1920929e-09	0.0	0.0	1.07288365e-08	0.0	2.9802322e-08	0.0	0.0	1.3113022e-08	0.0	5.9604646e-09	4.2915346e-08	0.0	2.503395e-08	1.1920929e-09	3.5762786e-09	0.0	1.7881394e-08	0.0	0.0	0.0	1.1920929e-09	1.4305114e-08	0.0	0.0	0.0	-2.3841857e-09	2.3841857e-09	1.07288365e-08	0.0	1.1920929e-08	0.0	0.0	3.5762786e-09	0.0	0.0	0.0	2.3841857e-09	0.0	1.3113022e-08	0.0	0.0	0.0	0.0	0.0	7.152557e-09	1.5497207e-08	0.0	9.536743e-09	1.3113022e-08	1.66893e-08	5.2452087e-08	0.0	0.0	0.0	1.1920929e-09	0.0	5.1259995e-08	0.0	0.0	0.0	1.1920929e-09	7.152557e-09	1.1920929e-09	5.9604646e-09	0.0	0.0	2.3841857e-09	1.1920929e-09	0.0	0.0	1.5497207e-08	0.0	3.5762786e-09	1.07288365e-08	4.2915346e-08	0.0	0.0	7.152557e-09	0.0	5.7220458e-08	0.0	8.34465e-09	0.0	1.1920929e-09	5.9604646e-09	8.34465e-09	0.0	0.0	0.0	3.33786e-08	0.0	9.536743e-09	0.0	0.0	5.9604646e-09	0.0	3.5762786e-09	0.0	0.0	0.0	0.0	4.4107438e-08	0.0	0.0	0.0	1.1920929e-09	2.3841857e-09	0.0	0.0	1.1920929e-09	0.0	4.7683715e-09	0.0	0.0	0.0	0.0	0.0	0.0	3.5762786e-09	1.4305114e-08	0.0	7.152557e-09	1.1920929e-08	0.0	0.0	5.4836274e-08	0.0	0.0	0.0	5.9604646e-09	4.053116e-08	3.576279e-08	0.0	0.0	0.0	0.0	0.0	0.0	2.026558e-08	5.9604646e-09	0.0	9.536743e-09	0.0	0.0	0.0	0.0	-1.1920929e-09	0.0	0.0	0.0	0.0	0.0	9.536743e-09	2.7418137e-08	2.3841857e-09	9.536743e-09	0.0	1.5497207e-08	0.0	4.7683715e-09	1.7881394e-08	0.0	8.34465e-09	0.0	0.0	0.0	1.7881394e-08	4.7683715e-09	0.0	0.0	0.0	0.0	1.1920929e-09	1.5497207e-08	0.0	0.0	0.0	0.0	0.0	0.0	4.529953e-08	5.9604646e-09	0.0	0.0	5.9604646e-09	0.0	0.0	0.0	0.0	4.7683715e-09	0.0	0.0	0.0	0.0	0.0	3.5762786e-09	0.0	1.5497207e-08	0.0	-2.3841857e-09	4.7683717e-08	0.0	1.1920929e-09	2.3841857e-09	5.9604646e-09	9.536743e-09	7.152557e-09	8.34465e-09	3.0994414e-08	4.4107438e-08	0.0	1.1920929e-09	5.4836274e-08	0.0	0.0	1.3113022e-08	2.6226044e-08	0.0	0.0	-1.1920929e-09	0.0	5.9604646e-09	0.0	0.0	1.1920929e-09	0.0	0.0	0.0	0.0	0.0	0.0	0.0	3.695488e-08	0.0	0.0	3.5762786e-09	1.1920929e-09	0.0	0.0	0.0	0.0	0.0	0.0	2.3841857e-09	0.0	0.0	0.0	4.7683715e-09	0.0	0.0	0.0	0.0	0.0	0.0	0.0	1.3113022e-08	1.1920929e-09	0.0	1.1920929e-08	0.0	1.1920929e-09	9.179115e-08	0.0	0.0	1.1920929e-09	0.0	0.0	0.0	0.0	2.3841857e-09	7.152557e-09	4.7683715e-09	0.0	0.0	1.1920929e-09	1.4305114e-08	0.0	1.1920929e-09	0.0	2.3841857e-09	2.3841858e-08	0.0	1.1920929e-09	0.0	1.1920929e-09	2.3841857e-09	5.9604646e-09	0.0	0.0	4.172325e-08	0.0	1.1920929e-09	8.34465e-09	2.3841857e-09	0.0	0.0	4.172325e-08	0.0	7.152557e-09	0.0	4.7683715e-09	0.0	1.1920929e-09	0.0	0.0	1.7881394e-08	0.0	0.0	0.0	9.536743e-09	0.0	7.152557e-09	0.0	1.1920929e-09	0.0	0.0	0.0	0.0	0.0	1.7881394e-08	5.9604646e-09	0.0	2.3841857e-09	0.0	0.0	0.0	0.0	7.152557e-09	0.0	0.0	0.0	3.5762786e-09	0.0	0.0	2.3841857e-09	3.5762786e-09	0.0	2.3841857e-09	9.536743e-09	0.0	2.3841857e-09	2.3841857e-09	0.0	0.0	0.0	5.9604646e-09	0.0	0.0	0.0	0.0	0.0
0.0	0.0	0.0	0.0	0.0	0.0	0.0	0.0	0.0	0.0	0.0	0.0	0.0	0.0	0.0	0.0	0.0	0.0	0.0	0.0	0.0	0.0	0.0	0.0	0.0	0.0	0.0	0.0	0.0	0.0	0.0	0.0	0.0	0.0	0.0	0.0	0.0	0.0	0.0	0.0	0.0	0.0	0.0	0.0	0.0	0.0	0.0	0.0	0.0	0.0	0.0	0.0	0.0	0.0	0.0	0.0	0.0	0.0	0.0	0.0	0.0	0.0	0.0	0.0	0.0	0.0	0.0	0.0	0.0	0.0	0.0	0.0	0.0	0.0	0.0	0.0	0.0	0.0	0.0	0.0	0.0	0.0	0.0	0.0	0.0	0.0	0.0	0.0	0.0	0.0	0.0	0.0	0.0	0.0	0.0	0.0	0.0	0.0	0.0	0.0	0.0	0.0	0.0	0.0	0.0	0.0	0.0	0.0	0.0	0.0	0.0	0.0	0.0	0.0	0.0	0.0	0.0	0.0	0.0	0.0	0.0	0.0	0.0	0.0	0.0	0.0	0.0	0.0	0.0	0.0	0.0	0.0	0.0	0.0	0.0	0.0	0.0	0.0	0.0	0.0	0.0	0.0	0.0	0.0	0.0	0.0	0.0	0.0	0.0	0.0	0.0	0.0	0.0	0.0	0.0	0.0	0.0	0.0	0.0	0.0	0.0	0.0	0.0	0.0	0.0	0.0	0.0	0.0	0.0	0.0	0.0	0.0	0.0	0.0	0.0	0.0	0.0	0.0	0.0	0.0	0.0	0.0	0.0	0.0	0.0	0.0	0.0	0.0	0.0	0.0	0.0	0.0	0.0	0.0	0.0	0.0	0.0	0.0	0.0	0.0	0.0	0.0	0.0	0.0	0.0	0.0	0.0	0.0	0.0	0.0	0.0	0.0	0.0	0.0	0.0	0.0	0.0	0.0	0.0	0.0	0.0	0.0	0.0	0.0	0.0	0.0	0.0	0.0	0.0	0.0	0.0	0.0	0.0	0.0	0.0	0.0	0.0	0.0	0.0	0.0	0.0	0.0	0.0	0.0	0.0	0.0	0.0	0.0	0.0	0.0	0.0	0.0	0.0	0.0	0.0	0.0	0.0	0.0	0.0	0.0	0.0	0.0	0.0	0.0	0.0	0.0	0.0	0.0	0.0	0.0	0.0	0.0	0.0	0.0	0.0	0.0	0.0	0.0	0.0	0.0	0.0	0.0	0.0	0.0	0.0	0.0	0.0	0.0	0.0	0.0	0.0	0.0	0.0	0.0	0.0	0.0	0.0	0.0	0.0	0.0	0.0	0.0	0.0	0.0	0.0	0.0	0.0	0.0	0.0	0.0	0.0	0.0	0.0	0.0	0.0	0.0	0.0	0.0	0.0	0.0	0.0	0.0	0.0	0.0	0.0	0.0	0.0	0.0	0.0	0.0	0.0	0.0	0.0	0.0	0.0	0.0	0.0	0.0	0.0	0.0	0.0	0.0	0.0	0.0	0.0	0.0	0.0	0.0	0.0	0.0	0.0	0.0	0.0	0.0	0.0	0.0	0.0	0.0	0.0	0.0	0.0	0.0	0.0	0.0	0.0	0.0	0.0	0.0	0.0	0.0	0.0	0.0	0.0	0.0	0.0	0.0	0.0	0.0	0.0	0.0	0.0	0.0	0.0	0.0	0.0	0.0	0.0	0.0	0.0	0.0	0.0	0.0	0.0	0.0	0.0	0.0	0.0	0.0	0.0	0.0	0.0	0.0	0.0	0.0	0.0	0.0	0.0	0.0	0.0	0.0	0.0	0.0	0.0	0.0	0.0	0.0	0.0	0.0	0.0	0.0	0.0	0.0	0.0	0.0	0.0	0.0	0.0	0.0	0.0	0.0	0.0	0.0	0.0	0.0	0.0	0.0	0.0	0.0	0.0	0.0	0.0	0.0	0.0	0.0	0.0	0.0	0.0	0.0	0.0	0.0	0.0	0.0	0.0	0.0	0.0	0.0	0.0	0.0	0.0	0.0	0.0	0.0	0.0	0.0	0.0	0.0	0.0	0.0	0.0	0.0	0.0	0.0	0.0	0.0	0.0	0.0	0.0	0.0	0.0	0.0	0.0	0.0	0.0	0.0	0.0	0.0	0.0	0.0	0.0	0.0	0.0	0.0	0.0	0.0	0.0	0.0	0.0	0.0	0.0	0.0
0.0	0.0	0.0	0.0	0.0	0.0	0.0	0.0	0.0	0.0	0.0	0.0	0.0	0.0	0.0	0.0	0.0	0.0	0.0	0.0	0.0	0.0	0.0	0.0	0.0	0.0	0.0	0.0	0.0	0.0	0.0	0.0	0.0	0.0	0.0	0.0	0.0	0.0	0.0	0.0	0.0	0.0	0.0	0.0	0.0	0.0	0.0	0.0	0.0	0.0	0.0	0.0	0.0	0.0	0.0	0.0	0.0	0.0	0.0	0.0	0.0	0.0	0.0	0.0	0.0	0.0	0.0	0.0	0.0	0.0	0.0	0.0	0.0	0.0	0.0	0.0	0.0	0.0	0.0	0.0	0.0	0.0	0.0	0.0	0.0	0.0	0.0	0.0	0.0	0.0	0.0	0.0	0.0	0.0	0.0	0.0	0.0	0.0	0.0	0.0	0.0	0.0	0.0	0.0	0.0	0.0	0.0	0.0	0.0	0.0	0.0	0.0	0.0	0.0	0.0	0.0	0.0	0.0	0.0	0.0	0.0	0.0	0.0	0.0	0.0	0.0	0.0	0.0	0.0	0.0	0.0	0.0	0.0	0.0	0.0	0.0	0.0	0.0	0.0	0.0	0.0	0.0	0.0	0.0	0.0	0.0	0.0	0.0	0.0	0.0	0.0	0.0	0.0	0.0	0.0	0.0	0.0	0.0	0.0	0.0	0.0	0.0	0.0	0.0	0.0	0.0	0.0	0.0	0.0	0.0	0.0	0.0	0.0	0.0	0.0	0.0	0.0	0.0	0.0	0.0	0.0	0.0	0.0	0.0	0.0	0.0	0.0	0.0	0.0	0.0	0.0	0.0	0.0	0.0	0.0	0.0	0.0	0.0	0.0	0.0	0.0	0.0	0.0	0.0	0.0	0.0	0.0	0.0	0.0	0.0	0.0	0.0	0.0	0.0	0.0	0.0	0.0	0.0	0.0	0.0	0.0	0.0	0.0	0.0	0.0	0.0	0.0	0.0	0.0	0.0	0.0	0.0	0.0	0.0	0.0	0.0	0.0	0.0	0.0	0.0	0.0	0.0	0.0	0.0	0.0	0.0	0.0	0.0	0.0	0.0	0.0	0.0	0.0	0.0	0.0	0.0	0.0	0.0	0.0	0.0	0.0	0.0	0.0	0.0	0.0	0.0	0.0	0.0	0.0	0.0	0.0	0.0	0.0	0.0	0.0	0.0	0.0	0.0	0.0	0.0	0.0	0.0	0.0	0.0	0.0	0.0	0.0	0.0	0.0	0.0	0.0	0.0	0.0	0.0	0.0	0.0	0.0	0.0	0.0	0.0	0.0	0.0	0.0	0.0	0.0	0.0	0.0	0.0	0.0	0.0	0.0	0.0	0.0	0.0	0.0	0.0	0.0	0.0	0.0	0.0	0.0	0.0	0.0	0.0	0.0	0.0	0.0	0.0	0.0	0.0	0.0	0.0	0.0	0.0	0.0	0.0	0.0	0.0	0.0	0.0	0.0	0.0	0.0	0.0	0.0	0.0	0.0	0.0	0.0	0.0	0.0	0.0	0.0	0.0	0.0	0.0	0.0	0.0	0.0	0.0	0.0	0.0	0.0	0.0	0.0	0.0	0.0	0.0	0.0	0.0	0.0	0.0	0.0	0.0	0.0	0.0	0.0	0.0	0.0	0.0	0.0	0.0	0.0	0.0	0.0	0.0	0.0	0.0	0.0	0.0	0.0	0.0	0.0	0.0	0.0	0.0	0.0	0.0	0.0	0.0	0.0	0.0	0.0	0.0	0.0	0.0	0.0	0.0	0.0	0.0	0.0	0.0	0.0	0.0	0.0	0.0	0.0	0.0	0.0	0.0	0.0	0.0	0.0	0.0	0.0	0.0	0.0	0.0	0.0	0.0	0.0	0.0	0.0	0.0	0.0	0.0	0.0	0.0	0.0	0.0	0.0	0.0	0.0	0.0	0.0	0.0	0.0	0.0	0.0	0.0	0.0	0.0	0.0	0.0	0.0	0.0	0.0	0.0	0.0	0.0	0.0	0.0	0.0	0.0	0.0	0.0	0.0	0.0	0.0	0.0	0.0	0.0	0.0	0.0	0.0	0.0	0.0	0.0	0.0	0.0	0.0	0.0	0.0	0.0	0.0	0.0	0.0	0.0	0.0	0.0	0.0	0.0	0.0	0.0	0.0	0.0	0.0	0.0	0.0	0.0
0.0	0.0	0.0	0.0	0.0	0.0	0.0	0.0	0.0	0.0	0.0	0.0	0.0	0.0	0.0	0.0	0.0	0.0	0.0	0.0	0.0	0.0	0.0	0.0	0.0	0.0	0.0	0.0	0.0	0.0	0.0	0.0	0.0	0.0	0.0	0.0	0.0	0.0	0.0	0.0	0.0	0.0	0.0	0.0	0.0	0.0	0.0	0.0	0.0	0.0	0.0	0.0	0.0	0.0	0.0	0.0	0.0	0.0	0.0	0.0	0.0	0.0	0.0	0.0	0.0	0.0	0.0	0.0	0.0	0.0	0.0	0.0	0.0	0.0	0.0	0.0	0.0	0.0	0.0	0.0	0.0	0.0	0.0	0.0	0.0	0.0	0.0	0.0	0.0	0.0	0.0	0.0	0.0	0.0	0.0	0.0	0.0	0.0	0.0	0.0	0.0	0.0	0.0	0.0	0.0	0.0	0.0	0.0	0.0	0.0	0.0	0.0	0.0	0.0	0.0	0.0	0.0	0.0	0.0	0.0	0.0	0.0	0.0	0.0	0.0	0.0	0.0	0.0	0.0	0.0	0.0	0.0	0.0	0.0	0.0	0.0	0.0	0.0	0.0	0.0	0.0	0.0	0.0	0.0	0.0	0.0	0.0	0.0	0.0	0.0	0.0	0.0	0.0	0.0	0.0	0.0	0.0	0.0	0.0	0.0	0.0	0.0	0.0	0.0	0.0	0.0	0.0	0.0	0.0	0.0	0.0	0.0	0.0	0.0	0.0	0.0	0.0	0.0	0.0	0.0	0.0	0.0	0.0	0.0	0.0	0.0	0.0	0.0	0.0	0.0	0.0	0.0	0.0	0.0	0.0	0.0	0.0	0.0	0.0	0.0	0.0	0.0	0.0	0.0	0.0	0.0	0.0	0.0	0.0	0.0	0.0	0.0	0.0	0.0	0.0	0.0	0.0	0.0	0.0	0.0	0.0	0.0	0.0	0.0	0.0	0.0	0.0	0.0	0.0	0.0	0.0	0.0	0.0	0.0	0.0	0.0	0.0	0.0	0.0	0.0	0.0	0.0	0.0	0.0	0.0	0.0	0.0	0.0	0.0	0.0	0.0	0.0	0.0	0.0	0.0	0.0	0.0	0.0	0.0	0.0	0.0	0.0	0.0	0.0	0.0	0.0	0.0	0.0	0.0	0.0	0.0	0.0	0.0	0.0	0.0	0.0	0.0	0.0	0.0	0.0	0.0	0.0	0.0	0.0	0.0	0.0	0.0	0.0	0.0	0.0	0.0	0.0	0.0	0.0	0.0	0.0	0.0	0.0	0.0	0.0	0.0	0.0	0.0	0.0	0.0	0.0	0.0	0.0	0.0	0.0	0.0	0.0	0.0	0.0	0.0	0.0	0.0	0.0	0.0	0.0	0.0	0.0	0.0	0.0	0.0	0.0	0.0	0.0	0.0	0.0	0.0	0.0	0.0	0.0	0.0	0.0	0.0	0.0	0.0	0.0	0.0	0.0	0.0	0.0	0.0	0.0	0.0	0.0	0.0	0.0	0.0	0.0	0.0	0.0	0.0	0.0	0.0	0.0	0.0	0.0	0.0	0.0	0.0	0.0	0.0	0.0	0.0	0.0	0.0	0.0	0.0	0.0	0.0	0.0	0.0	0.0	0.0	0.0	0.0	0.0	0.0	0.0	0.0	0.0	0.0	0.0	0.0	0.0	0.0	0.0	0.0	0.0	0.0	0.0	0.0	0.0	0.0	0.0	0.0	0.0	0.0	0.0	0.0	0.0	0.0	0.0	0.0	0.0	0.0	0.0	0.0	0.0	0.0	0.0	0.0	0.0	0.0	0.0	0.0	0.0	0.0	0.0	0.0	0.0	0.0	0.0	0.0	0.0	0.0	0.0	0.0	0.0	0.0	0.0	0.0	0.0	0.0	0.0	0.0	0.0	0.0	0.0	0.0	0.0	0.0	0.0	0.0	0.0	0.0	0.0	0.0	0.0	0.0	0.0	0.0	0.0	0.0	0.0	0.0	0.0	0.0	0.0	0.0	0.0	0.0	0.0	0.0	0.0	0.0	0.0	0.0	0.0	0.0	0.0	0.0	0.0	0.0	0.0	0.0	0.0	0.0	0.0	0.0	0.0	0.0	0.0	0.0	0.0	0.0	0.0	0.0	0.0	0.0	0.0	0.0	0.0	0.0	0.0	0.0	0.0
-0.0010376364	-0.00040580332	-0.00014855861	-0.00044023036	-9.7373726e-05	-8.161545e-05	-0.001799187	-0.0011082578	0.00017373622	-0.00020186961	2.9306411e-05	-0.0023211318	0.00085389434	-0.0001213342	-9.1401336e-05	-0.001145811	-0.0008476764	-0.0025796336	-0.0009024441	0.00014151871	-0.0020989436	-0.00038699983	-0.009476426	-0.00036526858	0.00067976414	-0.00051352737	-0.0031891519	0.0	0.00011104047	0.00015102745	-0.00020272612	-0.0017233395	0.00039935886	-0.00020985723	-0.0011529481	-0.0011149622	-0.0015824575	-0.00052161096	-6.156028e-05	-0.0001199007	1.5346408e-05	-0.0003782773	-0.005540888	-3.584564e-05	-0.002114225	-0.0034882594	-0.0011198979	-0.0004625064	0.0001544726	-0.0006652081	-0.0015516025	-0.0006991792	0.00019453227	1.7005206e-06	-1.8951892e-05	-0.0072014956	-0.0027276105	-0.00016411602	-0.0009939325	-0.0017423248	-0.001068952	-0.001595661	-0.0015616333	-0.0020484768	-0.0030200176	4.094243e-06	-0.0008951056	-0.00061970414	-0.0011691075	-0.00050012826	-0.00081825734	-0.00070726156	-0.00026165188	-0.00052231847	-0.0009284848	-0.00016209722	-0.0010953569	-0.00097313104	-0.000664826	-0.0015689188	-0.00015863299	-0.0023566568	-4.6182275e-05	-0.00024906875	-0.0010527533	-0.00084066036	-0.000901379	-0.0014994574	-0.00050004246	-0.0012721574	0.00026917993	-0.000339182	-0.0011025876	-0.000113999246	-0.0010020328	-7.567286e-05	-0.000982672	-0.0015408826	0.00032753946	-0.001274771	-0.0013663721	-0.00036321342	-0.0010361702	0.000504756	-0.0005847746	-0.0010269546	0.000104871986	-0.003534134	-0.0002653146	-0.0005552912	-2.0453333e-05	-0.0009694433	-0.0004229152	-0.00012000561	-0.000952118	3.7125945e-05	-0.00068930147	-0.0020375394	-0.0015226757	-0.0011166114	-6.7788365e-05	-0.0055827443	0.0002206093	-0.00034520924	-0.00073443056	-0.00081242505	-0.0007303685	-0.00082888186	-9.843409e-05	-0.0025547808	-0.0012424439	0.0	-0.0003509891	-3.6961435e-05	-0.00198708	-0.00060103834	1.423657e-05	6.3836575e-07	-3.2995344e-05	-0.0026270105	-7.306516e-05	-0.0015991676	-0.00032179712	-0.0015467012	-0.00074063777	-0.00057505665	-0.0001347202	-0.000532729	-0.0007623464	0.0001963228	-0.00049142004	-0.0009162426	0.00018666088	-0.0005871689	-8.733272e-05	-0.0003019631	-0.0011293137	-4.534483e-05	-0.003401968	-0.0004317993	3.0713676e-05	-0.0008153051	-0.00038488267	-0.0031267572	2.5851727e-05	-0.0025733113	-0.00022531212	0.000111940506	-0.0007458162	-0.0008852053	-0.0012921953	0.00040145754	-7.148504e-05	-2.2274851e-05	-0.0003922385	-0.00096271635	-0.0007248753	-0.0008415401	-0.00063607993	-0.0006847906	-0.00047150254	-0.0023538535	0.0	-0.0002126199	-0.0012503595	-0.0011197203	-0.0008076048	-0.0026133913	-0.0006685251	-8.205235e-05	0.00014092386	0.00056482496	-0.0006710893	-0.0019072205	-1.2435913e-05	-0.00027928234	-0.0016638923	-0.002858491	-0.0020753138	-0.001167847	-0.0006564164	-2.1448732e-05	-6.3320396e-05	-0.0012023657	-0.00024737002	-0.0010066474	-0.0011368358	-0.0008884257	-0.00051256834	-0.0008363891	-0.0020827353	-0.0021603298	-0.0020103788	-0.00065359176	-0.0005652273	-0.00097486196	-0.00015518666	-8.812905e-05	-0.0009966457	-0.001812681	9.1142654e-05	-0.0013949913	-0.0019506008	-0.0011181516	-3.7907957e-05	-0.0005202323	-0.00034074247	0.00036239266	-0.0012140757	-0.0008128125	-0.0015070247	0.0005137885	-4.962504e-05	-0.0040945653	-0.001425271	-0.00034062206	-0.0001269865	-0.00069956126	-0.0020428335	-0.00016767383	-0.0008980012	-4.4951437e-05	-0.0012017905	-0.0016144502	-0.0009183854	-0.00059031066	-0.00035216272	-0.00055784883	0.0005389309	4.5087934e-05	-0.0007475412	-0.00016871453	-0.0001102823	-0.00067908166	-5.3676365e-05	-0.0020840263	-0.0008870834	-3.5959483e-06	-0.000115696785	-0.000570305	-0.0016753179	-0.00022713363	-0.001126451	-0.0006575739	-0.0006059837	-0.00070298376	-2.3708939e-05	-0.0010888804	-0.0015409839	-0.0015391469	-0.0025291855	-0.001107381	-0.00024312257	-0.00034344732	-0.0003673017	3.0365587e-05	-0.00043572544	-0.00070401013	-0.0019875758	-0.00070591865	-0.001158008	-0.00087802706	-0.00019472004	0.0	-9.1059206e-05	-0.00039417326	0.00031028272	-0.0005016327	-0.001547634	-0.00035286427	-0.0010725844	-0.00019804716	0.0	-0.00030581176	-0.00063631294	8.709908e-05	-0.00060011924	-0.00057375076	-0.0024787153	-0.00019292175	-0.0013119745	-0.0007445526	-0.0006451702	-0.00018891811	-0.0009384793	-0.000489856	-0.0010157936	-0.0019869013	0.000178352	-0.0010661525	-0.00015209078	-0.0021952195	-0.000104405284	3.301382e-05	-0.00079167547	-0.0017198789	-0.00047692657	0.00020333112	-0.00010643601	-0.0010926437	-0.00010293007	-0.0015537112	-0.0014730447	0.00082497776	-0.000748564	-0.00021596551	0.00018394172	-0.00087004004	-0.00043486297	-0.0018148327	-0.00029511988	-4.87715e-05	-0.0006626237	-0.000716871	-0.00072236476	-3.3529996e-05	0.00035204052	-0.0015620732	-0.00014708877	-0.0009946137	-0.0005997455	9.1155765e-05	-0.00032740773	-0.000890122	-0.0011210692	0.00026547967	-0.0010841865	-0.0012489236	-3.8704275e-05	-0.0008921337	-0.00074373663	-0.00062229455	-0.0003210771	-0.00067515374	-0.0011382258	-0.0014007312	-0.0010492981	-0.0016795349	-0.0017554737	-0.0001639092	-0.003338368	-0.0004920441	-0.0004939127	-0.0014754039	-0.00095952034	-0.0015470017	7.412493e-05	6.142139e-05	-0.0002921939	-0.00091236056	-0.0011849809	0.00054455636	-0.00075211166	-5.2227973e-05	0.00010383725	-0.0003140992	4.412949e-05	8.900523e-05	-0.00029572367	-0.00010601818	6.225407e-05	0.000120223165	-0.00065723597	-0.0011888731	-0.0005838418	-8.164585e-05	-0.00070232037	-0.00031017483	0.00019636392	-8.648992e-05	-0.00020166398	2.736628e-05	-0.0011413193	-0.000723269	0.00016840518	-0.0006985968	-0.0005028999	0.00032122433	-8.163273e-05	-0.00018159926	-0.00018541157	-0.0008420497	-0.00065277755	-0.00084308325	-0.0010689067	-0.0009861791	-6.281316e-05	-0.0007804686	-0.00049400923	-0.0009801913	0.001251719	-0.0011726379	0.00017793656	-0.0014184123	-2.5527477e-05	-0.00040296733	-0.0013829827	0.00019272744	-0.0012934637	-0.0023793245	0.00020866693	-0.00053769705	-0.0005361175	-0.00027650892	-0.0018304092	0.0	1.655519e-05	4.9119593e-05	-0.0014454401	0.00043652058	0.00010869443	-7.0370435e-05	-0.00065921544	-0.0035149455	-0.0009074581	-0.00092519465	-0.00018597602	6.623387e-05	-0.00075873075	-0.0001933205	3.6979913e-05	-0.0010911614	-0.00019962668	0.00046490013	0.00012775362	-3.2407643e-05	-0.00033572613	-0.0008562446	5.752623e-05	-0.00097145495	0.00010328531	-0.0009832388	-0.0002733457	-0.0007556635	-0.00075372576	0.00034430384	-0.0006269509	-0.00019634307	-0.00014728606	-0.0005093068	-0.00015596747	-0.001178329	-0.0010193508	-0.00039979577	-0.00034903825	0.00013680875	0.0012249184	-0.001299916	-0.00027496635	-0.0008582771	-0.00015326202	0.0014065296	0.0004963213	-0.00038601935	-7.191896e-05	-0.0004779005	-0.0017374582	-0.00023176848	-8.163333e-05	-0.00090026855	-0.002523859	-0.0013652152	-0.0011222714	-0.00055891514	-0.0016091567	-0.00023416698	9.676278e-05	-0.00092451216	-0.0002204299	-0.00072359445	-0.0016364163	-4.5118333e-05	-0.00052425265	-0.0031967938	0.00012268186	-0.00019102037	-0.0006573522	0.0004342717	-0.00075019896	-0.0003810823
0.0	0.0	0.0	0.0	0.0	0.0	0.0	0.0	0.0	0.0	0.0	0.0	0.0	0.0	0.0	0.0	0.0	0.0	0.0	0.0	0.0	0.0	0.0	0.0	0.0	0.0	0.0	0.0	0.0	0.0	0.0	0.0	0.0	0.0	0.0	0.0	0.0	0.0	0.0	0.0	0.0	0.0	0.0	0.0	0.0	0.0	0.0	0.0	0.0	0.0	0.0	0.0	0.0	0.0	0.0	0.0	0.0	0.0	0.0	0.0	0.0	0.0	0.0	0.0	0.0	0.0	0.0	0.0	0.0	0.0	0.0	0.0	0.0	0.0	0.0	0.0	0.0	0.0	0.0	0.0	0.0	0.0	0.0	0.0	0.0	0.0	0.0	0.0	0.0	0.0	0.0	0.0	0.0	0.0	0.0	0.0	0.0	0.0	0.0	0.0	0.0	0.0	0.0	0.0	0.0	0.0	0.0	0.0	0.0	0.0	0.0	0.0	0.0	0.0	0.0	0.0	0.0	0.0	0.0	0.0	0.0	0.0	0.0	0.0	0.0	0.0	0.0	0.0	0.0	0.0	0.0	0.0	0.0	0.0	0.0	0.0	0.0	0.0	0.0	0.0	0.0	0.0	0.0	0.0	0.0	0.0	0.0	0.0	0.0	0.0	0.0	0.0	0.0	0.0	0.0	0.0	0.0	0.0	0.0	0.0	0.0	0.0	0.0	0.0	0.0	0.0	0.0	0.0	0.0	0.0	0.0	0.0	0.0	0.0	0.0	0.0	0.0	0.0	0.0	0.0	0.0	0.0	0.0	0.0	0.0	0.0	0.0	0.0	0.0	0.0	0.0	0.0	0.0	0.0	0.0	0.0	0.0	0.0	0.0	0.0	0.0	0.0	0.0	0.0	0.0	0.0	0.0	0.0	0.0	0.0	0.0	0.0	0.0	0.0	0.0	0.0	0.0	0.0	0.0	0.0	0.0	0.0	0.0	0.0	0.0	0.0	0.0	0.0	0.0	0.0	0.0	0.0	0.0	0.0	0.0	0.0	0.0	0.0	0.0	0.0	0.0	0.0	0.0	0.0	0.0	0.0	0.0	0.0	0.0	0.0	0.0	0.0	0.0	0.0	0.0	0.0	0.0	0.0	0.0	0.0	0.0	0.0	0.0	0.0	0.0	0.0	0.0	0.0	0.0	0.0	0.0	0.0	0.0	0.0	0.0	0.0	0.0	0.0	0.0	0.0	0.0	0.0	0.0	0.0	0.0	0.0	0.0	0.0	0.0	0.0	0.0	0.0	0.0	0.0	0.0	0.0	0.0	0.0	0.0	0.0	0.0	0.0	0.0	0.0	0.0	0.0	0.0	0.0	0.0	0.0	0.0	0.0	0.0	0.0	0.0	0.0	0.0	0.0	0.0	0.0	0.0	0.0	0.0	0.0	0.0	0.0	0.0	0.0	0.0	0.0	0.0	0.0	0.0	0.0	0.0	0.0	0.0	0.0	0.0	0.0	0.0	0.0	0.0	0.0	0.0	0.0	0.0	0.0	0.0	0.0	0.0	0.0	0.0	0.0	0.0	0.0	0.0	0.0	0.0	0.0	0.0	0.0	0.0	0.0	0.0	0.0	0.0	0.0	0.0	0.0	0.0	0.0	0.0	0.0	0.0	0.0	0.0	0.0	0.0	0.0	0.0	0.0	0.0	0.0	0.0	0.0	0.0	0.0	0.0	0.0	0.0	0.0	0.0	0.0	0.0	0.0	0.0	0.0	0.0	0.0	0.0	0.0	0.0	0.0	0.0	0.0	0.0	0.0	0.0	0.0	0.0	0.0	0.0	0.0	0.0	0.0	0.0	0.0	0.0	0.0	0.0	0.0	0.0	0.0	0.0	0.0	0.0	0.0	0.0	0.0	0.0	0.0	0.0	0.0	0.0	0.0	0.0	0.0	0.0	0.0	0.0	0.0	0.0	0.0	0.0	0.0	0.0	0.0	0.0	0.0	0.0	0.0	0.0	0.0	0.0	0.0	0.0	0.0	0.0	0.0	0.0	0.0	0.0	0.0	0.0	0.0	0.0	0.0	0.0	0.0	0.0	0.0	0.0	0.0	0.0	0.0	0.0	0.0	0.0	0.0	0.0	0.0	0.0	0.0	0.0	0.0	0.0	0.0	0.0	0.0	0.0	0.0	0.0	0.0	0.0	0.0	0.0	0.0	0.0	0.0
0.0	0.0	0.0	0.0	0.0	0.0	0.0	0.0	0.0	0.0	0.0	0.0	0.0	0.0	0.0	0.0	0.0	0.0	0.0	0.0	0.0	0.0	0.0	0.0	0.0	0.0	0.0	0.0	0.0	0.0	0.0	0.0	0.0	0.0	0.0	0.0	0.0	0.0	0.0	0.0	0.0	0.0	0.0	0.0	0.0	0.0	0.0	0.0	0.0	0.0	0.0	0.0	0.0	0.0	0.0	0.0	0.0	0.0	0.0	0.0	0.0	0.0	0.0	0.0	0.0	0.0	0.0	0.0	0.0	0.0	0.0	0.0	0.0	0.0	0.0	0.0	0.0	0.0	0.0	0.0	0.0	0.0	0.0	0.0	0.0	0.0	0.0	0.0	0.0	0.0	0.0	0.0	0.0	0.0	0.0	0.0	0.0	0.0	0.0	0.0	0.0	0.0	0.0	0.0	0.0	0.0	0.0	0.0	0.0	0.0	0.0	0.0	0.0	0.0	0.0	0.0	0.0	0.0	0.0	0.0	0.0	0.0	0.0	0.0	0.0	0.0	0.0	0.0	0.0	0.0	0.0	0.0	0.0	0.0	0.0	0.0	0.0	0.0	0.0	0.0	0.0	0.0	0.0	0.0	0.0	0.0	0.0	0.0	0.0	0.0	0.0	0.0	0.0	0.0	0.0	0.0	0.0	0.0	0.0	0.0	0.0	0.0	0.0	0.0	0.0	0.0	0.0	0.0	0.0	0.0	0.0	0.0	0.0	0.0	0.0	0.0	0.0	0.0	0.0	0.0	0.0	0.0	0.0	0.0	0.0	0.0	0.0	0.0	0.0	0.0	0.0	0.0	0.0	0.0	0.0	0.0	0.0	0.0	0.0	0.0	0.0	0.0	0.0	0.0	0.0	0.0	0.0	0.0	0.0	0.0	0.0	0.0	0.0	0.0	0.0	0.0	0.0	0.0	0.0	0.0	0.0	0.0	0.0	0.0	0.0	0.0	0.0	0.0	0.0	0.0	0.0	0.0	0.0	0.0	0.0	0.0	0.0	0.0	0.0	0.0	0.0	0.0	0.0	0.0	0.0	0.0	0.0	0.0	0.0	0.0	0.0	0.0	0.0	0.0	0.0	0.0	0.0	0.0	0.0	0.0	0.0	0.0	0.0	0.0	0.0	0.0	0.0	0.0	0.0	0.0	0.0	0.0	0.0	0.0	0.0	0.0	0.0	0.0	0.0	0.0	0.0	0.0	0.0	0.0	0.0	0.0	0.0	0.0	0.0	0.0	0.0	0.0	0.0	0.0	0.0	0.0	0.0	0.0	0.0	0.0	0.0	0.0	0.0	0.0	0.0	0.0	0.0	0.0	0.0	0.0	0.0	0.0	0.0	0.0	0.0	0.0	0.0	0.0	0.0	0.0	0.0	0.0	0.0	0.0	0.0	0.0	0.0	0.0	0.0	0.0	0.0	0.0	0.0	0.0	0.0	0.0	0.0	0.0	0.0	0.0	0.0	0.0	0.0	0.0	0.0	0.0	0.0	0.0	0.0	0.0	0.0	0.0	0.0	0.0	0.0	0.0	0.0	0.0	0.0	0.0	0.0	0.0	0.0	0.0	0.0	0.0	0.0	0.0	0.0	0.0	0.0	0.0	0.0	0.0	0.0	0.0	0.0	0.0	0.0	0.0	0.0	0.0	0.0	0.0	0.0	0.0	0.0	0.0	0.0	0.0	0.0	0.0	0.0	0.0	0.0	0.0	0.0	0.0	0.0	0.0	0.0	0.0	0.0	0.0	0.0	0.0	0.0	0.0	0.0	0.0	0.0	0.0	0.0	0.0	0.0	0.0	0.0	0.0	0.0	0.0	0.0	0.0	0.0	0.0	0.0	0.0	0.0	0.0	0.0	0.0	0.0	0.0	0.0	0.0	0.0	0.0	0.0	0.0	0.0	0.0	0.0	0.0	0.0	0.0	0.0	0.0	0.0	0.0	0.0	0.0	0.0	0.0	0.0	0.0	0.0	0.0	0.0	0.0	0.0	0.0	0.0	0.0	0.0	0.0	0.0	0.0	0.0	0.0	0.0	0.0	0.0	0.0	0.0	0.0	0.0	0.0	0.0	0.0	0.0	0.0	0.0	0.0	0.0	0.0	0.0	0.0	0.0	0.0	0.0	0.0	0.0	0.0	0.0	0.0	0.0	0.0	0.0	0.0	0.0	0.0
0.0	0.0	0.0	0.0	0.0	0.0	0.0	0.0	0.0	0.0	0.0	0.0	0.0	0.0	0.0	0.0	0.0	0.0	0.0	0.0	0.0	0.0	0.0	0.0	0.0	0.0	0.0	0.0	0.0	0.0	0.0	0.0	0.0	0.0	0.0	0.0	0.0	0.0	0.0	0.0	0.0	0.0	0.0	0.0	0.0	0.0	0.0	0.0	0.0	0.0	0.0	0.0	0.0	0.0	0.0	0.0	0.0	0.0	0.0	0.0	0.0	0.0	0.0	0.0	0.0	0.0	0.0	0.0	0.0	0.0	0.0	0.0	0.0	0.0	0.0	0.0	0.0	0.0	0.0	0.0	0.0	0.0	0.0	0.0	0.0	0.0	0.0	0.0	0.0	0.0	0.0	0.0	0.0	0.0	0.0	0.0	0.0	0.0	0.0	0.0	0.0	0.0	0.0	0.0	0.0	0.0	0.0	0.0	0.0	0.0	0.0	0.0	0.0	0.0	0.0	0.0	0.0	0.0	0.0	0.0	0.0	0.0	0.0	0.0	0.0	0.0	0.0	0.0	0.0	0.0	0.0	0.0	0.0	0.0	0.0	0.0	0.0	0.0	0.0	0.0	0.0	0.0	0.0	0.0	0.0	0.0	0.0	0.0	0.0	0.0	0.0	0.0	0.0	0.0	0.0	0.0	0.0	0.0	0.0	0.0	0.0	0.0	0.0	0.0	0.0	0.0	0.0	0.0	0.0	0.0	0.0	0.0	0.0	0.0	0.0	0.0	0.0	0.0	0.0	0.0	0.0	0.0	0.0	0.0	0.0	0.0	0.0	0.0	0.0	0.0	0.0	0.0	0.0	0.0	0.0	0.0	0.0	0.0	0.0	0.0	0.0	0.0	0.0	0.0	0.0	0.0	0.0	0.0	0.0	0.0	0.0	0.0	0.0	0.0	0.0	0.0	0.0	0.0	0.0	0.0	0.0	0.0	0.0	0.0	0.0	0.0	0.0	0.0	0.0	0.0	0.0	0.0	0.0	0.0	0.0	0.0	0.0	0.0	0.0	0.0	0.0	0.0	0.0	0.0	0.0	0.0	0.0	0.0	0.0	0.0	0.0	0.0	0.0	0.0	0.0	0.0	0.0	0.0	0.0	0.0	0.0	0.0	0.0	0.0	0.0	0.0	0.0	0.0	0.0	0.0	0.0	0.0	0.0	0.0	0.0	0.0	0.0	0.0	0.0	0.0	0.0	0.0	0.0	0.0	0.0	0.0	0.0	0.0	0.0	0.0	0.0	0.0	0.0	0.0	0.0	0.0	0.0	0.0	0.0	0.0	0.0	0.0	0.0	0.0	0.0	0.0	0.0	0.0	0.0	0.0	0.0	0.0	0.0	0.0	0.0	0.0	0.0	0.0	0.0	0.0	0.0	0.0	0.0	0.0	0.0	0.0	0.0	0.0	0.0	0.0	0.0	0.0	0.0	0.0	0.0	0.0	0.0	0.0	0.0	0.0	0.0	0.0	0.0	0.0	0.0	0.0	0.0	0.0	0.0	0.0	0.0	0.0	0.0	0.0	0.0	0.0	0.0	0.0	0.0	0.0	0.0	0.0	0.0	0.0	0.0	0.0	0.0	0.0	0.0	0.0	0.0	0.0	0.0	0.0	0.0	0.0	0.0	0.0	0.0	0.0	0.0	0.0	0.0	0.0	0.0	0.0	0.0	0.0	0.0	0.0	0.0	0.0	0.0	0.0	0.0	0.0	0.0	0.0	0.0	0.0	0.0	0.0	0.0	0.0	0.0	0.0	0.0	0.0	0.0	0.0	0.0	0.0	0.0	0.0	0.0	0.0	0.0	0.0	0.0	0.0	0.0	0.0	0.0	0.0	0.0	0.0	0.0	0.0	0.0	0.0	0.0	0.0	0.0	0.0	0.0	0.0	0.0	0.0	0.0	0.0	0.0	0.0	0.0	0.0	0.0	0.0	0.0	0.0	0.0	0.0	0.0	0.0	0.0	0.0	0.0	0.0	0.0	0.0	0.0	0.0	0.0	0.0	0.0	0.0	0.0	0.0	0.0	0.0	0.0	0.0	0.0	0.0	0.0	0.0	0.0	0.0	0.0	0.0	0.0	0.0	0.0	0.0	0.0	0.0	0.0	0.0	0.0	0.0	0.0	0.0	0.0	0.0	0.0	0.0	0.0	0.0	0.0	0.0	0.0	0.0
0.0	0.0	0.0	0.0	0.0	0.0	0.0	0.0	0.0	0.0	0.0	0.0	0.0	0.0	0.0	0.0	0.0	0.0	0.0	0.0	0.0	0.0	0.0	0.0	0.0	0.0	0.0	0.0	0.0	0.0	0.0	0.0	0.0	0.0	0.0	0.0	0.0	0.0	0.0	0.0	0.0	0.0	0.0	0.0	0.0	0.0	0.0	0.0	0.0	0.0	0.0	0.0	0.0	0.0	0.0	0.0	0.0	0.0	0.0	0.0	0.0	0.0	0.0	0.0	0.0	0.0	0.0	0.0	0.0	0.0	0.0	0.0	0.0	0.0	0.0	0.0	0.0	0.0	0.0	0.0	0.0	0.0	0.0	0.0	0.0	0.0	0.0	0.0	0.0	0.0	0.0	0.0	0.0	0.0	0.0	0.0	0.0	0.0	0.0	0.0	0.0	0.0	0.0	0.0	0.0	0.0	0.0	0.0	0.0	0.0	0.0	0.0	0.0	0.0	0.0	0.0	0.0	0.0	0.0	0.0	0.0	0.0	0.0	0.0	0.0	0.0	0.0	0.0	0.0	0.0	0.0	0.0	0.0	0.0	0.0	0.0	0.0	0.0	0.0	0.0	0.0	0.0	0.0	0.0	0.0	0.0	0.0	0.0	0.0	0.0	0.0	0.0	0.0	0.0	0.0	0.0	0.0	0.0	0.0	0.0	0.0	0.0	0.0	0.0	0.0	0.0	0.0	0.0	0.0	0.0	0.0	0.0	0.0	0.0	0.0	0.0	0.0	0.0	0.0	0.0	0.0	0.0	0.0	0.0	0.0	0.0	0.0	0.0	0.0	0.0	0.0	0.0	0.0	0.0	0.0	0.0	0.0	0.0	0.0	0.0	0.0	0.0	0.0	0.0	0.0	0.0	0.0	0.0	0.0	0.0	0.0	0.0	0.0	0.0	0.0	0.0	0.0	0.0	0.0	0.0	0.0	0.0	0.0	0.0	0.0	0.0	0.0	0.0	0.0	0.0	0.0	0.0	0.0	0.0	0.0	0.0	0.0	0.0	0.0	0.0	0.0	0.0	0.0	0.0	0.0	0.0	0.0	0.0	0.0	0.0	0.0	0.0	0.0	0.0	0.0	0.0	0.0	0.0	0.0	0.0	0.0	0.0	0.0	0.0	0.0	0.0	0.0	0.0	0.0	0.0	0.0	0.0	0.0	0.0	0.0	0.0	0.0	0.0	0.0	0.0	0.0	0.0	0.0	0.0	0.0	0.0	0.0	0.0	0.0	0.0	0.0	0.0	0.0	0.0	0.0	0.0	0.0	0.0	0.0	0.0	0.0	0.0	0.0	0.0	0.0	0.0	0.0	0.0	0.0	0.0	0.0	0.0	0.0	0.0	0.0	0.0	0.0	0.0	0.0	0.0	0.0	0.0	0.0	0.0	0.0	0.0	0.0	0.0	0.0	0.0	0.0	0.0	0.0	0.0	0.0	0.0	0.0	0.0	0.0	0.0	0.0	0.0	0.0	0.0	0.0	0.0	0.0	0.0	0.0	0.0	0.0	0.0	0.0	0.0	0.0	0.0	0.0	0.0	0.0	0.0	0.0	0.0	0.0	0.0	0.0	0.0	0.0	0.0	0.0	0.0	0.0	0.0	0.0	0.0	0.0	0.0	0.0	0.0	0.0	0.0	0.0	0.0	0.0	0.0	0.0	0.0	0.0	0.0	0.0	0.0	0.0	0.0	0.0	0.0	0.0	0.0	0.0	0.0	0.0	0.0	0.0	0.0	0.0	0.0	0.0	0.0	0.0	0.0	0.0	0.0	0.0	0.0	0.0	0.0	0.0	0.0	0.0	0.0	0.0	0.0	0.0	0.0	0.0	0.0	0.0	0.0	0.0	0.0	0.0	0.0	0.0	0.0	0.0	0.0	0.0	0.0	0.0	0.0	0.0	0.0	0.0	0.0	0.0	0.0	0.0	0.0	0.0	0.0	0.0	0.0	0.0	0.0	0.0	0.0	0.0	0.0	0.0	0.0	0.0	0.0	0.0	0.0	0.0	0.0	0.0	0.0	0.0	0.0	0.0	0.0	0.0	0.0	0.0	0.0	0.0	0.0	0.0	0.0	0.0	0.0	0.0	0.0	0.0	0.0	0.0	0.0	0.0	0.0	0.0	0.0	0.0	0.0	0.0	0.0	0.0	0.0	0.0	0.0	0.0	0.0
-1.0515067e-09	-3.6261782e-10	-5.6576823e-11	-7.382988e-10	-1.5869028e-09	-5.428822e-09	-5.2574647e-09	-8.72315e-09	-1.2014351e-09	9.643372e-11	-1.5361104e-09	-3.4590886e-09	-9.474206e-11	-1.0393529e-09	1.5192142e-10	-1.2084456e-10	-1.1901653e-09	-3.1839311e-09	-3.8756567e-09	-1.5495926e-09	-3.585427e-09	-8.1365215e-10	-1.4318835e-09	-1.884685e-09	-1.687738e-11	-7.1756007e-10	-4.375215e-09	-6.1419314e-11	6.7886563e-10	9.0977326e-10	-2.8177397e-10	-7.59385e-09	-7.408721e-10	-5.864581e-10	-9.415769e-09	-4.46376e-09	-5.053126e-09	-5.992507e-10	-1.8185591e-09	-8.1017787e-10	1.3264219e-09	-7.315941e-10	1.1301126e-09	1.895046e-11	-3.2881877e-09	-4.0727928e-09	-4.410706e-09	-1.8745595e-10	-1.0901431e-11	-2.090796e-09	-4.4555635e-09	3.8908468e-10	7.113226e-10	3.4130096e-10	3.4490313e-11	-1.2200667e-09	-2.1731443e-09	-1.1575128e-09	-1.03908455e-08	-3.455865e-09	-2.5104168e-09	-3.8274486e-09	-5.937316e-09	-3.0355563e-09	-4.775758e-09	-1.3707335e-09	-4.308954e-09	-1.666711e-09	-4.3674384e-09	-2.3612785e-09	-5.0339394e-10	-1.9540811e-09	-3.609877e-09	-4.034041e-09	-4.85902e-09	-1.6272372e-09	1.00826014e-10	-5.513818e-09	-8.813414e-09	-2.9676972e-09	5.003335e-09	-9.269246e-10	-2.287091e-09	-1.5539263e-09	-6.446186e-10	5.410095e-10	-5.943296e-09	-2.9934513e-09	-1.5113273e-09	-6.5426145e-09	8.878374e-11	-1.1254235e-09	-5.431839e-09	-4.160607e-09	-2.9466058e-09	0.0	-1.4998528e-09	-1.6886361e-09	4.3282853e-11	-9.918613e-09	-5.5474665e-09	-1.1162377e-09	-8.244777e-09	-1.9166806e-10	-5.9440493e-09	-2.4368143e-09	4.3723333e-10	-2.203052e-09	-3.2731788e-09	-5.7582156e-10	-2.967613e-10	-2.0106807e-09	-9.28257e-10	7.192398e-11	-5.1572306e-09	-2.9086602e-09	-3.689172e-09	-4.518812e-09	-1.9443633e-09	-2.671453e-10	2.6627793e-09	1.3177305e-09	3.3985145e-10	-2.016755e-09	3.4983145e-11	-2.2645856e-09	-2.0451245e-09	-2.0168414e-09	-1.5339935e-10	-2.330242e-09	-2.75052e-09	-1.1577583e-10	-3.7882444e-10	-1.7107732e-09	-1.6167382e-08	-1.856057e-10	-2.905699e-10	-2.0010134e-09	1.7274146e-10	-9.317046e-09	-8.053348e-11	-3.902421e-09	-1.2050242e-09	-2.5042624e-09	-8.385651e-09	-7.487921e-10	-3.3416263e-09	4.0877013e-10	-1.560506e-09	3.0212333e-10	-2.477708e-09	-5.424305e-09	4.197841e-10	-1.3660895e-10	1.3545275e-10	-7.9752455e-11	-2.1608366e-09	-6.9348116e-10	-4.8570548e-09	-5.6544525e-09	1.9660376e-10	1.0486343e-09	-4.9432685e-09	-1.8954507e-09	-1.6697356e-10	2.1643525e-09	-9.967852e-10	8.737197e-10	-2.4676639e-10	-2.1132667e-09	-3.623213e-09	-2.1969697e-10	-7.591319e-10	4.4626632e-11	-8.687027e-10	-6.0579826e-09	-1.6428265e-09	-5.4758575e-10	-2.4022138e-09	-8.5610397e-10	9.980344e-09	-2.9509415e-09	-7.714902e-11	8.56968e-10	-6.0395986e-09	-7.3219293e-09	-4.093595e-09	-5.8256187e-09	-2.0716817e-09	-1.2233294e-09	1.0003731e-09	-7.6008744e-10	-3.2840535e-09	-3.752823e-09	-2.0092308e-09	-3.0378788e-09	-9.260623e-10	-4.3409045e-09	-2.5241211e-09	1.2992615e-09	-2.848243e-09	-1.5822752e-09	1.1250336e-10	3.6374048e-10	-1.6848207e-09	-2.3747908e-09	-6.183494e-09	-7.435121e-09	-3.3012157e-10	-2.8170997e-09	-9.09227e-09	-6.4040706e-10	-5.3670233e-09	-1.988995e-09	-5.67895e-09	-8.830653e-09	-3.1358798e-09	-7.3042317e-10	-4.0489563e-09	-1.8585138e-09	2.0327774e-11	-7.642859e-10	3.2405695e-10	-4.3182986e-09	-1.781268e-10	-1.2580341e-09	-7.15267e-10	2.2198435e-10	-7.979798e-09	-2.9222247e-09	-4.5484922e-09	-2.3269535e-09	8.525302e-10	-1.1330001e-09	-9.662919e-09	-2.5577855e-09	1.7063309e-09	-2.0204811e-09	-4.571041e-09	-2.7619835e-09	-1.5534772e-09	-5.420571e-10	4.096063e-10	-3.6826884e-09	-3.2565628e-09	-7.0803154e-09	-2.9848593e-10	-3.4232601e-09	-1.1033194e-10	2.198567e-10	-2.3415703e-09	-1.319944e-10	-1.8118862e-09	1.0848396e-09	-2.9880085e-10	-1.2447401e-10	-5.488957e-09	1.0295935e-10	-6.228049e-10	-1.0518317e-09	-2.2397785e-10	-1.8208334e-09	-5.872235e-09	-3.6583407e-09	-1.6686482e-09	-4.6102273e-09	-5.1135204e-11	-2.1200004e-09	-2.3772622e-09	-3.1976548e-09	-4.1669237e-09	-1.3466445e-09	-9.1674907e-10	3.3132892e-11	-4.049641e-09	5.651384e-10	1.331257e-09	-3.3690224e-09	-4.403144e-09	-7.1002875e-09	-3.0312436e-10	-4.6414685e-09	-3.4477028e-09	-1.5211299e-12	6.240328e-11	2.2635106e-10	-3.5238361e-09	-1.7654543e-10	-2.104041e-09	8.0364826e-10	-4.379858e-09	-2.3208002e-09	-1.0668635e-09	-2.5219213e-09	-3.3708256e-09	-2.8954055e-09	-2.8681064e-09	-1.7658806e-09	2.494568e-10	-2.4755478e-10	-6.945576e-09	-5.803952e-10	-3.117139e-09	-5.7922306e-10	-1.6950691e-09	-2.7605591e-09	-2.0624986e-09	-3.4027083e-09	-1.5839214e-09	-2.0309454e-09	-7.120059e-10	-2.5298146e-09	-4.926159e-10	4.559587e-10	-4.3298214e-09	-1.8313687e-09	-1.6123294e-10	-2.0615027e-09	-8.2084456e-10	-7.358374e-09	3.9661927e-11	-4.3863024e-09	-4.4161652e-10	3.0258207e-10	-6.2474443e-09	-8.794444e-10	1.3410556e-10	-7.1108777e-09	-1.3975233e-09	-2.6617182e-09	-3.3808067e-09	-7.71081e-11	-2.1621849e-09	-4.4795798e-10	-3.358091e-09	-3.659386e-10	-8.8749064e-11	-6.6817063e-09	4.2406048e-09	-4.1912336e-09	-1.0027861e-09	3.6039183e-10	-2.1327122e-09	-3.6857783e-10	-4.782693e-09	6.642722e-12	-2.7120353e-09	-5.9213163e-09	-2.3505806e-09	-5.1959494e-09	-2.3860327e-09	-2.3950304e-09	-1.6018685e-09	-1.0316294e-08	-6.1940625e-10	-2.4540885e-09	-7.2223316e-10	-3.4201246e-09	-2.7428222e-09	-2.3523086e-09	-4.1538556e-10	-5.896936e-10	-7.134031e-10	-1.703524e-09	-2.0559805e-09	-1.0295477e-08	5.100583e-10	5.761166e-10	6.104813e-10	-1.6460114e-09	-1.0255621e-08	-1.5111538e-10	-6.2473906e-09	-6.672735e-10	1.1842076e-10	-1.4445334e-09	-1.1021802e-09	1.531913e-10	-9.2340485e-10	-3.4574385e-10	2.4610926e-11	-4.5912033e-10	-7.985614e-09	-4.3887654e-09	-1.4217051e-10	4.1583575e-10	-3.499827e-09	-2.0150992e-11	-2.9878947e-10	-2.1325297e-09	-2.8207534e-09	0.0	-1.1779246e-09	-3.633923e-09	6.5325195e-10	2.6315433e-10	1.7809612e-10	-4.7519566e-10	-2.1908136e-10	-1.9104363e-09	2.210811e-11	-2.0573014e-09	7.9879214e-11	2.8355943e-10	-3.3824348e-09	2.8762373e-10	-8.048096e-10	-1.3913677e-09	-4.5431534e-10	-2.0288793e-09	-1.8080061e-09	-2.6361613e-09	-6.319698e-10	-2.953633e-09	-3.4736503e-10	-4.741744e-09	-1.3178123e-09	-8.612585e-10	-4.0213415e-09	-7.468583e-09	-5.472716e-09	-4.993578e-09	4.255543e-10	-4.8704565e-09	-2.073944e-08	-1.5607498e-11	3.903324e-11	2.0053675e-10	-6.263728e-09	-2.0655142e-09	-2.2520225e-11	0.0	4.9897836e-10	1.5999432e-10	-4.9444112e-11	-1.8376898e-09	2.3356564e-10	-2.1376974e-09	-4.4635082e-09	-1.8658612e-09	-2.3538451e-09	-3.5345926e-09	6.264599e-11	5.686394e-10	-5.6249005e-10	-6.947194e-09	1.0532767e-09	-5.6343824e-10	-5.230561e-10	-4.4276773e-09	3.4747302e-10	-4.32324e-09	-5.178511e-09	-4.4424e-09	-4.5176436e-09	-1.9628623e-09	-6.1442624e-09	-4.950573e-10	-2.080816e-10	-7.0538313e-09	-6.950643e-11	-2.863539e-09	-1.0863885e-09	-2.4136653e-09	-9.819098e-10	1.2317781e-09	1.7767832e-10	-6.436934e-09	-2.5669573e-09	-1.2201593e-09	-9.391892e-10	-1.2960953e-09	-8.53845e-10	-2.0415514e-09	1.1150064e-10	-3.9661012e-09	-5.4092765e-11	-4.875801e-10	3.5932146e-10	-7.113583e-09	-4.4417334e-10	-6.8487793e-09	-3.4914915e-09	-3.2352978e-09	-5.0946216e-09	1.5253527e-09	2.1843675e-10	7.597902e-10	-3.25725e-09	-2.3716773e-09	-4.70674e-09	-7.6302055e-11	-4.1121813e-09	1.3870477e-10	1.1385702e-09	-3.0010142e-10	-4.577498e-10	-1.12517e-10	-6.393273e-09	-2.4555988e-09
7.834103e-11	1.9428029e-10	-8.510051e-10	-1.5045094e-09	-1.0459786e-09	2.1163422e-09	-1.7712438e-09	-1.215956e-09	3.458763e-10	-5.33268e-11	-2.854378e-10	-8.12601e-09	-4.170184e-10	8.2546964e-10	1.0966488e-10	6.5692146e-10	-1.9588811e-10	-4.6991944e-10	-7.045219e-10	7.067263e-10	-2.1829734e-09	-3.9523854e-10	1.519308e-10	-2.7221886e-10	-1.5463514e-10	6.84355e-11	-9.688441e-10	-6.40469e-11	2.1136003e-10	7.5831424e-10	-1.15684885e-10	-5.0044063e-10	2.6125804e-10	3.346855e-11	-1.9606187e-08	-1.1163186e-09	-4.332837e-09	1.2256862e-10	1.818438e-10	-1.8196061e-10	-5.45261e-09	-3.1943728e-10	-5.9213736e-09	-2.1132394e-11	-1.920859e-09	-1.7191839e-08	-9.2823627e-10	-2.316284e-11	7.496027e-11	8.8963364e-11	-2.059852e-09	-8.9394804e-11	3.2439743e-10	-1.06621205e-11	2.5673416e-10	-1.172593e-09	-2.7957818e-09	-2.6703417e-10	-4.3012323e-09	-3.0061083e-09	-3.898191e-10	1.14736734e-10	1.8788199e-10	-7.75955e-10	-1.0064395e-09	-3.553396e-10	-2.442922e-09	-8.178344e-10	3.535019e-09	-2.2131104e-10	-5.9444316e-10	1.5567645e-09	-6.2658503e-12	-2.5434628e-09	-4.6038337e-10	3.9102305e-11	1.0719276e-10	-4.2892325e-09	5.0334137e-10	-1.4369647e-09	-3.3932326e-09	-2.526947e-09	-2.6722602e-10	-2.745094e-10	-9.965888e-10	-4.262094e-10	1.4733663e-09	-2.932637e-09	2.2776692e-09	-5.0142945e-10	1.2038584e-10	-3.199881e-10	2.4321742e-09	-1.1383406e-09	1.7925686e-10	0.0	5.0088944e-10	-1.3476074e-09	-1.1618059e-09	-4.372266e-09	4.70979e-10	-2.0321721e-10	-2.2332256e-09	2.647218e-10	8.781626e-11	7.0914696e-10	2.1041104e-10	8.888605e-12	2.62757e-10	3.731924e-09	-3.323379e-11	2.55028e-12	-9.884366e-10	3.2729586e-11	6.525187e-10	4.8491017e-10	1.1282983e-09	-7.7685314e-10	-3.5616352e-09	-1.971072e-09	2.6213912e-10	1.8469165e-10	1.0165309e-10	-3.4619915e-11	-1.089704e-09	-7.7201606e-10	-6.0965133e-10	-5.817881e-10	-4.3351066e-11	-2.5943936e-09	-1.7773993e-09	0.0	1.6842591e-10	2.1818948e-10	-3.1585613e-11	-5.103118e-12	1.1696016e-10	-1.8071273e-09	-1.3988256e-10	-5.0287724e-10	-8.350952e-11	1.2262859e-10	7.5836795e-11	-5.531129e-10	-2.2160682e-09	4.5619203e-10	1.4367288e-10	9.108982e-10	5.939927e-10	5.920018e-10	-2.539225e-09	-3.335458e-10	2.8781869e-10	-3.211926e-10	-2.9529303e-11	-1.9331309e-11	-1.7314684e-09	5.2901895e-11	-4.2440433e-11	-1.9534183e-09	2.8549038e-10	-8.927998e-11	9.337827e-10	7.3043194e-10	1.8552157e-10	-8.8830346e-11	-2.756306e-10	2.2644685e-10	-3.527427e-10	-1.7941525e-09	-7.023317e-11	4.121145e-10	-5.344134e-11	-1.305628e-10	-2.2346285e-11	-2.8618021e-09	-2.0326707e-09	-4.4682621e-10	1.0977061e-09	7.6791734e-10	-1.6433717e-11	3.744597e-10	-4.5110086e-11	-2.5134825e-10	8.717194e-10	1.0155634e-09	-3.1401723e-09	-4.1280004e-10	-4.4136897e-10	-1.4086765e-10	5.0365884e-10	2.984669e-10	2.390979e-10	4.4104184e-10	-5.0399535e-10	-2.1711863e-09	-1.2658213e-09	7.759428e-10	-4.0215626e-09	1.9457161e-10	-1.9781311e-10	-1.2773682e-10	3.4407605e-11	-3.361646e-10	-6.2041694e-10	-1.745274e-09	5.2146987e-10	1.0766231e-09	-4.1558879e-10	-5.3449495e-10	2.9171446e-10	1.7694566e-09	-6.3174924e-11	-4.0557524e-10	-1.562936e-09	-2.6760205e-10	-2.6726275e-09	1.7357195e-10	-3.461866e-09	-3.1267533e-09	8.142754e-10	8.433227e-10	-9.808386e-10	-4.5033516e-10	5.2466476e-11	-6.593004e-10	-6.140738e-10	8.2043866e-10	-2.248679e-09	-2.9673516e-10	3.7426814e-10	2.2518122e-10	-1.1763802e-10	1.7348413e-10	2.8159888e-10	4.5702905e-10	1.1645909e-10	-8.8934626e-10	-3.017289e-09	-4.028294e-10	3.522672e-11	0.0	6.333329e-10	6.0044786e-10	-4.1652526e-10	-2.1465296e-09	3.7722914e-10	5.4129146e-11	4.037645e-11	3.8097936e-10	-1.648301e-08	-3.1202205e-10	-5.311838e-10	2.4664046e-10	3.309458e-10	-1.2105573e-10	-2.466047e-09	1.3096468e-10	2.313152e-10	1.4870949e-10	8.183133e-10	4.692089e-10	-1.771204e-09	-1.6140643e-09	-2.0422703e-11	-4.9937227e-10	-3.8454573e-11	-1.4543591e-09	-2.9724276e-10	-2.1569775e-09	-1.14662875e-08	2.4106242e-10	-5.596377e-11	2.1253499e-10	-1.6184089e-10	6.582013e-10	1.292031e-10	-1.0610881e-09	4.311235e-10	-1.5588014e-09	-4.359305e-10	-2.2248628e-10	4.1533044e-09	1.06274455e-10	-1.14487475e-10	2.7337535e-10	3.5688544e-10	7.9292334e-10	-5.422098e-10	1.3857161e-09	-3.9805825e-10	-7.290106e-10	1.0000406e-10	4.3329437e-10	-5.2024407e-10	-7.737654e-10	-1.1945371e-09	-8.1875073e-10	3.2886618e-10	5.9748373e-10	-2.5552682e-09	7.786525e-11	-2.1398051e-10	-3.4104515e-09	-1.4949351e-09	2.2972983e-10	-5.3270327e-10	6.595488e-10	-5.0851895e-10	-1.3844215e-11	-3.4346698e-10	1.987425e-10	-6.4071057e-12	2.175193e-10	-7.1678413e-10	-8.253301e-10	-1.8741673e-10	8.7447005e-10	-1.9744618e-10	-4.0176062e-09	1.13724356e-10	5.570084e-10	-5.854494e-10	-6.7222655e-10	-1.4435537e-09	1.1295012e-09	-1.250092e-10	-1.2514554e-09	-4.307634e-10	-3.0822647e-09	3.467963e-10	2.1718165e-11	-1.1877966e-09	-3.5138867e-10	-1.4770717e-09	1.1090134e-09	1.407771e-09	-1.4353799e-09	3.2902447e-10	6.6884236e-09	8.3273305e-10	1.0944803e-10	-4.0547973e-10	3.5889655e-10	-3.89878e-09	-1.9658728e-11	-6.4404077e-10	-1.8977726e-09	-8.049597e-12	-1.8497258e-09	-1.0021001e-09	1.025505e-09	-6.8278383e-10	-3.8841312e-09	1.9679959e-10	4.6118656e-10	1.8283373e-10	-5.5688076e-10	-2.897899e-09	6.120307e-09	2.204257e-10	-9.267808e-11	-2.2243016e-09	-1.1338838e-09	8.273531e-11	-1.5045996e-09	5.551172e-10	3.6228953e-10	3.872529e-10	3.2283112e-10	-1.0544744e-09	1.0984195e-09	-4.1046557e-09	1.2182141e-10	1.0154281e-10	-1.9172075e-09	7.7495205e-11	1.2173274e-10	-6.6326605e-10	-3.2752298e-10	2.0857073e-10	-3.9925125e-09	-1.0582607e-09	-1.6173755e-09	1.807436e-10	-2.0322631e-10	-1.7669663e-10	-9.717212e-11	3.5905146e-10	-1.6704712e-09	-4.905712e-10	1.2344685e-10	2.2401281e-10	-2.6397118e-10	4.695718e-10	-8.027712e-12	-1.172441e-10	9.615053e-10	1.3150156e-10	-5.653649e-10	-1.5219299e-09	-4.208408e-10	-3.565873e-10	2.4463787e-10	-1.5212294e-10	1.337952e-11	0.0	-4.7087783e-09	4.062741e-11	-4.1801912e-10	1.7018721e-10	-3.6332195e-09	1.4587914e-09	-2.4393796e-09	5.500169e-11	-4.4236942e-10	2.4685738e-09	2.6705407e-10	4.066723e-10	1.584101e-10	-3.438889e-09	-4.724015e-10	6.0170238e-09	-1.1990238e-09	-1.6169608e-09	-5.6051306e-11	-3.5656597e-10	6.561408e-11	-2.322247e-10	-6.3546612e-09	6.888854e-12	0.0	3.3534547e-10	3.2297293e-11	7.1912326e-10	-3.7231074e-10	-5.5998894e-10	-2.3521034e-09	-1.368989e-09	3.0380507e-09	-1.6107796e-09	-1.6283925e-09	-1.05187324e-10	-1.3517194e-10	7.270586e-11	-8.3851004e-10	-1.2502227e-10	1.1730689e-09	5.132253e-10	-5.931597e-09	3.663635e-10	7.9808615e-10	-7.9719115e-10	-2.4942323e-10	-1.0435059e-10	-3.7383216e-10	-3.425911e-09	3.832639e-11	-6.352454e-10	4.6436838e-10	-4.892178e-10	4.685359e-10	1.9362716e-10	-3.1074017e-09	-4.915472e-10	-2.7940275e-10	8.0326e-11	1.5414731e-09	1.2019342e-09	1.4748178e-09	-1.2108671e-10	-1.4287366e-10	-2.0817793e-10	-2.5096994e-10	5.210268e-12	8.1012247e-10	4.867093e-10	3.0796157e-09	-2.8755834e-10	9.420191e-10	7.286215e-10	-4.856471e-09	-4.5970525e-10	-4.946577e-10	2.2614075e-10	-5.789991e-10	8.056219e-11	-7.223093e-11	-1.888065e-09	-3.707084e-09	-4.539979e-09	-3.0172573e-10	7.237949e-10	7.802581e-10	-2.3862412e-10	-1.0962973e-09	1.0788597e-11	-1.2271358e-10	-2.2368047e-09	-8.8995816e-10
0.0	0.0	0.0	0.0	0.0	0.0	0.0	0.0	0.0	0.0	0.0	0.0	0.0	0.0	0.0	0.0	0.0	0.0	0.0	0.0	0.0	0.0	0.0	0.0	0.0	0.0	0.0	0.0	0.0	0.0	0.0	0.0	0.0	0.0	0.0	0.0	0.0	0.0	0.0	0.0	0.0	0.0	0.0	0.0	0.0	0.0	0.0	0.0	0.0	0.0	0.0	0.0	0.0	0.0	0.0	0.0	0.0	0.0	0.0	0.0	0.0	0.0	0.0	0.0	0.0	0.0	0.0	0.0	0.0	0.0	0.0	0.0	0.0	0.0	0.0	0.0	0.0	0.0	0.0	0.0	0.0	0.0	0.0	0.0	0.0	0.0	0.0	0.0	0.0	0.0	0.0	0.0	0.0	0.0	0.0	0.0	0.0	0.0	0.0	0.0	0.0	0.0	0.0	0.0	0.0	0.0	0.0	0.0	0.0	0.0	0.0	0.0	0.0	0.0	0.0	0.0	0.0	0.0	0.0	0.0	0.0	0.0	0.0	0.0	0.0	0.0	0.0	0.0	0.0	0.0	0.0	0.0	0.0	0.0	0.0	0.0	0.0	0.0	0.0	0.0	0.0	0.0	0.0	0.0	0.0	0.0	0.0	0.0	0.0	0.0	0.0	0.0	0.0	0.0	0.0	0.0	0.0	0.0	0.0	0.0	0.0	0.0	0.0	0.0	0.0	0.0	0.0	0.0	0.0	0.0	0.0	0.0	0.0	0.0	0.0	0.0	0.0	0.0	0.0	0.0	0.0	0.0	0.0	0.0	0.0	0.0	0.0	0.0	0.0	0.0	0.0	0.0	0.0	0.0	0.0	0.0	0.0	0.0	0.0	0.0	0.0	0.0	0.0	0.0	0.0	0.0	0.0	0.0	0.0	0.0	0.0	0.0	0.0	0.0	0.0	0.0	0.0	0.0	0.0	0.0	0.0	0.0	0.0	0.0	0.0	0.0	0.0	0.0	0.0	0.0	0.0	0.0	0.0	0.0	0.0	0.0	0.0	0.0	0.0	0.0	0.0	0.0	0.0	0.0	0.0	0.0	0.0	0.0	0.0	0.0	0.0	0.0	0.0	0.0	0.0	0.0	0.0	0.0	0.0	0.0	0.0	0.0	0.0	0.0	0.0	0.0	0.0	0.0	0.0	0.0	0.0	0.0	0.0	0.0	0.0	0.0	0.0	0.0	0.0	0.0	0.0	0.0	0.0	0.0	0.0	0.0	0.0	0.0	0.0	0.0	0.0	0.0	0.0	0.0	0.0	0.0	0.0	0.0	0.0	0.0	0.0	0.0	0.0	0.0	0.0	0.0	0.0	0.0	0.0	0.0	0.0	0.0	0.0	0.0	0.0	0.0	0.0	0.0	0.0	0.0	0.0	0.0	0.0	0.0	0.0	0.0	0.0	0.0	0.0	0.0	0.0	0.0	0.0	0.0	0.0	0.0	0.0	0.0	0.0	0.0	0.0	0.0	0.0	0.0	0.0	0.0	0.0	0.0	0.0	0.0	0.0	0.0	0.0	0.0	0.0	0.0	0.0	0.0	0.0	0.0	0.0	0.0	0.0	0.0	0.0	0.0	0.0	0.0	0.0	0.0	0.0	0.0	0.0	0.0	0.0	0.0	0.0	0.0	0.0	0.0	0.0	0.0	0.0	0.0	0.0	0.0	0.0	0.0	0.0	0.0	0.0	0.0	0.0	0.0	0.0	0.0	0.0	0.0	0.0	0.0	0.0	0.0	0.0	0.0	0.0	0.0	0.0	0.0	0.0	0.0	0.0	0.0	0.0	0.0	0.0	0.0	0.0	0.0	0.0	0.0	0.0	0.0	0.0	0.0	0.0	0.0	0.0	0.0	0.0	0.0	0.0	0.0	0.0	0.0	0.0	0.0	0.0	0.0	0.0	0.0	0.0	0.0	0.0	0.0	0.0	0.0	0.0	0.0	0.0	0.0	0.0	0.0	0.0	0.0	0.0	0.0	0.0	0.0	0.0	0.0	0.0	0.0	0.0	0.0	0.0	0.0	0.0	0.0	0.0	0.0	0.0	0.0	0.0	0.0	0.0	0.0	0.0	0.0	0.0	0.0	0.0	0.0	0.0	0.0	0.0	0.0	0.0	0.0	0.0	0.0	0.0	0.0	0.0	0.0	0.0	0.0	0.0	0.0	0.0	0.0
0.0	0.0	0.0	0.0	0.0	0.0	0.0	0.0	0.0	0.0	0.0	0.0	0.0	0.0	0.0	0.0	0.0	0.0	0.0	0.0	0.0	0.0	0.0	0.0	0.0	0.0	0.0	0.0	0.0	0.0	0.0	0.0	0.0	0.0	0.0	0.0	0.0	0.0	0.0	0.0	0.0	0.0	0.0	0.0	0.0	0.0	0.0	0.0	0.0	0.0	0.0	0.0	0.0	0.0	0.0	0.0	0.0	0.0	0.0	0.0	0.0	0.0	0.0	0.0	0.0	0.0	0.0	0.0	0.0	0.0	0.0	0.0	0.0	0.0	0.0	0.0	0.0	0.0	0.0	0.0	0.0	0.0	0.0	0.0	0.0	0.0	0.0	0.0	0.0	0.0	0.0	0.0	0.0	0.0	0.0	0.0	0.0	0.0	0.0	0.0	0.0	0.0	0.0	0.0	0.0	0.0	0.0	0.0	0.0	0.0	0.0	0.0	0.0	0.0	0.0	0.0	0.0	0.0	0.0	0.0	0.0	0.0	0.0	0.0	0.0	0.0	0.0	0.0	0.0	0.0	0.0	0.0	0.0	0.0	0.0	0.0	0.0	0.0	0.0	0.0	0.0	0.0	0.0	0.0	0.0	0.0	0.0	0.0	0.0	0.0	0.0	0.0	0.0	0.0	0.0	0.0	0.0	0.0	0.0	0.0	0.0	0.0	0.0	0.0	0.0	0.0	0.0	0.0	0.0	0.0	0.0	0.0	0.0	0.0	0.0	0.0	0.0	0.0	0.0	0.0	0.0	0.0	0.0	0.0	0.0	0.0	0.0	0.0	0.0	0.0	0.0	0.0	0.0	0.0	0.0	0.0	0.0	0.0	0.0	0.0	0.0	0.0	0.0	0.0	0.0	0.0	0.0	0.0	0.0	0.0	0.0	0.0	0.0	0.0	0.0	0.0	0.0	0.0	0.0	0.0	0.0	0.0	0.0	0.0	0.0	0.0	0.0	0.0	0.0	0.0	0.0	0.0	0.0	0.0	0.0	0.0	0.0	0.0	0.0	0.0	0.0	0.0	0.0	0.0	0.0	0.0	0.0	0.0	0.0	0.0	0.0	0.0	0.0	0.0	0.0	0.0	0.0	0.0	0.0	0.0	0.0	0.0	0.0	0.0	0.0	0.0	0.0	0.0	0.0	0.0	0.0	0.0	0.0	0.0	0.0	0.0	0.0	0.0	0.0	0.0	0.0	0.0	0.0	0.0	0.0	0.0	0.0	0.0	0.0	0.0	0.0	0.0	0.0	0.0	0.0	0.0	0.0	0.0	0.0	0.0	0.0	0.0	0.0	0.0	0.0	0.0	0.0	0.0	0.0	0.0	0.0	0.0	0.0	0.0	0.0	0.0	0.0	0.0	0.0	0.0	0.0	0.0	0.0	0.0	0.0	0.0	0.0	0.0	0.0	0.0	0.0	0.0	0.0	0.0	0.0	0.0	0.0	0.0	0.0	0.0	0.0	0.0	0.0	0.0	0.0	0.0	0.0	0.0	0.0	0.0	0.0	0.0	0.0	0.0	0.0	0.0	0.0	0.0	0.0	0.0	0.0	0.0	0.0	0.0	0.0	0.0	0.0	0.0	0.0	0.0	0.0	0.0	0.0	0.0	0.0	0.0	0.0	0.0	0.0	0.0	0.0	0.0	0.0	0.0	0.0	0.0	0.0	0.0	0.0	0.0	0.0	0.0	0.0	0.0	0.0	0.0	0.0	0.0	0.0	0.0	0.0	0.0	0.0	0.0	0.0	0.0	0.0	0.0	0.0	0.0	0.0	0.0	0.0	0.0	0.0	0.0	0.0	0.0	0.0	0.0	0.0	0.0	0.0	0.0	0.0	0.0	0.0	0.0	0.0	0.0	0.0	0.0	0.0	0.0	0.0	0.0	0.0	0.0	0.0	0.0	0.0	0.0	0.0	0.0	0.0	0.0	0.0	0.0	0.0	0.0	0.0	0.0	0.0	0.0	0.0	0.0	0.0	0.0	0.0	0.0	0.0	0.0	0.0	0.0	0.0	0.0	0.0	0.0	0.0	0.0	0.0	0.0	0.0	0.0	0.0	0.0	0.0	0.0	0.0	0.0	0.0	0.0	0.0	0.0	0.0	0.0	0.0	0.0	0.0	0.0	0.0	0.0	0.0	0.0	0.0	0.0	0.0	0.0	0.0	0.0
0.0	0.0	0.0	0.0	0.0	0.0	0.0	0.0	0.0	0.0	0.0	0.0	0.0	0.0	0.0	0.0	0.0	0.0	0.0	0.0	0.0	0.0	0.0	0.0	0.0	0.0	0.0	0.0	0.0	0.0	0.0	0.0	0.0	0.0	0.0	0.0	0.0	0.0	0.0	0.0	0.0	0.0	0.0	0.0	0.0	0.0	0.0	0.0	0.0	0.0	0.0	0.0	0.0	0.0	0.0	0.0	0.0	0.0	0.0	0.0	0.0	0.0	0.0	0.0	0.0	0.0	0.0	0.0	0.0	0.0	0.0	0.0	0.0	0.0	0.0	0.0	0.0	0.0	0.0	0.0	0.0	0.0	0.0	0.0	0.0	0.0	0.0	0.0	0.0	0.0	0.0	0.0	0.0	0.0	0.0	0.0	0.0	0.0	0.0	0.0	0.0	0.0	0.0	0.0	0.0	0.0	0.0	0.0	0.0	0.0	0.0	0.0	0.0	0.0	0.0	0.0	0.0	0.0	0.0	0.0	0.0	0.0	0.0	0.0	0.0	0.0	0.0	0.0	0.0	0.0	0.0	0.0	0.0	0.0	0.0	0.0	0.0	0.0	0.0	0.0	0.0	0.0	0.0	0.0	0.0	0.0	0.0	0.0	0.0	0.0	0.0	0.0	0.0	0.0	0.0	0.0	0.0	0.0	0.0	0.0	0.0	0.0	0.0	0.0	0.0	0.0	0.0	0.0	0.0	0.0	0.0	0.0	0.0	0.0	0.0	0.0	0.0	0.0	0.0	0.0	0.0	0.0	0.0	0.0	0.0	0.0	0.0	0.0	0.0	0.0	0.0	0.0	0.0	0.0	0.0	0.0	0.0	0.0	0.0	0.0	0.0	0.0	0.0	0.0	0.0	0.0	0.0	0.0	0.0	0.0	0.0	0.0	0.0	0.0	0.0	0.0	0.0	0.0	0.0	0.0	0.0	0.0	0.0	0.0	0.0	0.0	0.0	0.0	0.0	0.0	0.0	0.0	0.0	0.0	0.0	0.0	0.0	0.0	0.0	0.0	0.0	0.0	0.0	0.0	0.0	0.0	0.0	0.0	0.0	0.0	0.0	0.0	0.0	0.0	0.0	0.0	0.0	0.0	0.0	0.0	0.0	0.0	0.0	0.0	0.0	0.0	0.0	0.0	0.0	0.0	0.0	0.0	0.0	0.0	0.0	0.0	0.0	0.0	0.0	0.0	0.0	0.0	0.0	0.0	0.0	0.0	0.0	0.0	0.0	0.0	0.0	0.0	0.0	0.0	0.0	0.0	0.0	0.0	0.0	0.0	0.0	0.0	0.0	0.0	0.0	0.0	0.0	0.0	0.0	0.0	0.0	0.0	0.0	0.0	0.0	0.0	0.0	0.0	0.0	0.0	0.0	0.0	0.0	0.0	0.0	0.0	0.0	0.0	0.0	0.0	0.0	0.0	0.0	0.0	0.0	0.0	0.0	0.0	0.0	0.0	0.0	0.0	0.0	0.0	0.0	0.0	0.0	0.0	0.0	0.0	0.0	0.0	0.0	0.0	0.0	0.0	0.0	0.0	0.0	0.0	0.0	0.0	0.0	0.0	0.0	0.0	0.0	0.0	0.0	0.0	0.0	0.0	0.0	0.0	0.0	0.0	0.0	0.0	0.0	0.0	0.0	0.0	0.0	0.0	0.0	0.0	0.0	0.0	0.0	0.0	0.0	0.0	0.0	0.0	0.0	0.0	0.0	0.0	0.0	0.0	0.0	0.0	0.0	0.0	0.0	0.0	0.0	0.0	0.0	0.0	0.0	0.0	0.0	0.0	0.0	0.0	0.0	0.0	0.0	0.0	0.0	0.0	0.0	0.0	0.0	0.0	0.0	0.0	0.0	0.0	0.0	0.0	0.0	0.0	0.0	0.0	0.0	0.0	0.0	0.0	0.0	0.0	0.0	0.0	0.0	0.0	0.0	0.0	0.0	0.0	0.0	0.0	0.0	0.0	0.0	0.0	0.0	0.0	0.0	0.0	0.0	0.0	0.0	0.0	0.0	0.0	0.0	0.0	0.0	0.0	0.0	0.0	0.0	0.0	0.0	0.0	0.0	0.0	0.0	0.0	0.0	0.0	0.0	0.0	0.0	0.0	0.0	0.0	0.0	0.0	0.0	0.0	0.0	0.0	0.0	0.0	0.0	0.0	0.0	0.0
-1.2803078e-05	0.0015694004	8.084178e-06	3.4971832e-05	-1.6273856e-05	-9.925008e-05	-0.00018833816	0.0007364291	-6.249249e-05	0.0014024157	-3.664851e-05	0.0002789098	-0.0003112149	-5.903065e-05	-0.00023207843	3.7967562e-05	9.399712e-05	0.00031843662	0.0014564168	-2.0247699e-05	0.00032710074	2.2603273e-05	9.086907e-05	-5.9914587e-06	-2.2078157e-05	-0.00010512114	0.00031261862	0.0	-5.1341056e-05	-1.2049675e-05	2.3228526e-05	0.0003032458	1.0839105e-05	-4.1400195e-05	0.00020382761	0.00041159271	-0.00021994054	4.1431187e-05	-4.3748616e-05	-1.5896559e-06	0.00027282478	0.00012846052	-6.443679e-05	3.6746264e-06	0.00012231052	0.00042998313	-0.0001163733	-8.933544e-06	0.00010911882	1.9547939e-05	0.0001728791	7.2583556e-05	-2.2813081e-05	-1.4404654e-05	-0.00020745397	0.00010136068	0.00020789384	1.246512e-05	0.00015334308	0.00021273077	0.00013351321	0.00015285969	6.784797e-05	0.0003792697	0.00011293948	-0.00010027468	0.00012184441	-3.0824544e-05	0.00032836676	-0.00017256915	0.00034334123	-9.890556e-05	-0.0002461475	0.00031038045	-0.0001849562	-0.00043548108	0.00043739082	-0.00016230524	-0.00029589594	-0.0002492392	-1.526773e-05	-0.00029408038	0.00011462569	-2.4508237e-05	0.000492025	0.0002417928	4.992485e-05	6.358087e-05	-6.8153146e-05	-3.898263e-05	-7.702112e-06	0.00015852571	-0.00021927417	0.0005505812	8.031368e-05	0.0	0.00014341474	0.000382846	-8.610487e-05	-0.0003084135	-3.1501054e-06	-1.7541646e-05	0.00056685926	8.7120534e-05	-2.4715066e-05	-6.205678e-05	-3.9583447e-06	-2.8911829e-05	-0.0001526475	-0.00017855287	-7.699728e-05	-0.0003000939	8.5039734e-05	7.633329e-05	-1.299262e-05	-0.00026802422	-3.0296445e-05	-5.779028e-05	0.00037045954	0.00015207946	-0.00012271345	-8.248687e-06	0.00058680295	-9.3433264e-05	-0.00022995353	0.00014626622	5.8202742e-05	-0.0004103166	-2.0371079e-05	0.0005775821	-4.2295455e-06	-1.8245577e-05	-7.876754e-05	-4.0506126e-05	1.3958215e-05	-3.4469962e-05	-5.0346254e-05	-0.00016435087	8.991301e-05	-0.0002935618	0.000150702	-6.518483e-05	-3.6690235e-05	-0.00031127752	-0.00014507174	-0.000107467175	-0.00013584316	2.611339e-05	-0.00016107678	-2.3607612e-05	3.361225e-05	0.00018612147	-3.405452e-05	0.0004880458	-3.1046868e-05	0.00047283352	-4.5072436e-05	-1.0251999e-05	1.9369125e-05	2.3072362e-05	-1.3324022e-05	0.00038918853	-0.00024290622	-7.6240303e-06	-6.5511467e-06	8.8745954e-05	0.00013641834	0.0	-0.00017734588	-0.00032326402	0.0001226753	-4.6977995e-05	-7.139266e-05	-8.183718e-06	-2.6430487e-05	0.0013077563	0.00016572297	-4.952848e-05	0.00038761913	-0.00028696298	-7.353604e-05	-3.7412046e-05	0.0	1.4215708e-06	-4.7800542e-05	-0.00011899352	0.0009726012	8.691907e-05	-0.00019887627	0.0012051433	-1.6846061e-05	-5.796015e-05	0.00011445343	-0.00017256617	1.9357205e-05	6.660819e-06	8.7527034e-05	3.9442777e-05	0.00020730078	0.00020739794	-0.00017150104	-0.00012187839	-1.084745e-05	0.00010445118	-9.3665716e-05	0.00011838436	-0.00012456418	-0.00013126731	2.965212e-05	-0.0004266256	0.0001374364	-0.00019305527	-8.054793e-05	0.0006078142	-8.420825e-05	-0.0002574402	-0.00044747532	-6.4889195e-05	-0.00016987682	-0.00010895729	-1.4218092e-05	5.9340597e-05	5.3292515e-06	0.00046984613	-2.0554065e-05	-0.00015103519	0.0001882875	-5.6160094e-05	-0.00042575775	1.9167066e-05	-0.00018532932	3.6865472e-06	1.7408729e-05	3.590882e-05	5.2686333e-05	-7.063925e-05	6.2097904e-05	-5.9992075e-05	-0.00015381635	-0.00010543287	-0.0004025382	-7.904172e-05	-0.00029337584	-0.00025699436	0.00019896448	-0.0001372248	-0.00021620333	3.750384e-05	0.00023247958	-1.6570688e-05	-0.00018725931	-2.049446e-05	3.710866e-05	-0.00019413949	4.392862e-06	-0.00015841961	-0.00039307596	-7.292628e-06	-1.6669035e-05	-3.364265e-05	-0.0001475817	-9.15271e-05	0.00036469518	-8.336425e-05	-9.165346e-05	0.00021015406	-5.082488e-06	-0.0004905146	0.00011083067	-0.0005436641	-0.00014227569	6.940782e-05	6.8064925e-05	-1.9174218e-05	0.00022871315	-5.7498215e-05	8.7874534e-05	0.0007664299	-0.00014444649	0.0006712818	0.0006286031	0.00050383864	-0.0002166897	-2.0228625e-05	0.00021660447	-6.3550474e-06	-5.6378245e-05	-3.388703e-05	7.11298e-05	-7.810175e-05	-1.9680261e-05	-0.00011092365	-1.886785e-05	-4.5979024e-05	-0.0002857268	-0.00013830006	-4.914403e-05	-0.00010072112	2.933383e-05	4.4715403e-06	0.0003770715	0.0001283729	0.00034146308	-4.6151877e-06	4.232943e-05	-0.00015828312	0.00012125373	-0.00024614632	0.0003508228	9.183347e-05	0.000144912	-0.00021876991	-2.3201108e-05	1.7470121e-06	-0.00012341082	-2.0775795e-05	0.0003351897	2.2729635e-05	-0.00013325571	-0.00020477474	0.0	0.0002439493	0.00012584627	1.0883212e-05	-0.00019577623	-2.4086832e-05	-5.9092044e-06	-0.00038023948	-0.00022702575	-0.00027327	5.8614016e-05	-3.65901e-05	-4.316449e-05	7.613003e-05	0.00019446969	-8.096218e-05	-2.2115111e-05	-7.4398515e-05	-3.450036e-05	-3.0815602e-07	0.00013232828	-2.23279e-05	-0.00017577171	-3.0536055e-05	-3.799081e-05	-5.304813e-07	-9.84025e-05	0.00032887398	-0.0001616925	0.0002633214	0.00055424334	-0.00020581186	2.2816657e-06	0.0001916039	0.00025737763	0.00013825834	-0.0006156999	0.00023894728	4.6497582e-05	-0.00010688424	2.4895073e-05	-0.00011644542	-0.00021644056	-6.174743e-05	-0.00078459916	5.3676365e-05	-4.0377974e-05	-1.6528964e-05	-9.1711285e-05	-0.00021277368	0.0002577865	3.001213e-05	0.0002879411	-5.3982734e-05	-7.2437524e-06	0.00019951939	-0.00014255167	-3.298521e-06	0.00014314354	0.00051578105	-2.7367472e-05	0.00031174778	-0.00050229253	-0.00046574892	3.2936336e-05	2.5802256e-05	-0.00024598002	0.00011091769	8.8142755e-05	0.00085158227	0.00025561452	2.1398067e-07	3.137648e-05	-2.0068883e-06	-1.8912553e-05	-0.00031421005	6.251395e-05	-5.2235722e-05	-3.958881e-05	-8.132458e-05	-8.240938e-06	-0.00037964343	2.1557213e-05	2.813339e-07	0.00012573958	-0.00013811052	-1.6332864e-05	1.5240907e-06	6.1874984e-05	-0.00014744043	-0.00022340714	-0.00012238682	4.3572785e-05	-0.00045633435	-9.899735e-06	-0.00016997039	-7.2162744e-05	-0.000118609074	-0.0003532213	4.36908e-05	-0.00023726522	-0.00021103442	-0.00012263954	9.852052e-05	0.0002857387	-1.9030571e-05	2.939701e-06	-9.287596e-06	2.5133491e-05	5.0787927e-05	0.00011513829	0.0	-2.0944477e-05	1.5449525e-05	-0.00027905882	4.752517e-05	4.6494006e-05	-0.00017457604	0.0017545605	-5.1504372e-05	1.7518998e-05	-0.00030946077	0.0001507324	0.0002920449	7.255852e-05	-0.0006486887	-1.5994907e-05	-0.00012747884	-8.058548e-06	0.00034665287	-2.9467941e-05	0.00012770056	-2.203822e-05	-3.2673477e-05	0.00012094378	0.0008048278	-0.00016767145	-0.00013740241	0.0001412344	-0.00010978937	0.0001242274	0.0006221724	-0.00019561886	-0.00013968945	-0.00027892648	-7.315338e-05	-9.074986e-05	-0.00010453463	0.00013137102	-0.00010713696	-0.00010492027	0.00032844543	0.00081567524	-9.5258954e-05	-8.494854e-06	-3.6795736e-05	-0.0007871169	3.348291e-05	3.071964e-05	9.965896e-07	-4.437685e-05	1.4939904e-05	-0.0001737535	0.00010607302	-0.0003391099	3.6358833e-06	2.2550224e-05	3.2023192e-05	-0.00014891982	0.0002102673	2.2917986e-06	3.269732e-05	1.94031e-05	-2.4341942e-05	6.559908e-05	-6.339133e-05	-0.0001525855	5.127132e-05	-0.00021026969	-0.00011474133
-0.00015106618	0.00040523292	-5.0432085e-05	-0.002146777	-0.00028493642	-0.0024685704	-0.005215477	-0.0033223897	-0.00017855524	-0.0024919761	-0.0005698758	-0.01461769	0.00176391	0.00030997573	-0.0009920466	-0.0003532499	-0.003939584	-0.017003749	-0.003290732	-3.7596823e-05	-0.013204441	-0.0018623691	-0.0031241921	-0.0009946894	-0.00019041776	-0.00080946385	-0.009858127	-0.0001855731	-0.016449276	-0.016349869	-0.00020541131	-0.0038967263	-0.020948816	-0.0002065301	-0.011186948	-0.0021953029	-0.0022737933	-0.00033545017	-0.00030408025	0.00014269471	-0.012066925	-0.0010884232	-0.005806735	0.0005676776	-0.010190299	-0.0051325886	-0.0024906474	-0.0012945002	-0.0010121501	-0.0010227137	-0.0044467016	0.000721342	-0.013714593	0.0009550154	0.0005751711	-0.00087281404	-0.0061937147	-0.00066834805	-0.010217052	-0.0086970255	-0.01061055	-0.005268612	-0.009537789	-0.0073216623	-0.007280563	-0.00024219454	-0.010451725	0.000848698	-0.0032572078	-0.0018156505	-0.01184302	-0.003332088	-0.0015910757	-0.0021332067	-0.0022768849	-3.7205218e-06	-0.003937338	0.00013630331	-0.001543532	-0.0077663856	-0.0014072513	-0.0063034105	0.001639067	-0.0005734217	-0.005811693	-0.0007575923	-0.0019623572	-0.008000631	-0.008016705	-0.011121287	0.0034114807	-0.001003359	-0.003912609	-0.0018715704	-0.0022481745	-0.00011277735	-0.0015206694	-0.012331366	0.000752629	-0.0030883425	-0.0071941	-0.0022753573	-0.003119145	0.00095660327	-0.0007413512	-0.007963733	-0.010382588	-0.004289155	-0.0016151464	-0.0029976207	-0.0005662215	-0.0013750398	-0.0007065767	-0.009643784	-0.001648137	-0.00026494145	-0.0023685736	-0.0054816627	-0.0076736216	-0.0068280385	-0.00050310494	0.00066845235	0.0022974652	-0.00051041367	-0.0017858434	-0.0012527186	-0.0015285254	0.0008942205	-0.00023615599	-0.0035668344	-0.0035350258	-0.00030791998	0.0012597818	-0.00028081	-0.005384539	-0.0013975877	-0.009729095	-0.0021597487	-0.008821848	-0.0041546696	-0.00041936635	-0.0045699747	-0.00018942117	-0.0039390796	-0.0027575886	-0.0028672249	-0.007420022	-0.0015753257	-0.005359407	-0.008632374	-0.00142856	-0.0013378763	-0.009029033	-0.0064896657	-0.00017567218	-0.00084991334	-0.006349968	-0.00017077803	-0.0043019955	-0.005186	-0.009338765	-0.0054109637	-0.0062515624	-0.0020308674	-0.009021736	-0.0044321357	-0.0010003239	-0.009130299	-0.0020399303	-0.0005231643	-0.0054742154	-0.0016551083	-0.0005105084	-0.00031940104	-0.0007808983	-0.0026002056	-0.0061774356	-0.0032526052	-0.005461739	-0.0013897228	-0.0013228422	-0.005378399	-8.910358e-05	-0.002937289	-0.0031893027	-0.0072170114	-0.0026316505	-0.0049852054	-0.0007708341	-0.00057711126	-0.008185445	0.0004169643	-0.0016134119	-0.007932968	-0.0011876142	-0.0005601412	-0.00490201	-0.0033911432	-0.009292843	-0.0056738816	0.0012899959	-0.0015003175	-0.00035057307	-0.0022258873	-0.0010056281	-0.008183246	-0.0031057673	-0.0025136734	-0.0009617287	-0.0011796867	-0.0036538136	-0.00340838	-0.0034029502	-0.0008245647	-0.00075755775	-0.0051657762	-0.0014458561	-0.00012320161	-0.0021021129	-0.0034394967	-0.008099393	-0.004799147	-0.0032832145	-0.0016019148	-0.00034528316	-0.0014729553	-0.008193556	-0.007491912	-0.0031471795	-0.004407634	-0.004030138	0.0014209044	-0.0071039484	-0.0020391631	-0.0050886935	-0.001960631	-0.00040859997	-0.002066098	-0.0073520485	-0.00097102043	-0.0048545385	-0.00035700737	-0.0042993505	-0.004569079	-0.0034449422	-0.00055816415	-0.0037817347	-0.007006219	0.00069686054	-0.007248582	-0.0022274076	-0.0002232629	-0.0070383255	-0.0026289534	-0.00041551352	-0.0023840975	-0.0026449882	-0.00046213865	-0.00016479135	-0.0016779852	-0.007497662	-0.00018094659	-0.00360614	-0.00073830603	-0.0019183886	-0.0012053603	-6.250918e-05	-0.002270342	-0.003912499	-0.0051889177	-0.0018886715	-0.0051394682	-7.67678e-05	-5.195856e-05	-0.0008157825	-0.008256306	-0.0024451637	-0.001564886	-0.0037226814	-0.0017647088	-0.0054332204	-0.0014585077	-0.0022657227	-0.007172039	0.0011136717	-0.0013081819	-0.0010530615	-0.00479339	-0.00384924	-0.0013251448	-0.0039084465	-0.00056868733	-8.8160035e-05	-0.0007131243	-0.002184953	-0.00034415544	0.00057402847	-0.0009319496	-0.0024501092	-0.00012879253	-0.004471569	-0.00640846	-0.0010427124	-0.005167473	-0.0048442017	-0.0008949536	-0.00479956	-0.0012073737	0.0005978042	-0.0041711815	-0.0007991934	-0.0026825839	-0.00037743032	-0.006935892	0.0014727968	-0.0043531805	-0.0052640545	-0.000286566	-0.000819031	-0.0023858445	-0.00016092836	-0.0019457138	-0.004483242	0.00043962718	-0.0022514665	-0.0023750544	0.00025221528	-0.003279521	-0.0012665618	-0.0045234323	-0.008602438	-0.00013632239	-0.0026016354	-0.0031567048	-0.00046139778	-0.0018294501	-0.0004925597	-0.00354558	-0.004537827	-0.0012021494	-0.003981507	-0.0067107286	-0.0010158527	-0.0063320766	-0.001895613	-0.0015364379	-0.003299393	-0.0044993954	-0.0008499545	-0.0017331403	-0.00072952034	-0.0033926195	-0.0011927008	-0.0072837574	-0.0033254398	-0.0027136856	-0.0037261301	-0.003837912	-0.0034395189	-0.0020064944	6.6941975e-06	-0.00085890293	-0.00044330597	-0.0031963212	-0.0040111495	-0.0026977742	-0.005399086	-0.005782283	-0.0010182756	-0.0033940547	-0.003755929	6.541431e-05	-0.0011971354	-0.00013139963	-0.006172135	-0.001402694	-0.0009106028	-0.0064009475	-0.001505608	-0.00048639954	-0.006257599	-0.007244604	-0.0032878667	-0.0026988143	-0.0032871002	-0.0010517085	-0.0035634672	0.00090086757	0.0013775772	-0.0003173095	-0.0021581554	-0.00629051	-0.0041027754	-0.0019113326	-0.005436299	-0.002526648	-0.004815365	-0.0015706235	-0.00023315966	-0.00034581125	-0.0011027419	-0.0015216029	0.0020633917	-0.0041925083	-0.0049263895	-0.002414685	-0.00010920107	-0.0024144547	-0.001257149	-0.0012592744	-0.0005340791	-0.003479067	0.00015889347	-0.0024369424	0.0	-0.0020048958	-0.0025008558	0.0016831452	-0.0023178738	-0.001088807	0.000899052	-0.0018705821	-0.0013570923	-0.0059633325	-0.0019876072	-0.00012479066	-0.003916595	-0.006034795	-0.0031992316	-0.001336855	-6.786585e-06	-8.644819e-05	-0.004230268	0.00017479896	-0.0014202303	-0.0035572778	-0.00056035223	-0.0030854165	-0.0021897978	-0.001146661	-0.0010880667	-0.0019987738	-0.0063589443	0.00016366661	0.0009590179	-0.0068171895	-0.0016640723	-0.002773534	-4.771173e-05	-0.0015511102	-0.0055009928	-0.0052128388	-0.0008593857	-0.003123281	-0.003861274	-0.00060193957	-0.0010141146	-0.00042914986	-0.0023858815	-0.0017285043	-0.0060081165	-0.0019827562	-0.004659239	-0.0014274562	-0.003527509	-9.350002e-05	0.0046590716	-0.0009896767	-0.0021405239	-0.002880467	-0.00062695565	0.0038381303	-0.0006420821	-0.00095885876	-0.00034318448	-0.0024395138	-0.0020865095	-0.0006540096	-0.0015384417	-0.0035310292	-0.002146622	-0.003558868	-0.0022443188	-0.004257161	-0.0030398231	-0.0033261222	-0.005594793	-0.0034792619	-0.0011549533	-0.0018164968	-0.0020409685	0.0010743439	-0.0012826163	0.0007156932	-0.00443097	-0.0018108296	-0.0008614999	0.0039111893	-0.0020481043	-0.0016992814
0.0	0.0	0.0	0.0	0.0	0.0	0.0	0.0	0.0	0.0	0.0	0.0	0.0	0.0	0.0	0.0	0.0	0.0	0.0	0.0	0.0	0.0	0.0	0.0	0.0	0.0	0.0	0.0	0.0	0.0	0.0	0.0	0.0	0.0	0.0	0.0	0.0	0.0	0.0	0.0	0.0	0.0	0.0	0.0	0.0	0.0	0.0	0.0	0.0	0.0	0.0	0.0	0.0	0.0	0.0	0.0	0.0	0.0	0.0	0.0	0.0	0.0	0.0	0.0	0.0	0.0	0.0	0.0	0.0	0.0	0.0	0.0	0.0	0.0	0.0	0.0	0.0	0.0	0.0	0.0	0.0	0.0	0.0	0.0	0.0	0.0	0.0	0.0	0.0	0.0	0.0	0.0	0.0	0.0	0.0	0.0	0.0	0.0	0.0	0.0	0.0	0.0	0.0	0.0	0.0	0.0	0.0	0.0	0.0	0.0	0.0	0.0	0.0	0.0	0.0	0.0	0.0	0.0	0.0	0.0	0.0	0.0	0.0	0.0	0.0	0.0	0.0	0.0	0.0	0.0	0.0	0.0	0.0	0.0	0.0	0.0	0.0	0.0	0.0	0.0	0.0	0.0	0.0	0.0	0.0	0.0	0.0	0.0	0.0	0.0	0.0	0.0	0.0	0.0	0.0	0.0	0.0	0.0	0.0	0.0	0.0	0.0	0.0	0.0	0.0	0.0	0.0	0.0	0.0	0.0	0.0	0.0	0.0	0.0	0.0	0.0	0.0	0.0	0.0	0.0	0.0	0.0	0.0	0.0	0.0	0.0	0.0	0.0	0.0	0.0	0.0	0.0	0.0	0.0	0.0	0.0	0.0	0.0	0.0	0.0	0.0	0.0	0.0	0.0	0.0	0.0	0.0	0.0	0.0	0.0	0.0	0.0	0.0	0.0	0.0	0.0	0.0	0.0	0.0	0.0	0.0	0.0	0.0	0.0	0.0	0.0	0.0	0.0	0.0	0.0	0.0	0.0	0.0	0.0	0.0	0.0	0.0	0.0	0.0	0.0	0.0	0.0	0.0	0.0	0.0	0.0	0.0	0.0	0.0	0.0	0.0	0.0	0.0	0.0	0.0	0.0	0.0	0.0	0.0	0.0	0.0	0.0	0.0	0.0	0.0	0.0	0.0	0.0	0.0	0.0	0.0	0.0	0.0	0.0	0.0	0.0	0.0	0.0	0.0	0.0	0.0	0.0	0.0	0.0	0.0	0.0	0.0	0.0	0.0	0.0	0.0	0.0	0.0	0.0	0.0	0.0	0.0	0.0	0.0	0.0	0.0	0.0	0.0	0.0	0.0	0.0	0.0	0.0	0.0	0.0	0.0	0.0	0.0	0.0	0.0	0.0	0.0	0.0	0.0	0.0	0.0	0.0	0.0	0.0	0.0	0.0	0.0	0.0	0.0	0.0	0.0	0.0	0.0	0.0	0.0	0.0	0.0	0.0	0.0	0.0	0.0	0.0	0.0	0.0	0.0	0.0	0.0	0.0	0.0	0.0	0.0	0.0	0.0	0.0	0.0	0.0	0.0	0.0	0.0	0.0	0.0	0.0	0.0	0.0	0.0	0.0	0.0	0.0	0.0	0.0	0.0	0.0	0.0	0.0	0.0	0.0	0.0	0.0	0.0	0.0	0.0	0.0	0.0	0.0	0.0	0.0	0.0	0.0	0.0	0.0	0.0	0.0	0.0	0.0	0.0	0.0	0.0	0.0	0.0	0.0	0.0	0.0	0.0	0.0	0.0	0.0	0.0	0.0	0.0	0.0	0.0	0.0	0.0	0.0	0.0	0.0	0.0	0.0	0.0	0.0	0.0	0.0	0.0	0.0	0.0	0.0	0.0	0.0	0.0	0.0	0.0	0.0	0.0	0.0	0.0	0.0	0.0	0.0	0.0	0.0	0.0	0.0	0.0	0.0	0.0	0.0	0.0	0.0	0.0	0.0	0.0	0.0	0.0	0.0	0.0	0.0	0.0	0.0	0.0	0.0	0.0	0.0	0.0	0.0	0.0	0.0	0.0	0.0	0.0	0.0	0.0	0.0	0.0	0.0	0.0	0.0	0.0	0.0	0.0	0.0	0.0	0.0	0.0	0.0	0.0	0.0	0.0	0.0	0.0	0.0	0.0	0.0	0.0	0.0	0.0	0.0	0.0	0.0	0.0	0.0
0.0	0.0	0.0	0.0	0.0	0.0	0.0	0.0	0.0	0.0	0.0	0.0	0.0	0.0	0.0	0.0	0.0	0.0	0.0	0.0	0.0	0.0	0.0	0.0	0.0	0.0	0.0	0.0	0.0	0.0	0.0	0.0	0.0	0.0	0.0	0.0	0.0	0.0	0.0	0.0	0.0	0.0	0.0	0.0	0.0	0.0	0.0	0.0	0.0	0.0	0.0	0.0	0.0	0.0	0.0	0.0	0.0	0.0	0.0	0.0	0.0	0.0	0.0	0.0	0.0	0.0	0.0	0.0	0.0	0.0	0.0	0.0	0.0	0.0	0.0	0.0	0.0	0.0	0.0	0.0	0.0	0.0	0.0	0.0	0.0	0.0	0.0	0.0	0.0	0.0	0.0	0.0	0.0	0.0	0.0	0.0	0.0	0.0	0.0	0.0	0.0	0.0	0.0	0.0	0.0	0.0	0.0	0.0	0.0	0.0	0.0	0.0	0.0	0.0	0.0	0.0	0.0	0.0	0.0	0.0	0.0	0.0	0.0	0.0	0.0	0.0	0.0	0.0	0.0	0.0	0.0	0.0	0.0	0.0	0.0	0.0	0.0	0.0	0.0	0.0	0.0	0.0	0.0	0.0	0.0	0.0	0.0	0.0	0.0	0.0	0.0	0.0	0.0	0.0	0.0	0.0	0.0	0.0	0.0	0.0	0.0	0.0	0.0	0.0	0.0	0.0	0.0	0.0	0.0	0.0	0.0	0.0	0.0	0.0	0.0	0.0	0.0	0.0	0.0	0.0	0.0	0.0	0.0	0.0	0.0	0.0	0.0	0.0	0.0	0.0	0.0	0.0	0.0	0.0	0.0	0.0	0.0	0.0	0.0	0.0	0.0	0.0	0.0	0.0	0.0	0.0	0.0	0.0	0.0	0.0	0.0	0.0	0.0	0.0	0.0	0.0	0.0	0.0	0.0	0.0	0.0	0.0	0.0	0.0	0.0	0.0	0.0	0.0	0.0	0.0	0.0	0.0	0.0	0.0	0.0	0.0	0.0	0.0	0.0	0.0	0.0	0.0	0.0	0.0	0.0	0.0	0.0	0.0	0.0	0.0	0.0	0.0	0.0	0.0	0.0	0.0	0.0	0.0	0.0	0.0	0.0	0.0	0.0	0.0	0.0	0.0	0.0	0.0	0.0	0.0	0.0	0.0	0.0	0.0	0.0	0.0	0.0	0.0	0.0	0.0	0.0	0.0	0.0	0.0	0.0	0.0	0.0	0.0	0.0	0.0	0.0	0.0	0.0	0.0	0.0	0.0	0.0	0.0	0.0	0.0	0.0	0.0	0.0	0.0	0.0	0.0	0.0	0.0	0.0	0.0	0.0	0.0	0.0	0.0	0.0	0.0	0.0	0.0	0.0	0.0	0.0	0.0	0.0	0.0	0.0	0.0	0.0	0.0	0.0	0.0	0.0	0.0	0.0	0.0	0.0	0.0	0.0	0.0	0.0	0.0	0.0	0.0	0.0	0.0	0.0	0.0	0.0	0.0	0.0	0.0	0.0	0.0	0.0	0.0	0.0	0.0	0.0	0.0	0.0	0.0	0.0	0.0	0.0	0.0	0.0	0.0	0.0	0.0	0.0	0.0	0.0	0.0	0.0	0.0	0.0	0.0	0.0	0.0	0.0	0.0	0.0	0.0	0.0	0.0	0.0	0.0	0.0	0.0	0.0	0.0	0.0	0.0	0.0	0.0	0.0	0.0	0.0	0.0	0.0	0.0	0.0	0.0	0.0	0.0	0.0	0.0	0.0	0.0	0.0	0.0	0.0	0.0	0.0	0.0	0.0	0.0	0.0	0.0	0.0	0.0	0.0	0.0	0.0	0.0	0.0	0.0	0.0	0.0	0.0	0.0	0.0	0.0	0.0	0.0	0.0	0.0	0.0	0.0	0.0	0.0	0.0	0.0	0.0	0.0	0.0	0.0	0.0	0.0	0.0	0.0	0.0	0.0	0.0	0.0	0.0	0.0	0.0	0.0	0.0	0.0	0.0	0.0	0.0	0.0	0.0	0.0	0.0	0.0	0.0	0.0	0.0	0.0	0.0	0.0	0.0	0.0	0.0	0.0	0.0	0.0	0.0	0.0	0.0	0.0	0.0	0.0	0.0	0.0	0.0	0.0	0.0	0.0	0.0	0.0	0.0	0.0	0.0	0.0	0.0	0.0
0.0	0.0	0.0	0.0	0.0	0.0	0.0	0.0	0.0	0.0	0.0	0.0	0.0	0.0	0.0	0.0	0.0	0.0	0.0	0.0	0.0	0.0	0.0	0.0	0.0	0.0	0.0	0.0	0.0	0.0	0.0	0.0	0.0	0.0	0.0	0.0	0.0	0.0	0.0	0.0	0.0	0.0	0.0	0.0	0.0	0.0	0.0	0.0	0.0	0.0	0.0	0.0	0.0	0.0	0.0	0.0	0.0	0.0	0.0	0.0	0.0	0.0	0.0	0.0	0.0	0.0	0.0	0.0	0.0	0.0	0.0	0.0	0.0	0.0	0.0	0.0	0.0	0.0	0.0	0.0	0.0	0.0	0.0	0.0	0.0	0.0	0.0	0.0	0.0	0.0	0.0	0.0	0.0	0.0	0.0	0.0	0.0	0.0	0.0	0.0	0.0	0.0	0.0	0.0	0.0	0.0	0.0	0.0	0.0	0.0	0.0	0.0	0.0	0.0	0.0	0.0	0.0	0.0	0.0	0.0	0.0	0.0	0.0	0.0	0.0	0.0	0.0	0.0	0.0	0.0	0.0	0.0	0.0	0.0	0.0	0.0	0.0	0.0	0.0	0.0	0.0	0.0	0.0	0.0	0.0	0.0	0.0	0.0	0.0	0.0	0.0	0.0	0.0	0.0	0.0	0.0	0.0	0.0	0.0	0.0	0.0	0.0	0.0	0.0	0.0	0.0	0.0	0.0	0.0	0.0	0.0	0.0	0.0	0.0	0.0	0.0	0.0	0.0	0.0	0.0	0.0	0.0	0.0	0.0	0.0	0.0	0.0	0.0	0.0	0.0	0.0	0.0	0.0	0.0	0.0	0.0	0.0	0.0	0.0	0.0	0.0	0.0	0.0	0.0	0.0	0.0	0.0	0.0	0.0	0.0	0.0	0.0	0.0	0.0	0.0	0.0	0.0	0.0	0.0	0.0	0.0	0.0	0.0	0.0	0.0	0.0	0.0	0.0	0.0	0.0	0.0	0.0	0.0	0.0	0.0	0.0	0.0	0.0	0.0	0.0	0.0	0.0	0.0	0.0	0.0	0.0	0.0	0.0	0.0	0.0	0.0	0.0	0.0	0.0	0.0	0.0	0.0	0.0	0.0	0.0	0.0	0.0	0.0	0.0	0.0	0.0	0.0	0.0	0.0	0.0	0.0	0.0	0.0	0.0	0.0	0.0	0.0	0.0	0.0	0.0	0.0	0.0	0.0	0.0	0.0	0.0	0.0	0.0	0.0	0.0	0.0	0.0	0.0	0.0	0.0	0.0	0.0	0.0	0.0	0.0	0.0	0.0	0.0	0.0	0.0	0.0	0.0	0.0	0.0	0.0	0.0	0.0	0.0	0.0	0.0	0.0	0.0	0.0	0.0	0.0	0.0	0.0	0.0	0.0	0.0	0.0	0.0	0.0	0.0	0.0	0.0	0.0	0.0	0.0	0.0	0.0	0.0	0.0	0.0	0.0	0.0	0.0	0.0	0.0	0.0	0.0	0.0	0.0	0.0	0.0	0.0	0.0	0.0	0.0	0.0	0.0	0.0	0.0	0.0	0.0	0.0	0.0	0.0	0.0	0.0	0.0	0.0	0.0	0.0	0.0	0.0	0.0	0.0	0.0	0.0	0.0	0.0	0.0	0.0	0.0	0.0	0.0	0.0	0.0	0.0	0.0	0.0	0.0	0.0	0.0	0.0	0.0	0.0	0.0	0.0	0.0	0.0	0.0	0.0	0.0	0.0	0.0	0.0	0.0	0.0	0.0	0.0	0.0	0.0	0.0	0.0	0.0	0.0	0.0	0.0	0.0	0.0	0.0	0.0	0.0	0.0	0.0	0.0	0.0	0.0	0.0	0.0	0.0	0.0	0.0	0.0	0.0	0.0	0.0	0.0	0.0	0.0	0.0	0.0	0.0	0.0	0.0	0.0	0.0	0.0	0.0	0.0	0.0	0.0	0.0	0.0	0.0	0.0	0.0	0.0	0.0	0.0	0.0	0.0	0.0	0.0	0.0	0.0	0.0	0.0	0.0	0.0	0.0	0.0	0.0	0.0	0.0	0.0	0.0	0.0	0.0	0.0	0.0	0.0	0.0	0.0	0.0	0.0	0.0	0.0	0.0	0.0	0.0	0.0	0.0	0.0	0.0	0.0	0.0	0.0	0.0	0.0	0.0	0.0	0.0
-1.4901161e-07	-1.04904174e-07	0.0	-1.7881394e-08	3.33786e-08	1.001358e-07	-3.7550927e-07	7.283688e-07	4.1365624e-07	6.7949294e-08	1.5497207e-07	-9.6559525e-08	-2.6226044e-08	-7.152558e-08	-1.2516975e-07	7.9870226e-08	-1.16825106e-07	6.556511e-08	1.1920929e-09	2.503395e-07	-2.7418137e-08	1.9073486e-08	3.9339067e-08	-3.5762786e-09	0.0	-9.894371e-08	1.3232231e-07	-7.152557e-09	2.8610229e-08	4.529953e-08	-1.7046928e-07	5.686283e-07	4.887581e-08	-2.503395e-08	9.536743e-09	2.491474e-07	-3.33786e-08	9.059906e-08	1.1086464e-07	4.649162e-08	1.66893e-08	-9.179115e-08	2.8610229e-08	0.0	3.4570693e-08	1.7881394e-08	2.3365021e-07	2.0503998e-07	-2.7537345e-07	0.0	5.2332877e-07	2.3961067e-07	3.0994414e-08	-2.8610229e-08	1.347065e-07	7.152557e-09	9.536743e-09	1.1205673e-07	1.3113022e-08	1.66893e-08	5.7220458e-08	-8.583069e-08	6.079674e-08	1.7285348e-07	8.34465e-09	-9.059906e-08	-5.7220458e-08	9.775162e-08	8.940697e-08	1.065731e-06	-9.298324e-08	1.3113022e-08	-3.0875205e-07	3.5643578e-07	7.5340273e-07	-2.6464463e-07	-2.2172928e-07	-2.503395e-08	7.760525e-07	-2.1457673e-08	3.4570695e-07	-2.7418137e-08	1.488924e-06	-5.7220458e-08	1.4424324e-07	-3.4570693e-08	-7.152557e-09	9.536743e-09	-6.9141386e-08	5.9604646e-09	2.1576881e-07	-1.2636184e-07	0.0	3.540516e-07	7.784367e-07	-2.1457673e-08	4.6849252e-07	1.6212464e-07	7.8678134e-08	-1.0848046e-07	4.887581e-08	-1.2278556e-07	2.5272368e-07	-1.4305114e-08	-3.218651e-08	-6.318092e-08	2.3841858e-08	0.0	-1.3113022e-08	-1.7285348e-07	2.5629998e-07	-2.9325486e-07	4.6133994e-07	1.1920929e-09	1.013279e-07	2.360344e-07	3.2663345e-07	3.33786e-08	1.1920929e-08	1.5497207e-08	-2.9802322e-08	0.0	-1.1086464e-07	0.0	-2.3841858e-08	2.1576881e-07	1.6212464e-07	-6.9141386e-08	-1.1920929e-09	-1.4424324e-07	0.0	0.0	-2.3841857e-09	7.390976e-08	-7.8678134e-08	-2.0742416e-07	5.7220458e-08	9.179115e-08	-2.2649765e-08	0.0	0.0	5.1259995e-08	1.0335445e-06	-1.4305114e-08	-7.152557e-09	2.8610229e-08	5.9604646e-09	7.7486035e-08	-4.4107438e-08	5.7220458e-08	-2.1457673e-08	4.7326088e-07	1.0848046e-07	1.1205673e-07	6.9141386e-08	0.0	4.053116e-08	4.053116e-08	1.4305114e-08	1.9907951e-07	3.576279e-08	-5.00679e-08	-2.026558e-08	3.5762786e-09	2.6226044e-08	-1.14440915e-07	9.298324e-08	9.536743e-09	2.7537345e-07	-2.9325486e-07	3.5762786e-09	-6.67572e-08	-5.9604646e-09	1.9073486e-08	1.680851e-07	1.4185906e-07	-1.1920929e-09	-2.491474e-07	1.9788742e-07	-1.0728836e-07	-2.2649765e-08	0.0	-4.7683715e-09	-1.1920929e-09	-7.152557e-09	0.0	-1.1920929e-08	0.0	-7.271767e-08	1.9788742e-07	2.3841858e-08	-1.0371208e-07	3.194809e-07	0.0	1.1086464e-07	2.348423e-07	-8.34465e-09	0.0	4.2915346e-08	-1.8954277e-07	5.877018e-07	6.556511e-08	-1.66893e-08	-1.2278556e-07	2.9802322e-08	1.3113022e-07	-3.576279e-08	3.5643578e-07	1.8835068e-07	3.731251e-07	2.3841857e-09	-5.8412553e-08	5.9604646e-09	4.6849252e-07	0.0	0.0	-1.8239021e-07	2.3841857e-09	-1.5974045e-07	-8.34465e-08	3.4570693e-08	0.0	0.0	3.4093856e-07	-1.1920929e-09	-1.013279e-07	3.4570693e-08	4.887581e-08	2.026558e-07	1.3232231e-07	5.9604645e-08	2.2172928e-07	1.9073486e-08	1.1920929e-09	-7.152557e-09	-1.1920929e-09	5.7220458e-08	-1.3232231e-07	-9.536743e-09	-1.1920929e-07	4.7683715e-09	-1.3113022e-08	3.9339067e-08	0.0	1.2516975e-07	-3.0994414e-08	-2.2411346e-07	0.0	-2.5987626e-07	8.34465e-09	-1.6450882e-07	0.0	1.5497207e-08	4.863739e-07	-1.1920929e-08	-1.1920929e-08	-3.5762786e-09	-2.3841857e-09	6.7949294e-08	1.4424324e-07	-6.198883e-08	1.14440915e-07	-2.503395e-08	2.503395e-08	1.6093254e-07	1.0967255e-07	-1.1920929e-08	-5.9604645e-08	7.152557e-09	1.6570091e-07	0.0	3.8146972e-08	-1.0848046e-07	2.3126603e-07	-1.07288365e-08	2.3841857e-09	-1.8715859e-07	-5.6028366e-08	-1.013279e-07	1.7523766e-07	2.7656554e-07	-7.152558e-08	-1.5497207e-08	3.218651e-08	-8.583069e-08	5.733967e-07	-5.364418e-08	-1.06096266e-07	4.172325e-08	0.0	3.0994414e-08	-5.4836274e-08	2.026558e-08	9.536743e-09	8.34465e-09	-4.8279765e-07	-2.9206277e-07	-7.6293944e-08	-4.649162e-08	-9.059906e-08	1.5497207e-07	-3.4570693e-08	7.1883204e-07	3.8146972e-08	-4.2915346e-08	0.0	5.9604645e-08	1.5497207e-08	-1.9669532e-07	2.8610229e-08	9.298324e-08	-6.67572e-08	0.0	1.7881394e-08	-1.5258789e-07	4.7683715e-09	-7.390976e-08	4.7683715e-09	-9.179115e-08	2.3245812e-07	-1.07288365e-08	1.1742115e-06	2.2649765e-08	-9.536743e-09	-1.5497207e-08	1.4305114e-08	3.33786e-07	4.3034552e-07	-5.9604646e-09	-3.993511e-07	1.9073486e-08	0.0	0.0	-1.3947486e-07	-8.34465e-08	4.053116e-08	-1.06096266e-07	-2.193451e-07	-2.2053719e-07	-2.3841857e-09	-1.7762184e-07	4.053116e-08	-7.033348e-08	-8.940697e-08	6.186962e-07	-2.3722649e-07	1.7404557e-07	2.0861626e-06	0.0	-1.5616416e-07	3.8146972e-08	4.172325e-08	-4.7683715e-09	7.152558e-08	9.179115e-08	-2.1457672e-07	0.0	2.5749208e-07	3.027916e-07	-7.152557e-09	0.0	2.813339e-07	0.0	-1.6331673e-07	-5.9604646e-09	5.9247014e-07	4.887581e-08	2.026558e-08	-1.4305114e-08	-6.079674e-08	-2.9802322e-08	-4.7683715e-09	6.556511e-08	2.2649765e-08	3.5762786e-09	0.0	0.0	2.503395e-08	-2.5749208e-07	-1.06096266e-07	2.026558e-08	1.4424324e-07	-9.298324e-08	-2.0980835e-07	-7.152558e-08	-8.34465e-09	1.7881394e-08	1.14440915e-07	3.8146972e-08	-5.2452087e-08	-4.172325e-08	2.3841857e-09	2.3841857e-09	-7.152557e-09	6.437302e-08	-7.8678134e-08	-9.059906e-08	1.2278556e-07	2.7418137e-08	1.7881394e-08	-1.7523766e-07	-5.364418e-08	2.5868417e-07	2.2649765e-08	1.9073486e-08	2.1100044e-07	5.9604646e-09	-6.9141386e-08	-1.4305115e-07	-5.9604646e-09	1.6582012e-06	-8.34465e-08	1.7642975e-07	5.00679e-07	0.0	3.576279e-08	3.2424927e-07	-1.1086464e-07	0.0	3.5762786e-09	2.884865e-07	-2.7656554e-07	-2.3841857e-09	6.079674e-08	-2.7418137e-08	0.0	-1.7762184e-07	-9.536743e-09	3.5762786e-09	-4.7683715e-09	0.0	0.0	1.4305114e-08	0.0	7.033348e-08	3.9339067e-08	-4.7683715e-09	4.1365624e-07	3.7431718e-07	2.8610229e-08	2.2768974e-07	5.9604646e-09	-1.1920929e-07	-1.180172e-07	-1.14440915e-07	1.5616416e-07	0.0	-1.3113022e-08	5.328655e-07	-2.1100044e-07	6.079674e-08	0.0	0.0	4.005432e-07	4.7683715e-09	3.2305718e-07	-2.5749208e-07	7.355213e-07	5.7220458e-08	-1.3709068e-07	-3.0517577e-07	-1.2278556e-07	2.3841857e-09	-6.556511e-08	-2.515316e-07	2.6226044e-08	3.361702e-07	1.9550323e-07	-2.503395e-08	-8.583069e-08	2.2649765e-08	6.4611436e-07	6.902218e-07	-4.7683717e-08	-2.3841858e-08	7.152557e-09	0.0	-4.7683715e-09	-6.437302e-08	1.1920929e-09	0.0	-8.34465e-09	-3.1709672e-07	2.3841857e-09	0.0	-2.0384789e-07	7.152557e-09	0.0	0.0	-2.3841857e-09	1.513958e-07	0.0	-3.8146972e-08	4.172325e-08	-1.6450882e-07	-1.7881394e-08	9.608269e-07	-5.00679e-08	4.887581e-08	-6.318092e-08
0.0	-1.1920929e-09	0.0	-8.34465e-09	-1.1920929e-09	-1.1920929e-09	0.0	-4.7683715e-09	0.0	-3.5762786e-09	-3.5762786e-09	0.0	0.0	-3.5762786e-09	0.0	-2.3841857e-09	0.0	0.0	-1.1920929e-09	0.0	0.0	0.0	0.0	0.0	0.0	0.0	0.0	0.0	0.0	0.0	-2.3841857e-09	-1.1920929e-09	0.0	0.0	0.0	0.0	0.0	-1.1920929e-09	0.0	-1.1920929e-09	0.0	0.0	0.0	0.0	0.0	0.0	0.0	0.0	0.0	0.0	-4.7683715e-09	0.0	0.0	0.0	0.0	0.0	0.0	-1.1920929e-09	0.0	0.0	0.0	0.0	0.0	0.0	0.0	0.0	0.0	0.0	-3.5762786e-09	0.0	0.0	0.0	0.0	-4.7683715e-09	0.0	0.0	0.0	0.0	-2.3841857e-09	0.0	0.0	0.0	-3.5762786e-09	0.0	0.0	0.0	-1.1920929e-09	0.0	0.0	0.0	0.0	0.0	0.0	-5.9604646e-09	0.0	0.0	0.0	0.0	0.0	0.0	0.0	0.0	0.0	0.0	-2.3841857e-09	0.0	0.0	0.0	-4.7683715e-09	-4.7683715e-09	0.0	0.0	0.0	0.0	0.0	0.0	0.0	0.0	0.0	0.0	0.0	0.0	-1.1920929e-09	0.0	0.0	0.0	0.0	0.0	0.0	0.0	0.0	0.0	0.0	0.0	0.0	0.0	0.0	0.0	0.0	0.0	0.0	0.0	0.0	0.0	0.0	0.0	0.0	-2.3841857e-09	0.0	0.0	0.0	-4.7683715e-09	0.0	0.0	0.0	0.0	0.0	0.0	0.0	0.0	0.0	0.0	0.0	0.0	0.0	0.0	0.0	0.0	0.0	0.0	0.0	0.0	0.0	0.0	-1.1920929e-09	0.0	0.0	0.0	0.0	0.0	0.0	0.0	0.0	0.0	0.0	0.0	0.0	0.0	-2.3841857e-09	-1.1920929e-09	0.0	0.0	0.0	0.0	0.0	-5.9604646e-09	0.0	0.0	0.0	0.0	0.0	0.0	0.0	0.0	0.0	0.0	0.0	-5.9604646e-09	0.0	0.0	0.0	0.0	0.0	0.0	0.0	0.0	0.0	0.0	0.0	0.0	0.0	0.0	0.0	-4.7683715e-09	0.0	0.0	0.0	0.0	0.0	0.0	0.0	-1.1920929e-09	0.0	0.0	0.0	0.0	0.0	0.0	0.0	-1.1920929e-09	0.0	0.0	0.0	0.0	-2.3841857e-09	0.0	0.0	0.0	0.0	0.0	0.0	0.0	0.0	0.0	-5.9604646e-09	0.0	0.0	0.0	0.0	0.0	0.0	0.0	-5.9604646e-09	0.0	0.0	-4.7683715e-09	0.0	0.0	0.0	0.0	0.0	0.0	0.0	0.0	-1.1920929e-09	0.0	0.0	0.0	0.0	-1.1920929e-09	0.0	-2.3841857e-09	0.0	0.0	0.0	0.0	0.0	0.0	0.0	0.0	0.0	0.0	0.0	-1.1920929e-09	0.0	-1.1920929e-09	0.0	0.0	0.0	0.0	-2.3841857e-09	0.0	-2.3841857e-09	0.0	0.0	0.0	0.0	0.0	-5.9604646e-09	0.0	0.0	0.0	0.0	0.0	0.0	0.0	0.0	-1.1920929e-09	0.0	0.0	0.0	0.0	0.0	0.0	0.0	0.0	0.0	0.0	0.0	0.0	0.0	0.0	0.0	0.0	0.0	0.0	0.0	0.0	0.0	0.0	0.0	0.0	0.0	0.0	0.0	0.0	0.0	-1.1920929e-09	0.0	0.0	0.0	0.0	0.0	0.0	0.0	0.0	0.0	0.0	0.0	0.0	0.0	-1.1920929e-09	0.0	0.0	0.0	0.0	0.0	0.0	0.0	0.0	0.0	0.0	0.0	0.0	0.0	0.0	0.0	0.0	0.0	0.0	0.0	0.0	0.0	0.0	0.0	0.0	0.0	-2.3841857e-09	-4.7683715e-09	0.0	0.0	0.0	0.0	0.0	0.0	0.0	0.0	0.0	0.0	0.0	0.0	0.0	0.0	0.0	0.0	0.0	0.0	0.0	0.0	-3.5762786e-09	0.0	0.0	0.0	0.0	0.0	0.0	0.0	0.0	0.0	0.0	-1.1920929e-09	0.0	-7.152557e-09	0.0	0.0	0.0	0.0	0.0	0.0	0.0	0.0	0.0	0.0	0.0	0.0	0.0	0.0	0.0	-4.7683715e-09	0.0	0.0	0.0	0.0	0.0	-4.7683715e-09	0.0	0.0	0.0	0.0	0.0	0.0	0.0	-1.1920929e-09	0.0	0.0	0.0	-1.1920929e-09	0.0	-1.1920929e-09	-2.3841857e-09	0.0	0.0	0.0	0.0	0.0	0.0	0.0	0.0	0.0	0.0	0.0	0.0	0.0	0.0	0.0	0.0	0.0	0.0	0.0	0.0	0.0	0.0	0.0	0.0	0.0	0.0	0.0	0.0	0.0	-2.3841857e-09	0.0	0.0	0.0	0.0	0.0	0.0	0.0	0.0	0.0	-1.1920929e-09
0.0	0.0	0.0	0.0	0.0	0.0	0.0	0.0	0.0	0.0	0.0	0.0	0.0	0.0	0.0	0.0	0.0	0.0	0.0	0.0	0.0	0.0	0.0	0.0	0.0	0.0	0.0	0.0	0.0	0.0	0.0	0.0	0.0	0.0	0.0	0.0	0.0	0.0	0.0	0.0	0.0	0.0	0.0	0.0	0.0	0.0	0.0	0.0	0.0	0.0	0.0	0.0	0.0	0.0	0.0	0.0	0.0	0.0	0.0	0.0	0.0	0.0	0.0	0.0	0.0	0.0	0.0	0.0	0.0	0.0	0.0	0.0	0.0	0.0	0.0	0.0	0.0	0.0	0.0	0.0	0.0	0.0	0.0	0.0	0.0	0.0	0.0	0.0	0.0	0.0	0.0	0.0	0.0	0.0	0.0	0.0	0.0	0.0	0.0	0.0	0.0	0.0	0.0	0.0	0.0	0.0	0.0	0.0	0.0	0.0	0.0	0.0	0.0	0.0	0.0	0.0	0.0	0.0	0.0	0.0	0.0	0.0	0.0	0.0	0.0	0.0	0.0	0.0	0.0	0.0	0.0	0.0	0.0	0.0	0.0	0.0	0.0	0.0	0.0	0.0	0.0	0.0	0.0	0.0	0.0	0.0	0.0	0.0	0.0	0.0	0.0	0.0	0.0	0.0	0.0	0.0	0.0	0.0	0.0	0.0	0.0	0.0	0.0	0.0	0.0	0.0	0.0	0.0	0.0	0.0	0.0	0.0	0.0	0.0	0.0	0.0	0.0	0.0	0.0	0.0	0.0	0.0	0.0	0.0	0.0	0.0	0.0	0.0	0.0	0.0	0.0	0.0	0.0	0.0	0.0	0.0	0.0	0.0	0.0	0.0	0.0	0.0	0.0	0.0	0.0	0.0	0.0	0.0	0.0	0.0	0.0	0.0	0.0	0.0	0.0	0.0	0.0	0.0	0.0	0.0	0.0	0.0	0.0	0.0	0.0	0.0	0.0	0.0	0.0	0.0	0.0	0.0	0.0	0.0	0.0	0.0	0.0	0.0	0.0	0.0	0.0	0.0	0.0	0.0	0.0	0.0	0.0	0.0	0.0	0.0	0.0	0.0	0.0	0.0	0.0	0.0	0.0	0.0	0.0	0.0	0.0	0.0	0.0	0.0	0.0	0.0	0.0	0.0	0.0	0.0	0.0	0.0	0.0	0.0	0.0	0.0	0.0	0.0	0.0	0.0	0.0	0.0	0.0	0.0	0.0	0.0	0.0	0.0	0.0	0.0	0.0	0.0	0.0	0.0	0.0	0.0	0.0	0.0	0.0	0.0	0.0	0.0	0.0	0.0	0.0	0.0	0.0	0.0	0.0	0.0	0.0	0.0	0.0	0.0	0.0	0.0	0.0	0.0	0.0	0.0	0.0	0.0	0.0	0.0	0.0	0.0	0.0	0.0	0.0	0.0	0.0	0.0	0.0	0.0	0.0	0.0	0.0	0.0	0.0	0.0	0.0	0.0	0.0	0.0	0.0	0.0	0.0	0.0	0.0	0.0	0.0	0.0	0.0	0.0	0.0	0.0	0.0	0.0	0.0	0.0	0.0	0.0	0.0	0.0	0.0	0.0	0.0	0.0	0.0	0.0	0.0	0.0	0.0	0.0	0.0	0.0	0.0	0.0	0.0	0.0	0.0	0.0	0.0	0.0	0.0	0.0	0.0	0.0	0.0	0.0	0.0	0.0	0.0	0.0	0.0	0.0	0.0	0.0	0.0	0.0	0.0	0.0	0.0	0.0	0.0	0.0	0.0	0.0	0.0	0.0	0.0	0.0	0.0	0.0	0.0	0.0	0.0	0.0	0.0	0.0	0.0	0.0	0.0	0.0	0.0	0.0	0.0	0.0	0.0	0.0	0.0	0.0	0.0	0.0	0.0	0.0	0.0	0.0	0.0	0.0	0.0	0.0	0.0	0.0	0.0	0.0	0.0	0.0	0.0	0.0	0.0	0.0	0.0	0.0	0.0	0.0	0.0	0.0	0.0	0.0	0.0	0.0	0.0	0.0	0.0	0.0	0.0	0.0	0.0	0.0	0.0	0.0	0.0	0.0	0.0	0.0	0.0	0.0	0.0	0.0	0.0	0.0	0.0	0.0	0.0	0.0	0.0	0.0	0.0	0.0	0.0	0.0	0.0	0.0	0.0	0.0	0.0	0.0	0.0	0.0
0.0	0.0	0.0	0.0	0.0	0.0	0.0	0.0	0.0	0.0	0.0	0.0	0.0	0.0	0.0	0.0	0.0	0.0	0.0	0.0	0.0	0.0	0.0	0.0	0.0	0.0	0.0	0.0	0.0	0.0	0.0	0.0	0.0	0.0	0.0	0.0	0.0	0.0	0.0	0.0	0.0	0.0	0.0	0.0	0.0	0.0	0.0	0.0	0.0	0.0	0.0	0.0	0.0	0.0	0.0	0.0	0.0	0.0	0.0	0.0	0.0	0.0	0.0	0.0	0.0	0.0	0.0	0.0	0.0	0.0	0.0	0.0	0.0	0.0	0.0	0.0	0.0	0.0	0.0	0.0	0.0	0.0	0.0	0.0	0.0	0.0	0.0	0.0	0.0	0.0	0.0	0.0	0.0	0.0	0.0	0.0	0.0	0.0	0.0	0.0	0.0	0.0	0.0	0.0	0.0	0.0	0.0	0.0	0.0	0.0	0.0	0.0	0.0	0.0	0.0	0.0	0.0	0.0	0.0	0.0	0.0	0.0	0.0	0.0	0.0	0.0	0.0	0.0	0.0	0.0	0.0	0.0	0.0	0.0	0.0	0.0	0.0	0.0	0.0	0.0	0.0	0.0	0.0	0.0	0.0	0.0	0.0	0.0	0.0	0.0	0.0	0.0	0.0	0.0	0.0	0.0	0.0	0.0	0.0	0.0	0.0	0.0	0.0	0.0	0.0	0.0	0.0	0.0	0.0	0.0	0.0	0.0	0.0	0.0	0.0	0.0	0.0	0.0	0.0	0.0	0.0	0.0	0.0	0.0	0.0	0.0	0.0	0.0	0.0	0.0	0.0	0.0	0.0	0.0	0.0	0.0	0.0	0.0	0.0	0.0	0.0	0.0	0.0	0.0	0.0	0.0	0.0	0.0	0.0	0.0	0.0	0.0	0.0	0.0	0.0	0.0	0.0	0.0	0.0	0.0	0.0	0.0	0.0	0.0	0.0	0.0	0.0	0.0	0.0	0.0	0.0	0.0	0.0	0.0	0.0	0.0	0.0	0.0	0.0	0.0	0.0	0.0	0.0	0.0	0.0	0.0	0.0	0.0	0.0	0.0	0.0	0.0	0.0	0.0	0.0	0.0	0.0	0.0	0.0	0.0	0.0	0.0	0.0	0.0	0.0	0.0	0.0	0.0	0.0	0.0	0.0	0.0	0.0	0.0	0.0	0.0	0.0	0.0	0.0	0.0	0.0	0.0	0.0	0.0	0.0	0.0	0.0	0.0	0.0	0.0	0.0	0.0	0.0	0.0	0.0	0.0	0.0	0.0	0.0	0.0	0.0	0.0	0.0	0.0	0.0	0.0	0.0	0.0	0.0	0.0	0.0	0.0	0.0	0.0	0.0	0.0	0.0	0.0	0.0	0.0	0.0	0.0	0.0	0.0	0.0	0.0	0.0	0.0	0.0	0.0	0.0	0.0	0.0	0.0	0.0	0.0	0.0	0.0	0.0	0.0	0.0	0.0	0.0	0.0	0.0	0.0	0.0	0.0	0.0	0.0	0.0	0.0	0.0	0.0	0.0	0.0	0.0	0.0	0.0	0.0	0.0	0.0	0.0	0.0	0.0	0.0	0.0	0.0	0.0	0.0	0.0	0.0	0.0	0.0	0.0	0.0	0.0	0.0	0.0	0.0	0.0	0.0	0.0	0.0	0.0	0.0	0.0	0.0	0.0	0.0	0.0	0.0	0.0	0.0	0.0	0.0	0.0	0.0	0.0	0.0	0.0	0.0	0.0	0.0	0.0	0.0	0.0	0.0	0.0	0.0	0.0	0.0	0.0	0.0	0.0	0.0	0.0	0.0	0.0	0.0	0.0	0.0	0.0	0.0	0.0	0.0	0.0	0.0	0.0	0.0	0.0	0.0	0.0	0.0	0.0	0.0	0.0	0.0	0.0	0.0	0.0	0.0	0.0	0.0	0.0	0.0	0.0	0.0	0.0	0.0	0.0	0.0	0.0	0.0	0.0	0.0	0.0	0.0	0.0	0.0	0.0	0.0	0.0	0.0	0.0	0.0	0.0	0.0	0.0	0.0	0.0	0.0	0.0	0.0	0.0	0.0	0.0	0.0	0.0	0.0	0.0	0.0	0.0	0.0	0.0	0.0	0.0	0.0	0.0	0.0	0.0	0.0	0.0	0.0	0.0	0.0	0.0	0.0	0.0	0.0
0.0	0.0	0.0	0.0	0.0	0.0	0.0	0.0	0.0	0.0	0.0	0.0	0.0	0.0	0.0	0.0	0.0	0.0	0.0	0.0	0.0	0.0	0.0	0.0	0.0	0.0	0.0	0.0	0.0	0.0	0.0	0.0	0.0	0.0	0.0	0.0	0.0	0.0	0.0	0.0	0.0	0.0	0.0	0.0	0.0	0.0	0.0	0.0	0.0	0.0	0.0	0.0	0.0	0.0	0.0	0.0	0.0	0.0	0.0	0.0	0.0	0.0	0.0	0.0	0.0	0.0	0.0	0.0	0.0	0.0	0.0	0.0	0.0	0.0	0.0	0.0	0.0	0.0	0.0	0.0	0.0	0.0	0.0	0.0	0.0	0.0	0.0	0.0	0.0	0.0	0.0	0.0	0.0	0.0	0.0	0.0	0.0	0.0	0.0	0.0	0.0	0.0	0.0	0.0	0.0	0.0	0.0	0.0	0.0	0.0	0.0	0.0	0.0	0.0	0.0	0.0	0.0	0.0	0.0	0.0	0.0	0.0	0.0	0.0	0.0	0.0	0.0	0.0	0.0	0.0	0.0	0.0	0.0	0.0	0.0	0.0	0.0	0.0	0.0	0.0	0.0	0.0	0.0	0.0	0.0	0.0	0.0	0.0	0.0	0.0	0.0	0.0	0.0	0.0	0.0	0.0	0.0	0.0	0.0	0.0	0.0	0.0	0.0	0.0	0.0	0.0	0.0	0.0	0.0	0.0	0.0	0.0	0.0	0.0	0.0	0.0	0.0	0.0	0.0	0.0	0.0	0.0	0.0	0.0	0.0	0.0	0.0	0.0	0.0	0.0	0.0	0.0	0.0	0.0	0.0	0.0	0.0	0.0	0.0	0.0	0.0	0.0	0.0	0.0	0.0	0.0	0.0	0.0	0.0	0.0	0.0	0.0	0.0	0.0	0.0	0.0	0.0	0.0	0.0	0.0	0.0	0.0	0.0	0.0	0.0	0.0	0.0	0.0	0.0	0.0	0.0	0.0	0.0	0.0	0.0	0.0	0.0	0.0	0.0	0.0	0.0	0.0	0.0	0.0	0.0	0.0	0.0	0.0	0.0	0.0	0.0	0.0	0.0	0.0	0.0	0.0	0.0	0.0	0.0	0.0	0.0	0.0	0.0	0.0	0.0	0.0	0.0	0.0	0.0	0.0	0.0	0.0	0.0	0.0	0.0	0.0	0.0	0.0	0.0	0.0	0.0	0.0	0.0	0.0	0.0	0.0	0.0	0.0	0.0	0.0	0.0	0.0	0.0	0.0	0.0	0.0	0.0	0.0	0.0	0.0	0.0	0.0	0.0	0.0	0.0	0.0	0.0	0.0	0.0	0.0	0.0	0.0	0.0	0.0	0.0	0.0	0.0	0.0	0.0	0.0	0.0	0.0	0.0	0.0	0.0	0.0	0.0	0.0	0.0	0.0	0.0	0.0	0.0	0.0	0.0	0.0	0.0	0.0	0.0	0.0	0.0	0.0	0.0	0.0	0.0	0.0	0.0	0.0	0.0	0.0	0.0	0.0	0.0	0.0	0.0	0.0	0.0	0.0	0.0	0.0	0.0	0.0	0.0	0.0	0.0	0.0	0.0	0.0	0.0	0.0	0.0	0.0	0.0	0.0	0.0	0.0	0.0	0.0	0.0	0.0	0.0	0.0	0.0	0.0	0.0	0.0	0.0	0.0	0.0	0.0	0.0	0.0	0.0	0.0	0.0	0.0	0.0	0.0	0.0	0.0	0.0	0.0	0.0	0.0	0.0	0.0	0.0	0.0	0.0	0.0	0.0	0.0	0.0	0.0	0.0	0.0	0.0	0.0	0.0	0.0	0.0	0.0	0.0	0.0	0.0	0.0	0.0	0.0	0.0	0.0	0.0	0.0	0.0	0.0	0.0	0.0	0.0	0.0	0.0	0.0	0.0	0.0	0.0	0.0	0.0	0.0	0.0	0.0	0.0	0.0	0.0	0.0	0.0	0.0	0.0	0.0	0.0	0.0	0.0	0.0	0.0	0.0	0.0	0.0	0.0	0.0	0.0	0.0	0.0	0.0	0.0	0.0	0.0	0.0	0.0	0.0	0.0	0.0	0.0	0.0	0.0	0.0	0.0	0.0	0.0	0.0	0.0	0.0	0.0	0.0	0.0	0.0	0.0	0.0	0.0	0.0	0.0	0.0	0.0	0.0
0.0	-4.7683715e-09	0.0	0.0	0.0	-1.1920929e-09	-5.9604646e-09	0.0	0.0	-2.3841857e-09	0.0	0.0	0.0	0.0	-2.3841857e-09	0.0	-1.1920929e-09	0.0	-1.1920929e-09	0.0	0.0	0.0	0.0	-3.5762786e-09	-1.1920929e-09	0.0	0.0	0.0	0.0	0.0	0.0	0.0	0.0	0.0	0.0	0.0	0.0	-9.536743e-09	0.0	0.0	0.0	0.0	0.0	-1.1920929e-09	0.0	0.0	0.0	0.0	0.0	0.0	0.0	0.0	0.0	0.0	-7.152557e-09	0.0	0.0	0.0	0.0	0.0	0.0	0.0	0.0	0.0	0.0	0.0	0.0	0.0	0.0	0.0	0.0	0.0	-2.3841857e-09	0.0	0.0	-4.7683715e-09	-1.1920929e-09	0.0	0.0	0.0	0.0	0.0	0.0	0.0	0.0	-3.5762786e-09	0.0	0.0	0.0	0.0	-1.1920929e-09	-1.1920929e-09	-1.1920929e-09	0.0	0.0	-1.1920929e-09	0.0	0.0	0.0	0.0	0.0	-1.1920929e-09	0.0	0.0	0.0	0.0	0.0	0.0	-1.1920929e-09	-5.9604646e-09	0.0	-1.1920929e-09	0.0	0.0	0.0	0.0	0.0	0.0	0.0	0.0	0.0	0.0	0.0	0.0	0.0	-1.1920929e-09	0.0	0.0	0.0	0.0	0.0	0.0	0.0	0.0	0.0	0.0	0.0	0.0	0.0	0.0	0.0	0.0	0.0	0.0	0.0	-2.3841857e-09	0.0	0.0	0.0	0.0	0.0	0.0	0.0	0.0	-5.9604646e-09	-3.5762786e-09	0.0	0.0	0.0	0.0	0.0	0.0	0.0	0.0	0.0	0.0	0.0	0.0	-2.3841857e-09	0.0	0.0	-2.3841857e-09	0.0	0.0	-1.1920929e-09	-1.1920929e-09	0.0	-1.1920929e-09	0.0	0.0	0.0	0.0	0.0	0.0	-1.1920929e-09	0.0	0.0	0.0	-2.3841857e-09	0.0	0.0	0.0	0.0	0.0	0.0	0.0	0.0	0.0	0.0	0.0	0.0	0.0	0.0	-1.1920929e-09	-1.1920929e-09	0.0	0.0	0.0	-1.1920929e-09	0.0	0.0	0.0	0.0	0.0	0.0	0.0	-1.1920929e-09	0.0	-4.7683715e-09	0.0	0.0	0.0	0.0	0.0	0.0	0.0	0.0	0.0	0.0	0.0	0.0	0.0	0.0	0.0	0.0	0.0	0.0	0.0	0.0	0.0	0.0	-4.7683715e-09	0.0	0.0	0.0	0.0	-2.3841857e-09	0.0	0.0	0.0	0.0	0.0	0.0	0.0	0.0	0.0	0.0	-5.9604646e-09	0.0	0.0	0.0	0.0	-1.1920929e-09	0.0	-2.3841857e-09	0.0	0.0	-2.3841857e-09	0.0	0.0	0.0	0.0	0.0	0.0	0.0	0.0	0.0	0.0	0.0	0.0	0.0	0.0	0.0	0.0	0.0	-5.9604646e-09	0.0	0.0	0.0	0.0	0.0	0.0	0.0	0.0	0.0	-2.3841857e-09	0.0	0.0	0.0	0.0	0.0	0.0	0.0	0.0	0.0	0.0	0.0	0.0	0.0	0.0	-1.1920929e-09	0.0	0.0	0.0	0.0	0.0	0.0	0.0	0.0	0.0	0.0	0.0	0.0	-2.3841857e-09	0.0	0.0	0.0	0.0	0.0	0.0	0.0	0.0	0.0	-1.1920929e-09	0.0	0.0	0.0	0.0	-5.8412553e-08	0.0	0.0	0.0	0.0	0.0	0.0	-2.3841857e-09	0.0	-1.1920929e-09	0.0	0.0	0.0	0.0	-1.1920929e-09	0.0	0.0	0.0	0.0	0.0	0.0	0.0	0.0	-4.7683715e-09	0.0	0.0	0.0	0.0	0.0	0.0	0.0	0.0	0.0	0.0	0.0	0.0	0.0	0.0	0.0	0.0	0.0	0.0	0.0	0.0	0.0	0.0	0.0	0.0	0.0	0.0	-2.3841857e-09	0.0	0.0	0.0	0.0	0.0	0.0	0.0	0.0	-2.3841857e-09	0.0	0.0	-5.9604646e-09	-1.1920929e-09	0.0	0.0	0.0	0.0	0.0	0.0	0.0	-4.7683715e-09	0.0	0.0	0.0	0.0	0.0	0.0	0.0	-1.1920929e-09	0.0	0.0	0.0	0.0	0.0	0.0	0.0	0.0	0.0	0.0	0.0	0.0	-1.1920929e-09	0.0	0.0	0.0	0.0	0.0	0.0	0.0	0.0	0.0	-1.1920929e-09	0.0	0.0	0.0	0.0	0.0	0.0	0.0	0.0	0.0	0.0	0.0	0.0	0.0	0.0	-2.3841857e-09	0.0	0.0	0.0	0.0	0.0	0.0	0.0	0.0	-1.1920929e-09	0.0	0.0	0.0	0.0	0.0	0.0	-2.3841857e-09	-2.3841857e-09	0.0	0.0	0.0	0.0	0.0	0.0	0.0	0.0	-2.3841857e-09	-1.1920929e-09	0.0	0.0	0.0	0.0	0.0	0.0	0.0	0.0	0.0	0.0	0.0	0.0	0.0	0.0	-2.3841857e-09	0.0	0.0
0.0	0.0	0.0	0.0	0.0	0.0	0.0	0.0	0.0	0.0	0.0	0.0	0.0	0.0	0.0	0.0	0.0	0.0	0.0	0.0	0.0	0.0	0.0	0.0	0.0	0.0	0.0	0.0	0.0	0.0	0.0	0.0	0.0	0.0	0.0	0.0	0.0	0.0	0.0	0.0	0.0	0.0	0.0	0.0	0.0	0.0	0.0	0.0	0.0	0.0	0.0	0.0	0.0	0.0	0.0	0.0	0.0	0.0	0.0	0.0	0.0	0.0	0.0	0.0	0.0	0.0	0.0	0.0	0.0	0.0	0.0	0.0	0.0	0.0	0.0	0.0	0.0	0.0	0.0	0.0	0.0	0.0	0.0	0.0	0.0	0.0	0.0	0.0	0.0	0.0	0.0	0.0	0.0	0.0	0.0	0.0	0.0	0.0	0.0	0.0	0.0	0.0	0.0	0.0	0.0	0.0	0.0	0.0	0.0	0.0	0.0	0.0	0.0	0.0	0.0	0.0	0.0	0.0	0.0	0.0	0.0	0.0	0.0	0.0	0.0	0.0	0.0	0.0	0.0	0.0	0.0	0.0	0.0	0.0	0.0	0.0	0.0	0.0	0.0	0.0	0.0	0.0	0.0	0.0	0.0	0.0	0.0	0.0	0.0	0.0	0.0	0.0	0.0	0.0	0.0	0.0	0.0	0.0	0.0	0.0	0.0	0.0	0.0	0.0	0.0	0.0	0.0	0.0	0.0	0.0	0.0	0.0	0.0	0.0	0.0	0.0	0.0	0.0	0.0	0.0	0.0	0.0	0.0	0.0	0.0	0.0	0.0	0.0	0.0	0.0	0.0	0.0	0.0	0.0	0.0	0.0	0.0	0.0	0.0	0.0	0.0	0.0	0.0	0.0	0.0	0.0	0.0	0.0	0.0	0.0	0.0	0.0	0.0	0.0	0.0	0.0	0.0	0.0	0.0	0.0	0.0	0.0	0.0	0.0	0.0	0.0	0.0	0.0	0.0	0.0	0.0	0.0	0.0	0.0	0.0	0.0	0.0	0.0	0.0	0.0	0.0	0.0	0.0	0.0	0.0	0.0	0.0	0.0	0.0	0.0	0.0	0.0	0.0	0.0	0.0	0.0	0.0	0.0	0.0	0.0	0.0	0.0	0.0	0.0	0.0	0.0	0.0	0.0	0.0	0.0	0.0	0.0	0.0	0.0	0.0	0.0	0.0	0.0	0.0	0.0	0.0	0.0	0.0	0.0	0.0	0.0	0.0	0.0	0.0	0.0	0.0	0.0	0.0	0.0	0.0	0.0	0.0	0.0	0.0	0.0	0.0	0.0	0.0	0.0	0.0	0.0	0.0	0.0	0.0	0.0	0.0	0.0	0.0	0.0	0.0	0.0	0.0	0.0	0.0	0.0	0.0	0.0	0.0	0.0	0.0	0.0	0.0	0.0	0.0	0.0	0.0	0.0	0.0	0.0	0.0	0.0	0.0	0.0	0.0	0.0	0.0	0.0	0.0	0.0	0.0	0.0	0.0	0.0	0.0	0.0	0.0	0.0	0.0	0.0	0.0	0.0	0.0	0.0	0.0	0.0	0.0	0.0	0.0	0.0	0.0	0.0	0.0	0.0	0.0	0.0	0.0	0.0	0.0	0.0	0.0	0.0	0.0	0.0	0.0	0.0	0.0	0.0	0.0	0.0	0.0	0.0	0.0	0.0	0.0	0.0	0.0	0.0	0.0	0.0	0.0	0.0	0.0	0.0	0.0	0.0	0.0	0.0	0.0	0.0	0.0	0.0	0.0	0.0	0.0	0.0	0.0	0.0	0.0	0.0	0.0	0.0	0.0	0.0	0.0	0.0	0.0	0.0	0.0	0.0	0.0	0.0	0.0	0.0	0.0	0.0	0.0	0.0	0.0	0.0	0.0	0.0	0.0	0.0	0.0	0.0	0.0	0.0	0.0	0.0	0.0	0.0	0.0	0.0	0.0	0.0	0.0	0.0	0.0	0.0	0.0	0.0	0.0	0.0	0.0	0.0	0.0	0.0	0.0	0.0	0.0	0.0	0.0	0.0	0.0	0.0	0.0	0.0	0.0	0.0	0.0	0.0	0.0	0.0	0.0	0.0	0.0	0.0	0.0	0.0	0.0	0.0	0.0	0.0	0.0	0.0	0.0	0.0	0.0	0.0	0.0	0.0	0.0	0.0	0.0	0.0
0.0	0.0	0.0	0.0	0.0	0.0	0.0	0.0	0.0	0.0	0.0	0.0	0.0	0.0	0.0	0.0	0.0	0.0	0.0	0.0	0.0	0.0	0.0	0.0	0.0	0.0	0.0	0.0	0.0	0.0	0.0	0.0	0.0	0.0	0.0	0.0	0.0	0.0	0.0	0.0	0.0	0.0	0.0	0.0	0.0	0.0	0.0	0.0	0.0	0.0	0.0	0.0	0.0	0.0	0.0	0.0	0.0	0.0	0.0	0.0	0.0	0.0	0.0	0.0	0.0	0.0	0.0	0.0	0.0	0.0	0.0	0.0	0.0	0.0	0.0	0.0	0.0	0.0	0.0	0.0	0.0	0.0	0.0	0.0	0.0	0.0	0.0	0.0	0.0	0.0	0.0	0.0	0.0	0.0	0.0	0.0	0.0	0.0	0.0	0.0	0.0	0.0	0.0	0.0	0.0	0.0	0.0	0.0	0.0	0.0	0.0	0.0	0.0	0.0	0.0	0.0	0.0	0.0	0.0	0.0	0.0	0.0	0.0	0.0	0.0	0.0	0.0	0.0	0.0	0.0	0.0	0.0	0.0	0.0	0.0	0.0	0.0	0.0	0.0	0.0	0.0	0.0	0.0	0.0	0.0	0.0	0.0	0.0	0.0	0.0	0.0	0.0	0.0	0.0	0.0	0.0	0.0	0.0	0.0	0.0	0.0	0.0	0.0	0.0	0.0	0.0	0.0	0.0	0.0	0.0	0.0	0.0	0.0	0.0	0.0	0.0	0.0	0.0	0.0	0.0	0.0	0.0	0.0	0.0	0.0	0.0	0.0	0.0	0.0	0.0	0.0	0.0	0.0	0.0	0.0	0.0	0.0	0.0	0.0	0.0	0.0	0.0	0.0	0.0	0.0	0.0	0.0	0.0	0.0	0.0	0.0	0.0	0.0	0.0	0.0	0.0	0.0	0.0	0.0	0.0	0.0	0.0	0.0	0.0	0.0	0.0	0.0	0.0	0.0	0.0	0.0	0.0	0.0	0.0	0.0	0.0	0.0	0.0	0.0	0.0	0.0	0.0	0.0	0.0	0.0	0.0	0.0	0.0	0.0	0.0	0.0	0.0	0.0	0.0	0.0	0.0	0.0	0.0	0.0	0.0	0.0	0.0	0.0	0.0	0.0	0.0	0.0	0.0	0.0	0.0	0.0	0.0	0.0	0.0	0.0	0.0	0.0	0.0	0.0	0.0	0.0	0.0	0.0	0.0	0.0	0.0	0.0	0.0	0.0	0.0	0.0	0.0	0.0	0.0	0.0	0.0	0.0	0.0	0.0	0.0	0.0	0.0	0.0	0.0	0.0	0.0	0.0	0.0	0.0	0.0	0.0	0.0	0.0	0.0	0.0	0.0	0.0	0.0	0.0	0.0	0.0	0.0	0.0	0.0	0.0	0.0	0.0	0.0	0.0	0.0	0.0	0.0	0.0	0.0	0.0	0.0	0.0	0.0	0.0	0.0	0.0	0.0	0.0	0.0	0.0	0.0	0.0	0.0	0.0	0.0	0.0	0.0	0.0	0.0	0.0	0.0	0.0	0.0	0.0	0.0	0.0	0.0	0.0	0.0	0.0	0.0	0.0	0.0	0.0	0.0	0.0	0.0	0.0	0.0	0.0	0.0	0.0	0.0	0.0	0.0	0.0	0.0	0.0	0.0	0.0	0.0	0.0	0.0	0.0	0.0	0.0	0.0	0.0	0.0	0.0	0.0	0.0	0.0	0.0	0.0	0.0	0.0	0.0	0.0	0.0	0.0	0.0	0.0	0.0	0.0	0.0	0.0	0.0	0.0	0.0	0.0	0.0	0.0	0.0	0.0	0.0	0.0	0.0	0.0	0.0	0.0	0.0	0.0	0.0	0.0	0.0	0.0	0.0	0.0	0.0	0.0	0.0	0.0	0.0	0.0	0.0	0.0	0.0	0.0	0.0	0.0	0.0	0.0	0.0	0.0	0.0	0.0	0.0	0.0	0.0	0.0	0.0	0.0	0.0	0.0	0.0	0.0	0.0	0.0	0.0	0.0	0.0	0.0	0.0	0.0	0.0	0.0	0.0	0.0	0.0	0.0	0.0	0.0	0.0	0.0	0.0	0.0	0.0	0.0	0.0	0.0	0.0	0.0	0.0	0.0	0.0	0.0	0.0	0.0	0.0	0.0	0.0	0.0	0.0	0.0
0.0	0.0	0.0	0.0	0.0	0.0	0.0	0.0	0.0	0.0	0.0	0.0	0.0	0.0	0.0	0.0	0.0	0.0	0.0	0.0	0.0	0.0	0.0	0.0	0.0	0.0	0.0	0.0	0.0	0.0	0.0	0.0	0.0	0.0	0.0	0.0	0.0	0.0	0.0	0.0	0.0	0.0	0.0	0.0	0.0	0.0	0.0	0.0	0.0	0.0	0.0	0.0	0.0	0.0	0.0	0.0	0.0	0.0	0.0	0.0	0.0	0.0	0.0	0.0	0.0	0.0	0.0	0.0	0.0	0.0	0.0	0.0	0.0	0.0	0.0	0.0	0.0	0.0	0.0	0.0	0.0	0.0	0.0	0.0	0.0	0.0	0.0	0.0	0.0	0.0	0.0	0.0	0.0	0.0	0.0	0.0	0.0	0.0	0.0	0.0	0.0	0.0	0.0	0.0	0.0	0.0	0.0	0.0	0.0	0.0	0.0	0.0	0.0	0.0	0.0	0.0	0.0	0.0	0.0	0.0	0.0	0.0	0.0	0.0	0.0	0.0	0.0	0.0	0.0	0.0	0.0	0.0	0.0	0.0	0.0	0.0	0.0	0.0	0.0	0.0	0.0	0.0	0.0	0.0	0.0	0.0	0.0	0.0	0.0	0.0	0.0	0.0	0.0	0.0	0.0	0.0	0.0	0.0	0.0	0.0	0.0	0.0	0.0	0.0	0.0	0.0	0.0	0.0	0.0	0.0	0.0	0.0	0.0	0.0	0.0	0.0	0.0	0.0	0.0	0.0	0.0	0.0	0.0	0.0	0.0	0.0	0.0	0.0	0.0	0.0	0.0	0.0	0.0	0.0	0.0	0.0	0.0	0.0	0.0	0.0	0.0	0.0	0.0	0.0	0.0	0.0	0.0	0.0	0.0	0.0	0.0	0.0	0.0	0.0	0.0	0.0	0.0	0.0	0.0	0.0	0.0	0.0	0.0	0.0	0.0	0.0	0.0	0.0	0.0	0.0	0.0	0.0	0.0	0.0	0.0	0.0	0.0	0.0	0.0	0.0	0.0	0.0	0.0	0.0	0.0	0.0	0.0	0.0	0.0	0.0	0.0	0.0	0.0	0.0	0.0	0.0	0.0	0.0	0.0	0.0	0.0	0.0	0.0	0.0	0.0	0.0	0.0	0.0	0.0	0.0	0.0	0.0	0.0	0.0	0.0	0.0	0.0	0.0	0.0	0.0	0.0	0.0	0.0	0.0	0.0	0.0	0.0	0.0	0.0	0.0	0.0	0.0	0.0	0.0	0.0	0.0	0.0	0.0	0.0	0.0	0.0	0.0	0.0	0.0	0.0	0.0	0.0	0.0	0.0	0.0	0.0	0.0	0.0	0.0	0.0	0.0	0.0	0.0	0.0	0.0	0.0	0.0	0.0	0.0	0.0	0.0	0.0	0.0	0.0	0.0	0.0	0.0	0.0	0.0	0.0	0.0	0.0	0.0	0.0	0.0	0.0	0.0	0.0	0.0	0.0	0.0	0.0	0.0	0.0	0.0	0.0	0.0	0.0	0.0	0.0	0.0	0.0	0.0	0.0	0.0	0.0	0.0	0.0	0.0	0.0	0.0	0.0	0.0	0.0	0.0	0.0	0.0	0.0	0.0	0.0	0.0	0.0	0.0	0.0	0.0	0.0	0.0	0.0	0.0	0.0	0.0	0.0	0.0	0.0	0.0	0.0	0.0	0.0	0.0	0.0	0.0	0.0	0.0	0.0	0.0	0.0	0.0	0.0	0.0	0.0	0.0	0.0	0.0	0.0	0.0	0.0	0.0	0.0	0.0	0.0	0.0	0.0	0.0	0.0	0.0	0.0	0.0	0.0	0.0	0.0	0.0	0.0	0.0	0.0	0.0	0.0	0.0	0.0	0.0	0.0	0.0	0.0	0.0	0.0	0.0	0.0	0.0	0.0	0.0	0.0	0.0	0.0	0.0	0.0	0.0	0.0	0.0	0.0	0.0	0.0	0.0	0.0	0.0	0.0	0.0	0.0	0.0	0.0	0.0	0.0	0.0	0.0	0.0	0.0	0.0	0.0	0.0	0.0	0.0	0.0	0.0	0.0	0.0	0.0	0.0	0.0	0.0	0.0	0.0	0.0	0.0	0.0	0.0	0.0	0.0	0.0	0.0	0.0	0.0	0.0	0.0	0.0	0.0	0.0	0.0
0.0	0.0	0.0	0.0	0.0	0.0	0.0	0.0	0.0	0.0	0.0	0.0	0.0	0.0	0.0	0.0	0.0	0.0	0.0	0.0	0.0	0.0	0.0	0.0	0.0	0.0	0.0	0.0	0.0	0.0	0.0	0.0	0.0	0.0	0.0	0.0	0.0	0.0	0.0	0.0	0.0	0.0	0.0	0.0	0.0	0.0	0.0	0.0	0.0	0.0	0.0	0.0	0.0	0.0	0.0	0.0	0.0	0.0	0.0	0.0	0.0	0.0	0.0	0.0	0.0	0.0	0.0	0.0	0.0	0.0	0.0	0.0	0.0	0.0	0.0	0.0	0.0	0.0	0.0	0.0	0.0	0.0	0.0	0.0	0.0	0.0	0.0	0.0	0.0	0.0	0.0	0.0	0.0	0.0	0.0	0.0	0.0	0.0	0.0	0.0	0.0	0.0	0.0	0.0	0.0	0.0	0.0	0.0	0.0	0.0	0.0	0.0	0.0	0.0	0.0	0.0	0.0	0.0	0.0	0.0	0.0	0.0	0.0	0.0	0.0	0.0	0.0	0.0	0.0	0.0	0.0	0.0	0.0	0.0	0.0	0.0	0.0	0.0	0.0	0.0	0.0	0.0	0.0	0.0	0.0	0.0	0.0	0.0	0.0	0.0	0.0	0.0	0.0	0.0	0.0	0.0	0.0	0.0	0.0	0.0	0.0	0.0	0.0	0.0	0.0	0.0	0.0	0.0	0.0	0.0	0.0	0.0	0.0	0.0	0.0	0.0	0.0	0.0	0.0	0.0	0.0	0.0	0.0	0.0	0.0	0.0	0.0	0.0	0.0	0.0	0.0	0.0	0.0	0.0	0.0	0.0	0.0	0.0	0.0	0.0	0.0	0.0	0.0	0.0	0.0	0.0	0.0	0.0	0.0	0.0	0.0	0.0	0.0	0.0	0.0	0.0	0.0	0.0	0.0	0.0	0.0	0.0	0.0	0.0	0.0	0.0	0.0	0.0	0.0	0.0	0.0	0.0	0.0	0.0	0.0	0.0	0.0	0.0	0.0	0.0	0.0	0.0	0.0	0.0	0.0	0.0	0.0	0.0	0.0	0.0	0.0	0.0	0.0	0.0	0.0	0.0	0.0	0.0	0.0	0.0	0.0	0.0	0.0	0.0	0.0	0.0	0.0	0.0	0.0	0.0	0.0	0.0	0.0	0.0	0.0	0.0	0.0	0.0	0.0	0.0	0.0	0.0	0.0	0.0	0.0	0.0	0.0	0.0	0.0	0.0	0.0	0.0	0.0	0.0	0.0	0.0	0.0	0.0	0.0	0.0	0.0	0.0	0.0	0.0	0.0	0.0	0.0	0.0	0.0	0.0	0.0	0.0	0.0	0.0	0.0	0.0	0.0	0.0	0.0	0.0	0.0	0.0	0.0	0.0	0.0	0.0	0.0	0.0	0.0	0.0	0.0	0.0	0.0	0.0	0.0	0.0	0.0	0.0	0.0	0.0	0.0	0.0	0.0	0.0	0.0	0.0	0.0	0.0	0.0	0.0	0.0	0.0	0.0	0.0	0.0	0.0	0.0	0.0	0.0	0.0	0.0	0.0	0.0	0.0	0.0	0.0	0.0	0.0	0.0	0.0	0.0	0.0	0.0	0.0	0.0	0.0	0.0	0.0	0.0	0.0	0.0	0.0	0.0	0.0	0.0	0.0	0.0	0.0	0.0	0.0	0.0	0.0	0.0	0.0	0.0	0.0	0.0	0.0	0.0	0.0	0.0	0.0	0.0	0.0	0.0	0.0	0.0	0.0	0.0	0.0	0.0	0.0	0.0	0.0	0.0	0.0	0.0	0.0	0.0	0.0	0.0	0.0	0.0	0.0	0.0	0.0	0.0	0.0	0.0	0.0	0.0	0.0	0.0	0.0	0.0	0.0	0.0	0.0	0.0	0.0	0.0	0.0	0.0	0.0	0.0	0.0	0.0	0.0	0.0	0.0	0.0	0.0	0.0	0.0	0.0	0.0	0.0	0.0	0.0	0.0	0.0	0.0	0.0	0.0	0.0	0.0	0.0	0.0	0.0	0.0	0.0	0.0	0.0	0.0	0.0	0.0	0.0	0.0	0.0	0.0	0.0	0.0	0.0	0.0	0.0	0.0	0.0	0.0	0.0	0.0	0.0	0.0	0.0	0.0	0.0	0.0	0.0	0.0	0.0	0.0
0.0	0.0	0.0	0.0	0.0	0.0	0.0	0.0	0.0	0.0	0.0	0.0	0.0	0.0	0.0	0.0	0.0	0.0	0.0	0.0	0.0	0.0	0.0	0.0	0.0	0.0	0.0	0.0	0.0	0.0	0.0	0.0	0.0	0.0	0.0	0.0	0.0	0.0	0.0	0.0	0.0	0.0	0.0	0.0	0.0	0.0	0.0	0.0	0.0	0.0	0.0	0.0	0.0	0.0	0.0	0.0	0.0	0.0	0.0	0.0	0.0	0.0	0.0	0.0	0.0	0.0	0.0	0.0	0.0	0.0	0.0	0.0	0.0	0.0	0.0	0.0	0.0	0.0	0.0	0.0	0.0	0.0	0.0	0.0	0.0	0.0	0.0	0.0	0.0	0.0	0.0	0.0	0.0	0.0	0.0	0.0	0.0	0.0	0.0	0.0	0.0	0.0	0.0	0.0	0.0	0.0	0.0	0.0	0.0	0.0	0.0	0.0	0.0	0.0	0.0	0.0	0.0	0.0	0.0	0.0	0.0	0.0	0.0	0.0	0.0	0.0	0.0	0.0	0.0	0.0	0.0	0.0	0.0	0.0	0.0	0.0	0.0	0.0	0.0	0.0	0.0	0.0	0.0	0.0	0.0	0.0	0.0	0.0	0.0	0.0	0.0	0.0	0.0	0.0	0.0	0.0	0.0	0.0	0.0	0.0	0.0	0.0	0.0	0.0	0.0	0.0	0.0	0.0	0.0	0.0	0.0	0.0	0.0	0.0	0.0	0.0	0.0	0.0	0.0	0.0	0.0	0.0	0.0	0.0	0.0	0.0	0.0	0.0	0.0	0.0	0.0	0.0	0.0	0.0	0.0	0.0	0.0	0.0	0.0	0.0	0.0	0.0	0.0	0.0	0.0	0.0	0.0	0.0	0.0	0.0	0.0	0.0	0.0	0.0	0.0	0.0	0.0	0.0	0.0	0.0	0.0	0.0	0.0	0.0	0.0	0.0	0.0	0.0	0.0	0.0	0.0	0.0	0.0	0.0	0.0	0.0	0.0	0.0	0.0	0.0	0.0	0.0	0.0	0.0	0.0	0.0	0.0	0.0	0.0	0.0	0.0	0.0	0.0	0.0	0.0	0.0	0.0	0.0	0.0	0.0	0.0	0.0	0.0	0.0	0.0	0.0	0.0	0.0	0.0	0.0	0.0	0.0	0.0	0.0	0.0	0.0	0.0	0.0	0.0	0.0	0.0	0.0	0.0	0.0	0.0	0.0	0.0	0.0	0.0	0.0	0.0	0.0	0.0	0.0	0.0	0.0	0.0	0.0	0.0	0.0	0.0	0.0	0.0	0.0	0.0	0.0	0.0	0.0	0.0	0.0	0.0	0.0	0.0	0.0	0.0	0.0	0.0	0.0	0.0	0.0	0.0	0.0	0.0	0.0	0.0	0.0	0.0	0.0	0.0	0.0	0.0	0.0	0.0	0.0	0.0	0.0	0.0	0.0	0.0	0.0	0.0	0.0	0.0	0.0	0.0	0.0	0.0	0.0	0.0	0.0	0.0	0.0	0.0	0.0	0.0	0.0	0.0	0.0	0.0	0.0	0.0	0.0	0.0	0.0	0.0	0.0	0.0	0.0	0.0	0.0	0.0	0.0	0.0	0.0	0.0	0.0	0.0	0.0	0.0	0.0	0.0	0.0	0.0	0.0	0.0	0.0	0.0	0.0	0.0	0.0	0.0	0.0	0.0	0.0	0.0	0.0	0.0	0.0	0.0	0.0	0.0	0.0	0.0	0.0	0.0	0.0	0.0	0.0	0.0	0.0	0.0	0.0	0.0	0.0	0.0	0.0	0.0	0.0	0.0	0.0	0.0	0.0	0.0	0.0	0.0	0.0	0.0	0.0	0.0	0.0	0.0	0.0	0.0	0.0	0.0	0.0	0.0	0.0	0.0	0.0	0.0	0.0	0.0	0.0	0.0	0.0	0.0	0.0	0.0	0.0	0.0	0.0	0.0	0.0	0.0	0.0	0.0	0.0	0.0	0.0	0.0	0.0	0.0	0.0	0.0	0.0	0.0	0.0	0.0	0.0	0.0	0.0	0.0	0.0	0.0	0.0	0.0	0.0	0.0	0.0	0.0	0.0	0.0	0.0	0.0	0.0	0.0	0.0	0.0	0.0	0.0	0.0	0.0	0.0	0.0	0.0	0.0	0.0	0.0	0.0
0.0	0.0	0.0	0.0	0.0	0.0	0.0	0.0	0.0	0.0	0.0	0.0	0.0	0.0	0.0	0.0	0.0	0.0	0.0	0.0	0.0	0.0	0.0	0.0	0.0	0.0	0.0	0.0	0.0	0.0	0.0	0.0	0.0	0.0	0.0	0.0	0.0	0.0	0.0	0.0	0.0	0.0	0.0	0.0	0.0	0.0	0.0	0.0	0.0	0.0	0.0	0.0	0.0	0.0	0.0	0.0	0.0	0.0	0.0	0.0	0.0	0.0	0.0	0.0	0.0	0.0	0.0	0.0	0.0	0.0	0.0	0.0	0.0	0.0	0.0	0.0	0.0	0.0	0.0	0.0	0.0	0.0	0.0	0.0	0.0	0.0	0.0	0.0	0.0	0.0	0.0	0.0	0.0	0.0	0.0	0.0	0.0	0.0	0.0	0.0	0.0	0.0	0.0	0.0	0.0	0.0	0.0	0.0	0.0	0.0	0.0	0.0	0.0	0.0	0.0	0.0	0.0	0.0	0.0	0.0	0.0	0.0	0.0	0.0	0.0	0.0	0.0	0.0	0.0	0.0	0.0	0.0	0.0	0.0	0.0	0.0	0.0	0.0	0.0	0.0	0.0	0.0	0.0	0.0	0.0	0.0	0.0	0.0	0.0	0.0	0.0	0.0	0.0	0.0	0.0	0.0	0.0	0.0	0.0	0.0	0.0	0.0	0.0	0.0	0.0	0.0	0.0	0.0	0.0	0.0	0.0	0.0	0.0	0.0	0.0	0.0	0.0	0.0	0.0	0.0	0.0	0.0	0.0	0.0	0.0	0.0	0.0	0.0	0.0	0.0	0.0	0.0	0.0	0.0	0.0	0.0	0.0	0.0	0.0	0.0	0.0	0.0	0.0	0.0	0.0	0.0	0.0	0.0	0.0	0.0	0.0	0.0	0.0	0.0	0.0	0.0	0.0	0.0	0.0	0.0	0.0	0.0	0.0	0.0	0.0	0.0	0.0	0.0	0.0	0.0	0.0	0.0	0.0	0.0	0.0	0.0	0.0	0.0	0.0	0.0	0.0	0.0	0.0	0.0	0.0	0.0	0.0	0.0	0.0	0.0	0.0	0.0	0.0	0.0	0.0	0.0	0.0	0.0	0.0	0.0	0.0	0.0	0.0	0.0	0.0	0.0	0.0	0.0	0.0	0.0	0.0	0.0	0.0	0.0	0.0	0.0	0.0	0.0	0.0	0.0	0.0	0.0	0.0	0.0	0.0	0.0	0.0	0.0	0.0	0.0	0.0	0.0	0.0	0.0	0.0	0.0	0.0	0.0	0.0	0.0	0.0	0.0	0.0	0.0	0.0	0.0	0.0	0.0	0.0	0.0	0.0	0.0	0.0	0.0	0.0	0.0	0.0	0.0	0.0	0.0	0.0	0.0	0.0	0.0	0.0	0.0	0.0	0.0	0.0	0.0	0.0	0.0	0.0	0.0	0.0	0.0	0.0	0.0	0.0	0.0	0.0	0.0	0.0	0.0	0.0	0.0	0.0	0.0	0.0	0.0	0.0	0.0	0.0	0.0	0.0	0.0	0.0	0.0	0.0	0.0	0.0	0.0	0.0	0.0	0.0	0.0	0.0	0.0	0.0	0.0	0.0	0.0	0.0	0.0	0.0	0.0	0.0	0.0	0.0	0.0	0.0	0.0	0.0	0.0	0.0	0.0	0.0	0.0	0.0	0.0	0.0	0.0	0.0	0.0	0.0	0.0	0.0	0.0	0.0	0.0	0.0	0.0	0.0	0.0	0.0	0.0	0.0	0.0	0.0	0.0	0.0	0.0	0.0	0.0	0.0	0.0	0.0	0.0	0.0	0.0	0.0	0.0	0.0	0.0	0.0	0.0	0.0	0.0	0.0	0.0	0.0	0.0	0.0	0.0	0.0	0.0	0.0	0.0	0.0	0.0	0.0	0.0	0.0	0.0	0.0	0.0	0.0	0.0	0.0	0.0	0.0	0.0	0.0	0.0	0.0	0.0	0.0	0.0	0.0	0.0	0.0	0.0	0.0	0.0	0.0	0.0	0.0	0.0	0.0	0.0	0.0	0.0	0.0	0.0	0.0	0.0	0.0	0.0	0.0	0.0	0.0	0.0	0.0	0.0	0.0	0.0	0.0	0.0	0.0	0.0	0.0	0.0	0.0	0.0	0.0	0.0	0.0	0.0	0.0	0.0
1.1241436e-06	-1.2218952e-06	-5.722046e-07	-1.5306473e-06	-3.4093856e-07	-6.2823295e-07	-2.9599667e-06	1.1491776e-06	-8.070469e-07	-1.347065e-07	-7.9154967e-07	1.6677379e-06	-1.5854836e-07	-1.4984607e-06	-3.4821032e-06	3.6978722e-06	-6.0200693e-07	2.4473668e-06	-4.053116e-08	-1.0180473e-06	1.9335746e-06	-7.426739e-07	1.013279e-06	-1.8954277e-07	5.51939e-07	3.004074e-07	2.5498866e-06	-4.899502e-07	-1.13248824e-07	2.1457673e-08	-2.001524e-06	-3.7789346e-07	6.079674e-08	-1.4781952e-07	1.97649e-06	-1.3589859e-07	-1.3661385e-06	-1.989603e-06	-8.34465e-08	-3.3020973e-07	-1.8620491e-06	-1.5091896e-06	1.9669532e-07	2.7894973e-07	9.691715e-07	-3.1280517e-06	-3.4332277e-07	2.1457673e-08	2.7894973e-06	-1.8036366e-06	1.9276142e-06	7.5340273e-07	0.0	3.4093857e-06	-1.2946128e-06	8.3804133e-07	1.680851e-06	9.059906e-08	3.2782555e-07	1.4674664e-06	6.1392785e-07	2.2041797e-06	8.85725e-07	3.103018e-06	3.1232832e-07	-9.047985e-07	5.400181e-07	-1.0371208e-07	7.9631803e-07	-1.2385846e-06	9.155273e-07	-3.1614304e-06	-2.5212764e-06	6.914139e-07	-5.328655e-07	-1.809597e-06	-4.8470497e-06	6.9999696e-06	-1.795292e-06	-5.7935713e-06	4.005432e-07	2.6226044e-07	2.2041797e-06	-5.340576e-07	2.1266937e-06	-1.2362003e-06	-5.722046e-07	1.7082691e-06	-1.4543534e-07	4.8518183e-07	1.6999245e-06	3.9219856e-07	-2.2828578e-06	3.887415e-06	1.5258789e-07	0.0	-2.1851063e-06	2.9706955e-06	1.064539e-06	1.5735627e-07	1.8119812e-07	-8.738041e-07	3.874302e-07	-2.026558e-07	-1.3685226e-06	-2.4557113e-07	-5.00679e-08	-1.1098385e-06	-1.859665e-06	-1.6212464e-06	2.5868417e-07	-1.5926361e-06	7.4505806e-07	4.4703484e-07	-1.3589859e-07	-2.2768975e-06	-1.9669532e-07	-2.6595592e-06	2.207756e-06	1.4400482e-06	7.498264e-07	0.0	3.800392e-06	-8.773804e-07	9.417534e-08	-1.0824203e-06	5.2332877e-07	-3.0386448e-06	-6.198883e-08	1.4078618e-06	-4.6694277e-06	0.0	1.19996075e-05	-8.773804e-07	-2.0492078e-06	-1.2791156e-06	-4.1365624e-07	9.095669e-07	7.498264e-07	-1.3053417e-06	8.058548e-07	-8.940697e-08	-5.018711e-07	-4.3189525e-06	-1.4483928e-06	-8.08239e-07	4.5895575e-07	-7.843971e-07	-6.878376e-07	9.059906e-08	-2.7418137e-06	1.1742115e-06	-1.9073487e-07	3.0064582e-06	5.3799154e-06	-1.3315678e-06	1.1122227e-06	0.0	-1.2493133e-06	-3.181696e-06	-1.5497207e-08	2.219677e-06	-1.4066696e-06	4.2676925e-07	-1.2874604e-07	-7.0691107e-07	-7.462502e-07	-2.1457673e-08	-1.8239021e-07	-3.6036968e-06	-6.301403e-06	-1.3232232e-06	-4.6610833e-07	-2.0980835e-07	-1.6903878e-06	2.2006034e-06	1.718998e-06	-2.6988982e-06	1.552105e-06	-2.4473668e-06	-1.0383129e-06	-1.5223027e-06	-8.106232e-08	8.106232e-07	-1.6403199e-06	-2.0301343e-06	-9.4532965e-07	-2.7108192e-06	-3.080368e-06	1.2636185e-06	1.8000603e-07	-1.7631054e-06	3.8146972e-08	-4.1639805e-06	-6.294251e-07	-1.4770031e-06	9.822845e-07	-1.6510487e-06	1.77145e-06	1.9669532e-07	2.6106834e-06	1.2135506e-06	-1.6093254e-07	-2.1219253e-07	-7.212162e-07	1.3136864e-06	-1.7929077e-06	6.318092e-08	-1.0704994e-06	-4.0888787e-07	1.0120868e-06	-9.071827e-07	-1.5950203e-06	1.4162064e-06	-3.5643578e-07	-2.2172928e-07	-2.9492378e-06	-3.7431718e-07	-2.1100045e-06	-3.979206e-06	-2.69413e-07	-4.221201e-06	1.6975403e-06	3.1018258e-06	-1.8239021e-07	-1.4448166e-06	-2.5683641e-05	-3.659725e-07	-2.4294852e-06	-2.962351e-06	-2.081394e-06	1.2874604e-07	4.386902e-07	3.33786e-08	-2.9051305e-06	-1.4269352e-06	-5.65052e-07	-2.6226044e-07	1.2171269e-06	-5.590916e-07	-3.8039684e-06	0.0	-4.1139124e-06	-9.298324e-08	1.001358e-07	-2.0599366e-06	-9.620189e-07	2.1457672e-07	-2.3174287e-06	-3.0994414e-08	2.3543835e-06	-2.0384789e-07	5.3167344e-07	-5.4836274e-08	-1.4019013e-06	-1.629591e-06	-2.2745132e-06	-1.66893e-08	-5.2690507e-07	1.0347367e-06	-4.5466422e-06	5.5932996e-06	-1.4793873e-06	-5.364418e-08	-1.5485286e-06	-4.4465065e-07	-8.8214875e-08	-4.3213367e-06	-4.1759013e-06	-3.2365322e-06	-5.916357e-06	1.1873245e-06	3.194809e-07	2.503395e-08	1.0728836e-07	-1.5497207e-07	1.1503696e-06	-1.61767e-06	-5.9092044e-06	2.566576e-06	3.6633014e-06	4.5537948e-07	-2.0718574e-06	-9.059906e-08	6.275177e-06	1.1920929e-07	-1.6224384e-06	1.0931492e-06	6.9856645e-07	3.576279e-08	-1.7488003e-06	-5.030632e-07	0.0	-5.221367e-07	-8.7618827e-07	-3.71933e-06	-5.447865e-07	-8.571148e-07	2.026558e-08	2.1696092e-06	-2.3210048e-06	5.6982043e-07	4.2676925e-07	1.5175342e-06	-1.0824203e-06	-2.1266937e-06	6.2823295e-07	1.0275841e-06	3.8576127e-06	4.4822693e-07	-3.6013125e-06	-2.1409987e-06	-4.6014785e-07	4.887581e-08	-1.1742115e-06	1.0597706e-06	-2.0599366e-06	-8.583069e-08	-3.731251e-07	-1.1515617e-06	-2.7418137e-08	-3.7670137e-07	7.688999e-07	-4.529953e-08	-1.2302398e-06	3.218651e-08	-6.318092e-08	-2.260208e-06	-1.347065e-06	2.081394e-06	3.361702e-07	-3.33786e-08	-1.1408329e-06	-5.9247014e-07	-1.0669231e-06	1.0919571e-06	-2.0623207e-07	-3.5691262e-06	3.862381e-07	-9.536743e-08	-6.9141386e-08	-3.4570693e-08	-1.2779236e-06	-6.556511e-07	1.7356873e-06	9.572506e-07	-1.7523765e-06	2.7501583e-06	0.0	-1.3852119e-06	-5.9604646e-09	-1.1765957e-06	-9.441376e-07	1.1861324e-06	2.1660328e-06	-2.0647049e-06	-2.527237e-06	-2.5427341e-06	1.4853478e-06	-1.5544891e-06	2.82526e-07	7.271767e-08	-3.4701825e-06	-3.4832954e-06	-2.4449826e-06	7.176399e-07	-1.5497207e-08	-1.66893e-08	1.4400482e-06	-6.937981e-07	-1.2207031e-06	5.3346157e-06	-1.9085408e-06	-3.7431718e-07	-3.33786e-08	2.3388864e-06	-1.1110305e-06	2.2649765e-08	-2.0134448e-06	-5.424023e-07	-7.390976e-08	2.528429e-06	-7.760525e-07	-2.1421909e-06	-7.390976e-07	-2.539158e-07	-7.665157e-07	5.531311e-07	8.559227e-07	-1.090765e-06	-3.6489964e-06	2.8610229e-08	2.7656554e-07	-9.739399e-07	-2.7418137e-08	2.026558e-08	6.914139e-07	-1.3828277e-07	-8.8214875e-08	-1.0085106e-06	-4.3511392e-07	-3.181696e-06	-1.219511e-06	4.053116e-08	-1.1372566e-06	-8.451939e-07	0.0	-1.2993812e-06	-5.0544736e-07	-9.4532965e-07	-8.559227e-07	-3.2901764e-07	4.6491624e-07	1.2898445e-06	-1.1205673e-07	-3.451109e-06	2.515316e-06	-1.4317036e-06	2.551079e-07	1.3828277e-07	-3.4224986e-06	-1.2075901e-06	-6.556511e-07	-4.5657157e-07	-4.4345856e-07	-8.8214875e-08	1.6927719e-07	-6.7949294e-08	2.1100044e-07	2.709627e-06	1.9073486e-08	0.0	-5.2452087e-08	0.0	-1.2350082e-06	4.6372415e-07	-4.7683717e-08	1.411438e-06	6.744862e-06	-1.2397766e-06	4.7683715e-09	-1.5342235e-06	-5.3167344e-07	-6.4492224e-07	-1.0144711e-06	2.862215e-06	1.680851e-07	1.5830993e-06	2.539158e-07	-2.69413e-07	-1.4543534e-07	-3.6239624e-07	-7.784367e-07	-8.8214875e-08	5.00679e-07	6.437302e-07	-2.1982194e-06	-7.510185e-08	1.3834238e-06	-2.4616718e-06	8.08239e-07	-4.5466422e-06	3.20673e-07	-1.8393994e-06	-2.3019313e-06	-9.191036e-07	2.039671e-06	1.0919571e-06	1.4543533e-06	-5.424023e-07	-2.4080276e-07	9.584427e-06	4.28915e-06	-6.9856645e-07	-1.6450882e-07	-2.7298927e-07	-2.0849704e-06	-3.4451486e-07	-5.8412553e-07	-8.8214875e-07	7.402897e-07	-3.489256e-06	-2.0313264e-06	2.0503998e-07	-9.906292e-07	9.584427e-07	2.0503998e-07	-7.402897e-07	-2.2673607e-06	4.2676925e-07	-3.7360192e-06	-3.695488e-08	1.2159347e-07	-1.2993813e-07	-7.0285796e-06	-7.05719e-07	2.64287e-06	-7.867813e-07	-1.7237663e-06	-9.715557e-07
0.0	0.0	0.0	0.0	0.0	0.0	0.0	0.0	0.0	0.0	0.0	0.0	0.0	0.0	0.0	0.0	0.0	0.0	0.0	0.0	0.0	0.0	0.0	0.0	0.0	0.0	0.0	0.0	0.0	0.0	0.0	0.0	0.0	0.0	0.0	0.0	0.0	0.0	0.0	0.0	0.0	0.0	0.0	0.0	0.0	0.0	0.0	0.0	0.0	0.0	0.0	0.0	0.0	0.0	0.0	0.0	0.0	0.0	0.0	0.0	0.0	0.0	0.0	0.0	0.0	0.0	0.0	0.0	0.0	0.0	0.0	0.0	0.0	0.0	0.0	0.0	0.0	0.0	0.0	0.0	0.0	0.0	0.0	0.0	0.0	0.0	0.0	0.0	0.0	0.0	0.0	0.0	0.0	0.0	0.0	0.0	0.0	0.0	0.0	0.0	0.0	0.0	0.0	0.0	0.0	0.0	0.0	0.0	0.0	0.0	0.0	0.0	0.0	0.0	0.0	0.0	0.0	0.0	0.0	0.0	0.0	0.0	0.0	0.0	0.0	0.0	0.0	0.0	0.0	0.0	0.0	0.0	0.0	0.0	0.0	0.0	0.0	0.0	0.0	0.0	0.0	0.0	0.0	0.0	0.0	0.0	0.0	0.0	0.0	0.0	0.0	0.0	0.0	0.0	0.0	0.0	0.0	0.0	0.0	0.0	0.0	0.0	0.0	0.0	0.0	0.0	0.0	0.0	0.0	0.0	0.0	0.0	0.0	0.0	0.0	0.0	0.0	0.0	0.0	0.0	0.0	0.0	0.0	0.0	0.0	0.0	0.0	0.0	0.0	0.0	0.0	0.0	0.0	0.0	0.0	0.0	0.0	0.0	0.0	0.0	0.0	0.0	0.0	0.0	0.0	0.0	0.0	0.0	0.0	0.0	0.0	0.0	0.0	0.0	0.0	0.0	0.0	0.0	0.0	0.0	0.0	0.0	0.0	0.0	0.0	0.0	0.0	0.0	0.0	0.0	0.0	0.0	0.0	0.0	0.0	0.0	0.0	0.0	0.0	0.0	0.0	0.0	0.0	0.0	0.0	0.0	0.0	0.0	0.0	0.0	0.0	0.0	0.0	0.0	0.0	0.0	0.0	0.0	0.0	0.0	0.0	0.0	0.0	0.0	0.0	0.0	0.0	0.0	0.0	0.0	0.0	0.0	0.0	0.0	0.0	0.0	0.0	0.0	0.0	0.0	0.0	0.0	0.0	0.0	0.0	0.0	0.0	0.0	0.0	0.0	0.0	0.0	0.0	0.0	0.0	0.0	0.0	0.0	0.0	0.0	0.0	0.0	0.0	0.0	0.0	0.0	0.0	0.0	0.0	0.0	0.0	0.0	0.0	0.0	0.0	0.0	0.0	0.0	0.0	0.0	0.0	0.0	0.0	0.0	0.0	0.0	0.0	0.0	0.0	0.0	0.0	0.0	0.0	0.0	0.0	0.0	0.0	0.0	0.0	0.0	0.0	0.0	0.0	0.0	0.0	0.0	0.0	0.0	0.0	0.0	0.0	0.0	0.0	0.0	0.0	0.0	0.0	0.0	0.0	0.0	0.0	0.0	0.0	0.0	0.0	0.0	0.0	0.0	0.0	0.0	0.0	0.0	0.0	0.0	0.0	0.0	0.0	0.0	0.0	0.0	0.0	0.0	0.0	0.0	0.0	0.0	0.0	0.0	0.0	0.0	0.0	0.0	0.0	0.0	0.0	0.0	0.0	0.0	0.0	0.0	0.0	0.0	0.0	0.0	0.0	0.0	0.0	0.0	0.0	0.0	0.0	0.0	0.0	0.0	0.0	0.0	0.0	0.0	0.0	0.0	0.0	0.0	0.0	0.0	0.0	0.0	0.0	0.0	0.0	0.0	0.0	0.0	0.0	0.0	0.0	0.0	0.0	0.0	0.0	0.0	0.0	0.0	0.0	0.0	0.0	0.0	0.0	0.0	0.0	0.0	0.0	0.0	0.0	0.0	0.0	0.0	0.0	0.0	0.0	0.0	0.0	0.0	0.0	0.0	0.0	0.0	0.0	0.0	0.0	0.0	0.0	0.0	0.0	0.0	0.0	0.0	0.0	0.0	0.0	0.0	0.0	0.0	0.0	0.0	0.0	0.0	0.0	0.0	0.0	0.0	0.0	0.0	0.0	0.0	0.0	0.0	0.0	0.0	0.0	0.0
0.0	0.0	0.0	0.0	0.0	0.0	0.0	0.0	0.0	0.0	0.0	0.0	0.0	0.0	0.0	0.0	0.0	0.0	0.0	0.0	0.0	0.0	0.0	0.0	0.0	0.0	0.0	0.0	0.0	0.0	0.0	0.0	0.0	0.0	0.0	0.0	0.0	0.0	0.0	0.0	0.0	0.0	0.0	0.0	0.0	0.0	0.0	0.0	0.0	0.0	0.0	0.0	0.0	0.0	0.0	0.0	0.0	0.0	0.0	0.0	0.0	0.0	0.0	0.0	0.0	0.0	0.0	0.0	0.0	0.0	0.0	0.0	0.0	0.0	0.0	0.0	0.0	0.0	0.0	0.0	0.0	0.0	0.0	0.0	0.0	0.0	0.0	0.0	0.0	0.0	0.0	0.0	0.0	0.0	0.0	0.0	0.0	0.0	0.0	0.0	0.0	0.0	0.0	0.0	0.0	0.0	0.0	0.0	0.0	0.0	0.0	0.0	0.0	0.0	0.0	0.0	0.0	0.0	0.0	0.0	0.0	0.0	0.0	0.0	0.0	0.0	0.0	0.0	0.0	0.0	0.0	0.0	0.0	0.0	0.0	0.0	0.0	0.0	0.0	0.0	0.0	0.0	0.0	0.0	0.0	0.0	0.0	0.0	0.0	0.0	0.0	0.0	0.0	0.0	0.0	0.0	0.0	0.0	0.0	0.0	0.0	0.0	0.0	0.0	0.0	0.0	0.0	0.0	0.0	0.0	0.0	0.0	0.0	0.0	0.0	0.0	0.0	0.0	0.0	0.0	0.0	0.0	0.0	0.0	0.0	0.0	0.0	0.0	0.0	0.0	0.0	0.0	0.0	0.0	0.0	0.0	0.0	0.0	0.0	0.0	0.0	0.0	0.0	0.0	0.0	0.0	0.0	0.0	0.0	0.0	0.0	0.0	0.0	0.0	0.0	0.0	0.0	0.0	0.0	0.0	0.0	0.0	0.0	0.0	0.0	0.0	0.0	0.0	0.0	0.0	0.0	0.0	0.0	0.0	0.0	0.0	0.0	0.0	0.0	0.0	0.0	0.0	0.0	0.0	0.0	0.0	0.0	0.0	0.0	0.0	0.0	0.0	0.0	0.0	0.0	0.0	0.0	0.0	0.0	0.0	0.0	0.0	0.0	0.0	0.0	0.0	0.0	0.0	0.0	0.0	0.0	0.0	0.0	0.0	0.0	0.0	0.0	0.0	0.0	0.0	0.0	0.0	0.0	0.0	0.0	0.0	0.0	0.0	0.0	0.0	0.0	0.0	0.0	0.0	0.0	0.0	0.0	0.0	0.0	0.0	0.0	0.0	0.0	0.0	0.0	0.0	0.0	0.0	0.0	0.0	0.0	0.0	0.0	0.0	0.0	0.0	0.0	0.0	0.0	0.0	0.0	0.0	0.0	0.0	0.0	0.0	0.0	0.0	0.0	0.0	0.0	0.0	0.0	0.0	0.0	0.0	0.0	0.0	0.0	0.0	0.0	0.0	0.0	0.0	0.0	0.0	0.0	0.0	0.0	0.0	0.0	0.0	0.0	0.0	0.0	0.0	0.0	0.0	0.0	0.0	0.0	0.0	0.0	0.0	0.0	0.0	0.0	0.0	0.0	0.0	0.0	0.0	0.0	0.0	0.0	0.0	0.0	0.0	0.0	0.0	0.0	0.0	0.0	0.0	0.0	0.0	0.0	0.0	0.0	0.0	0.0	0.0	0.0	0.0	0.0	0.0	0.0	0.0	0.0	0.0	0.0	0.0	0.0	0.0	0.0	0.0	0.0	0.0	0.0	0.0	0.0	0.0	0.0	0.0	0.0	0.0	0.0	0.0	0.0	0.0	0.0	0.0	0.0	0.0	0.0	0.0	0.0	0.0	0.0	0.0	0.0	0.0	0.0	0.0	0.0	0.0	0.0	0.0	0.0	0.0	0.0	0.0	0.0	0.0	0.0	0.0	0.0	0.0	0.0	0.0	0.0	0.0	0.0	0.0	0.0	0.0	0.0	0.0	0.0	0.0	0.0	0.0	0.0	0.0	0.0	0.0	0.0	0.0	0.0	0.0	0.0	0.0	0.0	0.0	0.0	0.0	0.0	0.0	0.0	0.0	0.0	0.0	0.0	0.0	0.0	0.0	0.0	0.0	0.0	0.0	0.0	0.0	0.0	0.0	0.0	0.0	0.0	0.0	0.0	0.0
0.0	0.0	0.0	0.0	0.0	0.0	0.0	0.0	0.0	0.0	0.0	0.0	0.0	0.0	0.0	0.0	0.0	0.0	0.0	0.0	0.0	0.0	0.0	0.0	0.0	0.0	0.0	0.0	0.0	0.0	0.0	0.0	0.0	0.0	0.0	0.0	0.0	0.0	0.0	0.0	0.0	0.0	0.0	0.0	0.0	0.0	0.0	0.0	0.0	0.0	0.0	0.0	0.0	0.0	0.0	0.0	0.0	0.0	0.0	0.0	0.0	0.0	0.0	0.0	0.0	0.0	0.0	0.0	0.0	0.0	0.0	0.0	0.0	0.0	0.0	0.0	0.0	0.0	0.0	0.0	0.0	0.0	0.0	0.0	0.0	0.0	0.0	0.0	0.0	0.0	0.0	0.0	0.0	0.0	0.0	0.0	0.0	0.0	0.0	0.0	0.0	0.0	0.0	0.0	0.0	0.0	0.0	0.0	0.0	0.0	0.0	0.0	0.0	0.0	0.0	0.0	0.0	0.0	0.0	0.0	0.0	0.0	0.0	0.0	0.0	0.0	0.0	0.0	0.0	0.0	0.0	0.0	0.0	0.0	0.0	0.0	0.0	0.0	0.0	0.0	0.0	0.0	0.0	0.0	0.0	0.0	0.0	0.0	0.0	0.0	0.0	0.0	0.0	0.0	0.0	0.0	0.0	0.0	0.0	0.0	0.0	0.0	0.0	0.0	0.0	0.0	0.0	0.0	0.0	0.0	0.0	0.0	0.0	0.0	0.0	0.0	0.0	0.0	0.0	0.0	0.0	0.0	0.0	0.0	0.0	0.0	0.0	0.0	0.0	0.0	0.0	0.0	0.0	0.0	0.0	0.0	0.0	0.0	0.0	0.0	0.0	0.0	0.0	0.0	0.0	0.0	0.0	0.0	0.0	0.0	0.0	0.0	0.0	0.0	0.0	0.0	0.0	0.0	0.0	0.0	0.0	0.0	0.0	0.0	0.0	0.0	0.0	0.0	0.0	0.0	0.0	0.0	0.0	0.0	0.0	0.0	0.0	0.0	0.0	0.0	0.0	0.0	0.0	0.0	0.0	0.0	0.0	0.0	0.0	0.0	0.0	0.0	0.0	0.0	0.0	0.0	0.0	0.0	0.0	0.0	0.0	0.0	0.0	0.0	0.0	0.0	0.0	0.0	0.0	0.0	0.0	0.0	0.0	0.0	0.0	0.0	0.0	0.0	0.0	0.0	0.0	0.0	0.0	0.0	0.0	0.0	0.0	0.0	0.0	0.0	0.0	0.0	0.0	0.0	0.0	0.0	0.0	0.0	0.0	0.0	0.0	0.0	0.0	0.0	0.0	0.0	0.0	0.0	0.0	0.0	0.0	0.0	0.0	0.0	0.0	0.0	0.0	0.0	0.0	0.0	0.0	0.0	0.0	0.0	0.0	0.0	0.0	0.0	0.0	0.0	0.0	0.0	0.0	0.0	0.0	0.0	0.0	0.0	0.0	0.0	0.0	0.0	0.0	0.0	0.0	0.0	0.0	0.0	0.0	0.0	0.0	0.0	0.0	0.0	0.0	0.0	0.0	0.0	0.0	0.0	0.0	0.0	0.0	0.0	0.0	0.0	0.0	0.0	0.0	0.0	0.0	0.0	0.0	0.0	0.0	0.0	0.0	0.0	0.0	0.0	0.0	0.0	0.0	0.0	0.0	0.0	0.0	0.0	0.0	0.0	0.0	0.0	0.0	0.0	0.0	0.0	0.0	0.0	0.0	0.0	0.0	0.0	0.0	0.0	0.0	0.0	0.0	0.0	0.0	0.0	0.0	0.0	0.0	0.0	0.0	0.0	0.0	0.0	0.0	0.0	0.0	0.0	0.0	0.0	0.0	0.0	0.0	0.0	0.0	0.0	0.0	0.0	0.0	0.0	0.0	0.0	0.0	0.0	0.0	0.0	0.0	0.0	0.0	0.0	0.0	0.0	0.0	0.0	0.0	0.0	0.0	0.0	0.0	0.0	0.0	0.0	0.0	0.0	0.0	0.0	0.0	0.0	0.0	0.0	0.0	0.0	0.0	0.0	0.0	0.0	0.0	0.0	0.0	0.0	0.0	0.0	0.0	0.0	0.0	0.0	0.0	0.0	0.0	0.0	0.0	0.0	0.0	0.0	0.0	0.0	0.0	0.0	0.0	0.0	0.0	0.0	0.0	0.0	0.0	0.0
-6.1171743e-21	1.470752e-21	-3.8962274e-22	-3.4527306e-21	-3.7552553e-22	-1.8162998e-20	-3.360448e-20	-3.3001256e-20	-2.8183905e-21	4.0242648e-21	-9.3757594e-21	-2.18812e-20	-8.483606e-22	-4.2755435e-21	-1.49516e-20	-1.8187244e-20	-7.1224593e-22	-3.2625677e-20	4.4970603e-21	-1.6739509e-21	-1.8575549e-20	1.6253272e-22	-2.1246181e-20	-2.3553823e-21	1.1511996e-21	-7.518919e-21	-1.6838714e-20	-2.5277171e-21	-4.003879e-21	-1.0287562e-21	6.113423e-22	-2.4122236e-20	1.9807668e-21	-4.0588844e-21	-3.1566505e-20	-2.8281699e-21	-4.268157e-20	-4.838719e-21	-3.259133e-21	5.8311063e-22	-2.4715187e-20	-4.6241173e-21	-6.864164e-21	1.3452025e-23	-1.6787713e-20	-1.3908401e-21	-2.1948375e-20	2.0810354e-21	5.5867367e-22	-1.4185874e-20	-3.5353118e-20	-1.4586999e-21	-4.0216528e-21	1.4074478e-23	-2.0045337e-21	-2.468957e-20	4.7130724e-21	-3.1681369e-21	-1.554576e-20	-4.696562e-20	-3.1806707e-20	-4.7267908e-20	7.2407546e-21	-3.1532487e-20	-7.584313e-20	-4.7113086e-21	-1.9192453e-20	-4.923689e-21	-2.353836e-20	-1.5472509e-20	1.5358676e-22	-1.1477563e-20	-8.707701e-21	-2.3830245e-20	-2.5968699e-20	-6.730314e-21	-8.8783985e-21	-2.1623918e-20	-2.4307714e-20	-1.357333e-20	2.4618012e-21	-5.1085896e-20	-1.118402e-20	-2.9549248e-21	-1.3771504e-20	-1.29098636e-20	-1.8509951e-20	-4.9048485e-20	-3.515042e-22	-1.7831704e-20	4.262793e-22	-1.5443359e-21	-1.7595526e-20	-2.6615021e-20	1.1239772e-21	-1.2632475e-21	5.7055154e-21	-2.7130875e-20	4.784119e-21	-4.6037845e-20	1.6233235e-20	-4.518168e-21	-2.5697952e-20	4.3619197e-21	-1.792019e-20	-1.4810667e-20	-7.9814866e-22	-2.9482782e-20	-7.08395e-21	-1.00145044e-20	-2.9303493e-21	-1.3018607e-20	-4.0213983e-21	-8.367795e-21	-1.14416285e-20	-1.0666689e-20	-1.7275924e-20	-3.4312835e-20	-3.062635e-20	-3.232568e-20	3.5015815e-21	-3.774905e-21	1.1300858e-21	-7.850244e-21	-4.7077805e-21	-1.8807186e-20	-7.423723e-21	-1.3540117e-20	-1.5813522e-21	-6.1243915e-21	-2.1920848e-20	-9.368523e-22	-2.581304e-21	-4.1786042e-21	-2.613585e-20	-3.0654031e-21	-1.2742862e-21	-2.1860455e-20	5.058809e-22	-2.6272741e-20	1.1180297e-21	-3.350655e-20	-1.0781534e-20	-2.972466e-20	-3.761004e-20	-1.7653296e-21	-1.6038883e-20	-2.7296847e-20	-1.2188467e-20	-1.2437963e-21	-5.0049804e-22	-2.4242996e-20	-2.4981392e-21	-2.203458e-21	-9.663517e-22	-3.490152e-21	-3.7398403e-20	-3.1345533e-21	-5.371378e-20	1.080887e-20	-1.9508166e-21	-1.6715169e-21	-1.7423356e-20	-1.3037097e-20	-2.1327364e-21	-2.81895e-20	-5.89226e-21	-4.1395013e-22	-6.41096e-21	-1.715515e-20	-2.4961813e-20	-3.757185e-21	-3.8889174e-21	1.5021393e-22	-8.4297564e-21	-2.307353e-20	-2.4258062e-20	-9.410131e-21	-5.8510905e-20	-1.7883984e-20	-2.7018904e-21	-4.6097163e-20	0.0	1.6319012e-21	-2.5453284e-20	-3.297886e-20	-1.6886684e-20	-5.3735236e-20	-6.958104e-21	-5.59896e-21	-4.3598788e-21	-4.9249053e-21	2.28477e-21	-4.4946762e-20	-7.3947855e-21	-4.403773e-21	-4.505368e-20	-2.5262886e-20	-5.1578434e-20	-2.8915333e-20	-1.1689108e-20	-5.9969124e-21	-2.239881e-22	-5.2847123e-21	-9.158589e-21	-2.0822611e-20	-3.1052628e-20	-2.8107387e-20	-6.1718016e-23	-2.7897984e-20	-1.640667e-20	-1.6056241e-20	-4.2624766e-20	-3.97689e-21	-2.113024e-20	-4.8807986e-20	-1.06602926e-20	-3.2543973e-21	-1.1898789e-20	-4.649488e-20	-1.3197211e-21	-2.1524475e-20	4.595201e-21	-4.465685e-20	-1.7091248e-21	-1.24514876e-20	-1.23223626e-20	-4.025055e-21	-3.4315814e-20	-1.23481045e-20	-5.4884804e-20	-1.8158846e-20	2.0610962e-21	-2.6564285e-21	-2.813057e-20	-3.608112e-21	-2.7895446e-21	-1.6730535e-21	-4.625268e-20	9.5227124e-21	-2.0431112e-20	-1.0918764e-21	-6.205674e-22	-3.4687147e-20	-1.7547386e-20	-2.940859e-20	-1.5720216e-21	-3.8380088e-20	5.2268965e-21	-9.650861e-22	-4.7143976e-20	4.235723e-22	-3.5946374e-22	-9.059249e-21	1.887378e-22	-2.4659e-20	-2.6485562e-20	-2.1545988e-23	-3.3189588e-21	-2.2941483e-21	-1.1025162e-20	-4.9364733e-21	-1.8941778e-20	-1.2379333e-20	-9.6380355e-21	6.4921973e-21	-2.4513912e-22	-1.4132802e-20	-3.343145e-20	-2.9771025e-20	-1.3919443e-20	-2.905146e-20	-6.6794875e-21	-6.687716e-21	-2.5034214e-20	-1.981234e-21	-2.6278123e-21	-8.793631e-21	-9.510366e-21	-3.653561e-20	-1.5515188e-20	-1.13020975e-20	-8.443246e-21	-4.330516e-21	5.8028785e-23	-5.6628227e-21	4.9607057e-22	-1.0509611e-20	-2.594892e-20	1.5802893e-21	-3.7102673e-20	-7.903492e-21	-1.5402083e-21	-8.772041e-21	-1.9173368e-20	-1.5946053e-20	-8.3224855e-21	-2.4279633e-21	2.13814e-20	3.7214048e-21	-1.7964036e-20	-1.3728385e-20	-8.694485e-21	-1.12202236e-20	-2.5714493e-20	-9.556974e-21	-3.55418e-20	-1.0260669e-20	7.370717e-21	-2.7077856e-20	-1.2152332e-20	-5.301469e-20	-1.1631731e-21	-1.3014033e-22	-8.407482e-21	-2.5724269e-20	5.8500693e-22	5.99038e-22	-4.1817764e-21	-2.780867e-20	-1.3370547e-22	-1.5013373e-20	-3.17132e-20	-8.4396454e-21	-1.7196775e-20	-1.6092406e-21	1.4147276e-20	-2.2486818e-20	-1.1003626e-20	-4.7372945e-21	4.1554533e-21	2.51161e-22	-7.025915e-21	-1.9686216e-21	-1.03749686e-20	-8.712168e-21	6.480652e-21	-4.071559e-20	2.1667273e-21	-5.524181e-21	-7.4554616e-22	-2.8345908e-21	-1.1806976e-20	-3.0994459e-22	-3.925973e-20	4.1067657e-22	-1.3804166e-20	-2.1020498e-20	-6.496821e-22	-2.1784469e-20	3.240003e-20	-3.130877e-20	1.7439863e-21	-1.758304e-20	3.078973e-21	-9.968126e-21	-2.8566434e-20	-1.9338462e-20	-2.6095104e-20	-8.2056196e-21	-2.8014055e-20	-6.749825e-21	-1.29115405e-20	-2.5364182e-20	-1.8173911e-20	-3.0399107e-20	-5.8862463e-21	-3.9682253e-21	-9.831062e-22	-1.14982306e-20	-2.5937867e-20	-4.6795057e-22	-3.4332568e-21	-6.0145627e-21	-3.527222e-21	-4.5343913e-21	-2.2967372e-21	-4.1514748e-22	2.4110598e-21	9.576473e-21	-4.0500374e-21	4.5755887e-21	-2.6994264e-20	-2.4860692e-20	-1.3501637e-20	8.914608e-22	-1.6289637e-20	-6.507558e-21	-4.1363787e-22	-2.8469448e-21	-1.2489153e-20	7.060071e-21	-5.928846e-21	-7.070667e-21	-2.6574666e-21	-2.0975356e-21	-7.797209e-21	-1.5724993e-21	-1.5717838e-21	-5.3635962e-21	-2.6714604e-21	-2.0169898e-20	4.876848e-21	-2.8834068e-22	-4.7287127e-20	-5.9754473e-21	-2.1610756e-21	-3.1943876e-21	-1.8672257e-21	-2.505465e-20	-2.683524e-20	-1.6852159e-20	2.9672396e-21	-3.9324312e-20	-8.290273e-22	-6.815679e-21	-1.4728418e-20	-1.0100144e-21	-3.4128503e-20	-3.6367325e-20	-2.5395707e-20	-1.8010515e-20	-1.9190385e-20	1.6866254e-21	-2.8433506e-22	-5.9235023e-22	-1.8442674e-21	-4.524678e-23	-3.630217e-20	-2.2628258e-20	2.2796912e-21	0.0	-3.2525444e-21	8.58783e-22	-2.1410719e-20	-2.6876526e-21	-3.05374e-21	-8.912861e-21	-2.2274032e-20	-1.7779936e-21	4.895923e-21	-2.5583679e-20	4.346793e-21	1.0603498e-20	-2.7517177e-21	-5.9259665e-20	-2.4482272e-21	2.7464464e-21	-4.0704443e-21	-4.912708e-22	-3.25667e-21	-1.0729519e-20	-6.626852e-21	-1.5317273e-20	-1.9033759e-20	-1.29147644e-20	-1.7374974e-20	-5.0964334e-21	-1.7885444e-21	-2.2144775e-20	3.424441e-21	-1.3336058e-20	-3.0251504e-20	-8.582363e-21	2.2541168e-21	3.8102214e-22	-3.2625245e-22	-2.9787872e-20	-2.0860647e-20	-1.588449e-20	-5.8313422e-21	-1.366825e-21	-4.3243783e-21	-1.0656194e-20	4.402503e-22	-1.5351348e-20	-3.3288207e-20	2.7967245e-21	-1.6530212e-21	-2.40168e-20	-4.4940904e-20	-2.7501894e-20	-1.4910948e-20	-2.533828e-20	-8.362432e-20	2.1504483e-21	4.1603857e-21	-9.305383e-21	-9.314825e-21	-1.8171297e-22	-1.4651556e-20	-1.0011636e-21	-9.092522e-21	-2.6855576e-21	6.858339e-21	3.4477715e-22	-1.3364176e-20	-2.6758465e-22	-2.5152199e-20	-1.30313064e-20
7.829285e-09	3.4458025e-10	-2.2582254e-09	-3.4164042e-08	-1.7959579e-08	-2.4735192e-08	-4.5245166e-08	-6.4348434e-08	-1.4204307e-09	-2.3351867e-09	2.7231364e-09	-1.8076484e-07	2.252285e-08	2.8630424e-08	-3.7901826e-10	-1.0134618e-08	-5.125503e-10	-1.3079325e-07	-2.8630675e-08	-7.3628508e-09	-1.4702246e-07	-6.447958e-09	-9.228057e-08	-1.9165777e-08	3.7907055e-09	-1.4360012e-10	-1.4918297e-07	0.0	5.384363e-09	1.0767098e-09	-1.27509745e-08	-5.419396e-08	-4.9762445e-08	-5.289553e-09	-1.694968e-07	-4.058161e-08	-6.3677575e-08	-4.873714e-09	-2.943216e-09	-3.965869e-08	-3.2646795e-08	4.563708e-10	-8.659445e-09	-2.0930337e-09	-2.0091707e-07	-4.3536314e-08	-2.2185972e-08	4.6789457e-09	1.4732855e-08	-3.9302837e-08	-4.1083794e-08	-3.797777e-09	6.0386083e-09	3.6442543e-10	-2.6038425e-09	-2.6055181e-08	-5.8514886e-09	-5.7787473e-09	-2.5471437e-08	-1.5100964e-07	-8.829955e-08	-4.4331397e-08	1.1604616e-08	-1.3464687e-07	-2.0203416e-08	-1.2795936e-08	-1.1166137e-07	-4.3864105e-08	5.0935203e-09	-1.8942787e-08	-3.8139774e-08	-3.631711e-08	-4.959984e-09	-3.4646337e-08	-2.2547288e-08	-1.6894137e-09	-4.3538013e-09	-2.636777e-08	-1.8786572e-08	-2.3893609e-08	2.9908236e-08	-4.902761e-08	-6.5848873e-09	-1.0941317e-08	-6.743343e-08	-3.0570703e-08	-9.03994e-09	-1.13947046e-07	-7.097824e-09	-5.750413e-08	-6.40634e-09	-4.1796375e-09	-1.1952907e-08	-4.8150326e-08	-8.575748e-09	0.0	-3.032038e-08	-1.2454765e-07	9.667792e-10	-9.268588e-08	-9.043493e-08	-9.572814e-09	-6.034648e-08	9.5569705e-11	-1.7939652e-08	-2.3846951e-08	6.5163293e-09	-1.4372622e-08	-3.0749973e-08	1.8793953e-08	1.921444e-10	-4.655535e-09	-4.3389217e-09	-3.0110968e-08	-1.4070265e-08	-1.3797653e-08	-1.2509654e-08	-7.10167e-08	-8.604973e-08	-8.0525226e-08	-3.3350944e-09	6.041919e-09	4.860799e-09	-1.4507532e-08	2.1106535e-08	-2.4808447e-08	-2.2754062e-08	-2.654648e-08	-1.3743147e-09	-4.0264144e-08	-3.81606e-08	-5.567381e-10	-1.1992202e-08	-4.8951962e-09	-3.7624623e-08	-3.9233783e-10	-6.4469534e-11	-1.6676381e-08	7.2509376e-09	-2.3242096e-08	-5.789025e-09	-2.7776878e-08	1.2962164e-09	-3.4559616e-08	-4.3144638e-08	-1.7833559e-08	-9.601445e-09	-3.71196e-08	-1.942959e-08	8.841648e-09	-3.1380317e-08	-3.249771e-08	1.4020451e-09	-5.6913205e-08	-4.0317127e-09	-9.27364e-09	-8.179416e-08	-3.650007e-09	-5.10877e-08	-7.316803e-08	2.8652403e-09	7.655663e-09	-1.9504933e-08	-6.2761046e-10	8.193183e-10	-3.0757704e-08	-1.1589204e-08	1.360222e-09	-9.9835145e-09	-2.4301425e-08	-2.6003153e-08	-1.3573753e-10	-2.1047755e-09	1.1061775e-09	-1.2959436e-09	-7.107813e-08	-9.457624e-08	1.6255126e-09	-4.3056648e-08	-3.3527976e-09	-9.970731e-09	-6.1255655e-08	-1.2711961e-09	-6.0751515e-10	-2.1544775e-08	-3.7103536e-08	-4.5671456e-08	-2.1660561e-08	-1.4479242e-08	-1.148408e-08	8.8294705e-09	-3.0503542e-09	-1.7360571e-09	-2.4634518e-08	-1.9838286e-08	-3.3360216e-08	-7.140632e-08	-1.4736597e-08	-1.3117307e-07	-5.3608616e-08	-9.8057173e-11	-2.2234108e-08	5.5405963e-10	-2.7051705e-08	-1.6785474e-08	-1.4287383e-07	-4.476557e-08	-2.7878354e-08	-6.326477e-09	-1.3234162e-08	3.7227392e-09	-6.50918e-08	-4.5708035e-08	-1.6359463e-08	-1.4712896e-10	-4.784711e-08	-1.9007825e-08	-4.8837228e-09	-2.8772087e-08	-6.252814e-08	1.2565124e-09	-2.3969584e-08	7.871313e-10	-1.9571658e-08	2.6795538e-08	-1.8104055e-08	-3.130273e-08	1.0382223e-08	-3.8478184e-08	-3.7042888e-08	-3.3823525e-08	-1.3620156e-08	-6.9327823e-09	-6.793316e-09	-3.2927304e-08	-1.6039047e-08	-5.4942255e-09	-9.099949e-11	-8.656487e-08	-4.891126e-09	-1.23395605e-08	-6.7071143e-10	1.1270699e-08	-1.7696912e-08	-3.607611e-08	-4.411322e-08	4.748076e-09	-1.4425118e-08	-2.2666882e-09	6.8252803e-09	-2.3689267e-08	-8.9994046e-10	-1.3540079e-08	-1.4216858e-09	-2.8947442e-09	-1.4945513e-08	-6.864978e-08	-1.946637e-09	-1.446133e-09	-1.4999268e-08	-1.2472742e-08	-1.3027611e-08	-7.526357e-08	-2.9180628e-08	-7.7194273e-10	-2.549391e-09	1.2928467e-11	-4.7135035e-08	-4.9087138e-08	-4.0708677e-08	-7.005817e-08	-2.7426871e-08	9.616496e-10	9.002187e-09	2.881834e-09	-1.0252686e-07	-2.7913302e-10	-1.974629e-08	-2.872976e-08	-5.724678e-08	-6.855355e-08	3.3557466e-08	-1.7905808e-08	9.910991e-10	-1.7705133e-10	-1.8672062e-09	-4.525973e-09	-8.676943e-10	-2.0087978e-08	-6.603159e-09	-3.2674073e-08	-1.563838e-08	0.0	-2.4446585e-08	-1.9555468e-08	-1.5985647e-08	1.4870739e-09	-2.1778314e-08	9.716814e-10	1.7524462e-09	-1.5441715e-08	-4.297758e-09	-2.2553872e-08	3.6635814e-08	-5.6044833e-08	-9.9159205e-09	-7.64819e-08	6.166788e-09	-2.3531207e-08	-4.5449774e-08	-3.3614334e-09	-4.1855223e-08	-4.748326e-09	3.3254355e-09	-1.1477578e-08	-5.078055e-08	1.491866e-08	5.441293e-09	3.5229868e-09	-7.267395e-08	5.7867056e-10	-2.604831e-08	-2.6481475e-08	-1.7909484e-08	-4.2577415e-08	-2.7034703e-08	-2.790457e-09	-3.5348062e-08	-2.1889278e-08	1.3549193e-08	-5.984461e-08	-1.4705802e-09	-1.5075084e-08	-1.984769e-08	-2.0576094e-08	-1.4512985e-08	2.2320819e-10	-5.919917e-08	3.3103024e-08	3.2935896e-09	-6.9520594e-09	-1.5685335e-07	-2.7271545e-08	-2.1837467e-09	-5.1746994e-08	2.1145688e-08	-1.1853344e-08	-6.2035696e-08	-8.963703e-09	-4.2368416e-08	-1.8329324e-08	-1.9505974e-08	-2.1186747e-08	-8.552242e-08	-3.6254142e-09	-1.0734107e-08	-8.158191e-09	-4.5784788e-08	-2.8622052e-08	1.1489751e-08	-3.3422702e-09	-9.162477e-09	-6.9721136e-09	-4.166004e-08	-2.3316897e-09	-7.313787e-08	9.737337e-09	-8.55968e-08	-4.404228e-10	-2.7015695e-08	-4.8534247e-08	6.7103884e-10	2.4257134e-09	-1.7643778e-08	3.0428555e-09	-2.7773709e-08	2.3896273e-08	3.172022e-09	-7.555086e-09	-1.1877123e-08	3.3086962e-09	-1.2301268e-07	-3.744398e-08	-4.3578588e-08	2.2071385e-08	-6.9088992e-09	-5.2422124e-08	-1.2023261e-08	2.482393e-09	-1.0982271e-08	-4.2754028e-08	1.0917666e-09	-6.957125e-09	-2.2287004e-08	9.136198e-09	-4.810104e-09	-5.3149822e-09	-1.035351e-08	-2.4782003e-09	-1.10895915e-08	9.306868e-09	-1.9049407e-08	-1.6253126e-09	3.5772656e-09	-5.405635e-08	-5.830643e-09	-1.2633337e-09	-1.3924823e-08	-1.1037173e-10	3.0220445e-08	1.8980881e-09	-5.413182e-08	-3.608993e-09	-8.52508e-09	0.0	-6.122427e-08	-1.2796222e-08	-8.510487e-09	-3.0330202e-08	-4.320891e-08	-4.9796036e-08	-1.9356635e-08	2.4887277e-09	-1.724543e-08	-3.0512705e-08	-2.8274463e-09	-9.2359187e-10	3.423138e-09	-1.4926904e-08	-1.8952024e-08	-4.2247394e-10	-7.208364e-09	-6.727062e-08	1.431772e-09	-3.1784e-08	-9.6582944e-08	7.527851e-09	-2.2308818e-08	-4.7243248e-08	-2.9692337e-08	-2.9223724e-08	-2.7087108e-08	-1.865647e-08	-3.7848166e-10	6.3333663e-09	2.5846612e-09	1.8913225e-08	1.648928e-08	-1.301155e-09	-2.5108461e-08	4.6978768e-09	5.2045106e-09	-9.963191e-09	-3.024693e-08	-1.2909977e-08	-1.2652176e-08	-5.020495e-08	-5.579159e-10	-1.8278007e-08	-6.477134e-08	1.4111274e-08	4.891463e-09	8.512693e-09	-3.671625e-08	-1.0800218e-08	-6.6470873e-10	9.384044e-09	-5.4938255e-08	-2.2842432e-08	-2.9625904e-08	-9.798591e-09	6.040277e-09	-1.5981863e-08	-9.308001e-09	8.336747e-10	-2.0175044e-08	-4.4400878e-08	-2.0203015e-09	-2.7175975e-09	-6.5314396e-08	-3.0147568e-08	-6.638097e-08	-1.8442428e-08	-3.396909e-08	-4.2332463e-08	2.512796e-08	1.1180691e-09	-2.6003873e-08	-3.697008e-08	-2.729776e-08	-5.40234e-08	-2.7816895e-11	-8.9811785e-09	5.462289e-09	6.8956707e-09	-1.4657848e-08	-6.4941834e-09	-2.1630466e-09	-3.7636024e-08	-1.8496376e-08
-1.5253886e-09	-1.953473e-09	-1.0049678e-09	-2.1401718e-09	-2.602974e-10	-4.4745447e-09	-1.2460297e-08	-7.3632713e-09	-1.0527651e-09	-3.6276833e-09	-2.3845006e-09	-2.7393832e-09	3.8199324e-09	-1.1762336e-09	-2.230813e-09	5.408026e-10	-2.3975657e-09	-6.0345813e-09	-8.695682e-09	-1.644396e-09	-2.9316527e-09	-2.3502116e-09	-2.2946347e-09	-2.0225719e-09	-1.2086844e-10	-1.0722624e-09	-1.4340287e-09	-3.0163846e-10	8.442578e-10	-1.0555055e-08	3.0927366e-10	-5.6848752e-09	-2.7903684e-09	-2.2324684e-11	-1.3646273e-08	-1.4567842e-09	-1.1174689e-08	-2.5003748e-09	-1.9074184e-09	8.652478e-11	-1.342856e-08	-5.629454e-09	-4.2707917e-08	7.593087e-10	-1.4128086e-08	-1.6087359e-08	-6.3778134e-09	-5.416132e-10	6.8222905e-10	-1.8834783e-09	-4.334855e-09	-1.3792487e-10	1.0712244e-09	1.5409228e-10	1.479151e-09	-5.2981988e-09	3.802811e-09	-1.7509387e-09	6.3026095e-09	-3.2298773e-09	-1.1000145e-09	-1.1673718e-08	2.1309665e-09	-3.3197103e-09	-6.215233e-09	1.2332407e-09	-5.900245e-10	-2.6044962e-09	1.4398824e-09	-4.4365662e-09	-7.2011175e-10	1.0994097e-09	-2.3448377e-09	-5.486166e-09	-4.282293e-09	-5.925807e-09	-3.4974426e-09	-1.0275898e-08	-2.6307043e-09	-2.355066e-08	2.3317512e-09	-1.3748997e-08	-3.1816785e-09	-9.659493e-10	-4.048195e-10	-7.7761e-09	-7.946571e-09	-6.5861503e-09	-1.5747673e-09	-1.1814231e-08	-3.6965958e-10	5.7417457e-09	-3.6320296e-09	-4.9013376e-09	5.8362387e-10	0.0	-2.9981617e-09	-5.16784e-10	-9.995119e-11	-1.2948242e-08	-1.0079211e-08	-5.4150995e-09	-4.8067057e-09	1.646299e-11	-2.1176958e-09	1.4770637e-09	-4.5894377e-09	-1.0088865e-09	-4.752096e-09	-3.0427258e-09	5.9452193e-10	-9.378761e-09	1.1416443e-09	1.0039991e-09	-3.8950714e-09	-1.0799931e-09	-2.5560256e-09	-1.3171246e-08	-1.7680714e-08	-3.6165637e-09	1.7004026e-10	1.7823186e-09	-1.4285536e-09	-3.4345589e-09	1.084062e-09	-6.3288383e-09	-3.5900314e-09	-2.1706272e-09	-1.3090471e-09	-1.3988618e-08	3.339793e-09	0.0	-3.1703666e-09	2.010785e-08	-1.3007577e-08	-2.396024e-09	-4.924072e-10	-1.5814624e-09	-6.842421e-09	-2.0936836e-08	1.1823795e-09	-3.4480616e-09	-3.478374e-10	-5.026503e-09	-4.4293142e-09	-1.1753241e-09	-1.0004605e-08	-1.8895172e-09	-1.7685431e-09	3.646403e-10	-1.6036256e-09	4.3874026e-11	9.836412e-11	4.364174e-09	-3.1854938e-10	-1.8562275e-09	-4.364829e-09	-1.8921105e-09	-1.6235305e-08	-2.2487404e-08	2.0296512e-10	-7.1242084e-10	-3.986546e-09	-1.1127986e-09	-3.5389688e-10	-8.662388e-09	-1.2660188e-09	2.9813918e-10	-3.6118502e-09	-1.361476e-09	-5.3276015e-09	-3.3687741e-09	-1.4594559e-09	-9.1063155e-12	-6.380753e-10	-8.4184535e-09	-4.6270383e-09	-8.846976e-09	-3.2966272e-09	-3.2807292e-09	-3.470651e-09	-1.036835e-08	-8.552036e-10	5.3653366e-11	-5.721272e-09	-4.2883745e-09	-8.3422105e-09	-1.64136e-08	-2.4042628e-09	-2.4629343e-10	1.4767488e-09	-3.462983e-09	-8.472372e-09	-5.1356346e-09	2.7638327e-09	-2.4810345e-09	-2.4590987e-09	-1.0343993e-08	-1.27068915e-08	-1.0066166e-08	-1.6326044e-09	-2.3843427e-09	-2.346121e-10	-2.9562103e-10	-2.7250326e-09	-2.8903469e-09	-9.191911e-09	-4.417434e-09	-6.993832e-10	-5.9747776e-09	7.8254286e-10	-3.0820206e-09	-8.369962e-09	-1.6676336e-09	-1.0115399e-08	-1.2012515e-08	-6.105621e-09	-1.700862e-09	-7.361203e-09	-2.8284532e-08	-3.3386754e-10	-6.7131714e-09	-5.175556e-09	-2.7639806e-09	-3.910077e-10	-3.9441783e-09	-2.742488e-09	4.5691992e-10	-1.0789518e-08	-5.270758e-09	-1.0716898e-08	1.2086173e-09	-1.1516619e-08	-2.363879e-09	-1.0922786e-08	-6.196899e-10	-1.3628142e-09	-3.673108e-09	-2.9526236e-08	-3.788648e-09	-3.0589455e-09	-3.3564787e-10	-2.476138e-09	-5.183615e-09	-4.4243915e-09	-6.191159e-09	-1.0150256e-09	-2.9211424e-09	3.544301e-11	6.4418826e-10	-7.146498e-09	-3.9986503e-10	3.0782984e-11	-2.3118263e-09	-9.011956e-11	-3.861595e-09	-2.7381544e-09	-2.1011828e-10	-1.0700774e-09	-1.7847629e-09	-4.908127e-09	-4.113377e-09	-1.740409e-09	-3.0622391e-09	-3.4511174e-09	-1.8449736e-09	-3.2705658e-10	-5.6182468e-09	-4.938826e-09	-1.2880797e-08	-1.255321e-08	-3.005099e-09	1.005833e-09	-1.7454e-10	2.515643e-09	1.5687078e-10	-2.9228885e-12	-9.700032e-09	-6.152862e-09	-1.8170794e-10	-1.2393468e-09	-2.2838356e-09	-1.9592097e-09	-3.4539198e-11	-3.0606656e-10	4.0382475e-10	-1.8100218e-09	-8.0079054e-09	-3.8129486e-09	-5.743971e-10	-9.858968e-10	-2.1431867e-09	0.0	-1.6753574e-09	-4.2698263e-09	-4.25591e-09	-5.4839258e-09	-4.3274566e-09	7.657661e-10	8.617462e-11	-6.1056595e-09	-1.4137277e-09	2.8234184e-09	3.6017433e-09	-6.596952e-10	-3.1838556e-09	-3.1395506e-09	-9.087854e-09	-6.0504136e-11	-2.434076e-09	-2.7861007e-09	-2.6278713e-09	-1.320941e-09	2.2182121e-10	-1.2767646e-09	-5.1807647e-09	-3.6937878e-10	-7.47342e-10	-2.2872622e-09	-9.21379e-09	-4.6626725e-10	-5.6936983e-10	-6.716754e-09	2.1665755e-10	-5.568163e-09	-7.8236667e-10	-1.0228689e-09	-7.1224715e-09	-5.4990905e-09	9.56926e-10	-2.851972e-09	-4.684705e-10	-4.80607e-09	-5.2989684e-09	-5.701546e-09	-6.00196e-10	2.6473457e-10	-1.1187431e-08	9.1295194e-10	-4.1465102e-09	-2.283831e-09	-7.522294e-09	-5.0744235e-09	-2.0348545e-09	-8.882656e-09	-1.0433098e-09	-8.53958e-09	-9.577263e-09	-2.9405465e-09	-9.092313e-09	-2.7926705e-09	-7.592905e-10	-2.5238706e-10	-1.2262967e-09	-6.1733463e-09	-6.843038e-09	-9.636506e-10	1.3505098e-08	-2.5076714e-09	-5.817833e-10	-2.8222962e-09	-1.0576775e-09	-3.6575285e-09	-1.0483497e-08	-1.38108405e-08	-1.2090356e-09	7.6278184e-10	6.1696254e-10	-3.9401585e-10	-3.9858357e-09	-2.9442093e-09	2.101839e-09	-5.3754197e-09	-3.1401977e-09	1.1752718e-10	8.849099e-10	4.8593383e-09	2.7274383e-10	-7.802388e-09	-1.011415e-09	1.2949614e-10	-4.1959924e-09	-1.3545791e-08	-7.557625e-09	-1.0981358e-08	1.312211e-09	-5.1808295e-09	1.1963845e-09	4.309868e-12	-3.383883e-09	-7.194611e-09	9.371092e-11	-1.958282e-09	-5.317031e-10	-6.5870847e-09	-1.6605032e-09	7.222741e-10	-2.4830582e-09	-1.592208e-09	7.0383717e-09	-6.0637717e-10	-5.1978577e-09	-2.8358864e-09	8.356358e-10	-1.0775426e-08	-1.795338e-09	0.0	-4.981309e-09	-2.8754834e-09	2.479942e-09	-2.2511495e-09	-8.399016e-09	-1.3789418e-10	-1.2298218e-08	-5.256618e-10	-7.903773e-09	-6.6066366e-09	4.4740354e-09	-1.7437067e-08	-6.571172e-09	-8.971746e-09	-6.972182e-09	-1.8349136e-09	-1.1751297e-08	-1.9506755e-08	-7.1682965e-11	5.485276e-11	2.1327651e-10	-1.9394479e-08	2.913049e-09	-2.1350274e-10	9.218022e-08	5.139066e-10	0.0	-5.7647322e-09	-6.72336e-10	7.895665e-11	-5.657404e-09	-2.9583942e-09	-1.9550703e-09	5.863319e-10	-7.2135777e-09	1.9903144e-09	-3.1392562e-09	9.826249e-10	-4.5984074e-09	-1.6148215e-09	-1.2001424e-08	-2.8931596e-10	-1.0473932e-08	3.804837e-10	-7.5855136e-09	-1.2586667e-09	-4.8737743e-09	-1.0706226e-08	-2.6529962e-10	-5.8550564e-09	1.7535114e-09	-5.1119025e-09	-3.77688e-09	-8.965708e-09	-7.586087e-09	-2.7755664e-09	-4.1134602e-09	-7.892417e-09	7.566655e-11	1.1707266e-09	-6.5001906e-09	-5.7945897e-09	-3.9078385e-09	-1.5678461e-09	-3.9128554e-09	3.5912648e-10	-4.4278385e-09	-2.0569586e-10	-1.8989579e-09	-7.80111e-09	-2.3044094e-10	-7.1395334e-10	-2.0701117e-08	-6.8617134e-09	-7.281615e-09	-5.95796e-09	-5.1584856e-09	-1.2780583e-09	3.8551207e-11	4.725689e-10	-3.738137e-11	-4.249397e-09	-7.61073e-09	-9.890483e-09	3.0498654e-10	-1.0970667e-09	-2.0158246e-09	-1.4294297e-08	-8.961149e-10	-1.6227818e-09	5.0475184e-09	-2.3691654e-10	-2.8767408e-09
-1.1920929e-09	-2.3841857e-09	0.0	0.0	0.0	0.0	-1.1920929e-09	-4.7683715e-09	0.0	0.0	0.0	3.5762786e-09	0.0	-1.1920929e-09	-4.7683715e-09	-2.3841857e-09	0.0	0.0	-8.34465e-09	0.0	2.3841857e-09	0.0	3.5762786e-09	0.0	-2.3841857e-09	0.0	0.0	0.0	0.0	0.0	0.0	0.0	0.0	0.0	1.1920929e-09	-2.3841857e-09	0.0	-2.3841857e-09	-1.1920929e-09	0.0	1.1920929e-09	-2.3841857e-09	5.9604646e-09	0.0	2.3841857e-09	3.5762786e-09	0.0	0.0	0.0	0.0	-8.34465e-09	0.0	0.0	0.0	0.0	1.1920929e-09	0.0	-1.1920929e-09	2.3841857e-09	0.0	0.0	-4.7683715e-09	1.1920929e-09	0.0	0.0	0.0	0.0	0.0	-3.5762786e-09	0.0	1.1920929e-09	-3.5762786e-09	0.0	0.0	0.0	-1.1920929e-09	0.0	0.0	0.0	2.3841857e-09	0.0	1.1920929e-09	0.0	0.0	0.0	0.0	-2.3841857e-09	0.0	0.0	0.0	0.0	0.0	0.0	-1.1920929e-09	0.0	0.0	0.0	1.1920929e-09	0.0	0.0	0.0	0.0	0.0	0.0	0.0	0.0	0.0	4.7683715e-09	0.0	0.0	0.0	0.0	0.0	1.1920929e-09	0.0	0.0	0.0	0.0	0.0	0.0	0.0	0.0	0.0	0.0	0.0	-1.1920929e-09	0.0	0.0	0.0	1.1920929e-09	0.0	-2.3841857e-09	0.0	-1.1920929e-09	0.0	0.0	0.0	0.0	1.1920929e-09	0.0	0.0	0.0	0.0	0.0	-1.1920929e-09	0.0	0.0	0.0	0.0	0.0	0.0	-2.3841857e-09	0.0	0.0	0.0	-1.1920929e-09	0.0	0.0	0.0	0.0	0.0	0.0	0.0	0.0	0.0	0.0	0.0	0.0	0.0	0.0	0.0	0.0	0.0	0.0	-3.5762786e-09	-5.9604646e-09	0.0	0.0	0.0	0.0	0.0	0.0	0.0	0.0	-3.5762786e-09	0.0	-5.9604646e-09	0.0	-1.1920929e-09	0.0	0.0	0.0	0.0	0.0	0.0	0.0	0.0	0.0	0.0	3.5762786e-09	0.0	0.0	0.0	0.0	0.0	1.1920929e-09	0.0	-2.3841857e-09	0.0	0.0	0.0	0.0	0.0	0.0	-2.3841857e-09	0.0	0.0	-4.7683715e-09	0.0	0.0	0.0	0.0	0.0	-1.1920929e-09	0.0	0.0	2.3841857e-09	0.0	-8.34465e-09	0.0	0.0	-3.5762786e-09	1.1920929e-09	1.1920929e-09	0.0	0.0	0.0	0.0	0.0	0.0	2.3841857e-09	0.0	0.0	0.0	0.0	0.0	0.0	0.0	0.0	0.0	3.5762786e-09	-2.3841857e-09	0.0	0.0	0.0	0.0	-3.5762786e-09	0.0	0.0	0.0	0.0	0.0	-1.1920929e-09	0.0	0.0	0.0	0.0	-4.7683715e-09	0.0	0.0	2.3841857e-09	0.0	0.0	0.0	0.0	0.0	0.0	0.0	0.0	-1.1920929e-09	0.0	-1.1920929e-09	0.0	0.0	0.0	-1.1920929e-09	0.0	0.0	0.0	0.0	0.0	0.0	0.0	0.0	0.0	-2.3841857e-09	0.0	0.0	0.0	0.0	0.0	3.5762786e-09	0.0	0.0	0.0	0.0	0.0	0.0	0.0	0.0	-2.3841857e-09	0.0	0.0	0.0	0.0	1.1920929e-09	0.0	0.0	0.0	0.0	0.0	0.0	0.0	0.0	0.0	0.0	0.0	0.0	0.0	0.0	0.0	0.0	0.0	0.0	0.0	0.0	0.0	-4.7683715e-09	0.0	0.0	0.0	0.0	0.0	0.0	0.0	0.0	0.0	0.0	-2.3841857e-09	0.0	0.0	0.0	0.0	2.3841857e-09	0.0	4.7683715e-09	0.0	0.0	0.0	0.0	0.0	-3.5762786e-09	0.0	0.0	0.0	-1.1920929e-09	0.0	0.0	-1.1920929e-09	0.0	0.0	0.0	0.0	0.0	0.0	0.0	0.0	0.0	0.0	0.0	0.0	1.1920929e-09	0.0	0.0	2.3841857e-09	0.0	0.0	0.0	0.0	0.0	0.0	0.0	0.0	0.0	0.0	0.0	1.1920929e-09	0.0	0.0	0.0	0.0	0.0	0.0	0.0	0.0	0.0	0.0	0.0	0.0	-5.9604646e-09	0.0	-1.1920929e-09	0.0	-1.1920929e-09	0.0	0.0	0.0	0.0	0.0	0.0	0.0	0.0	-2.3841857e-09	0.0	7.152557e-09	0.0	0.0	0.0	1.1920929e-09	3.5762786e-09	0.0	0.0	0.0	0.0	0.0	1.1920929e-09	0.0	0.0	-2.3841857e-09	0.0	0.0	0.0	0.0	0.0	0.0	0.0	0.0	0.0	0.0	0.0	0.0	0.0	0.0	-1.1920929e-09	0.0	-2.3841857e-09	0.0	0.0	0.0	0.0	0.0	0.0	0.0	0.0	0.0	0.0	0.0	0.0	0.0	0.0	0.0	0.0	0.0	0.0	0.0	0.0	0.0	0.0	0.0	0.0	0.0	0.0	0.0	0.0	0.0	0.0	0.0	0.0	0.0	0.0	0.0	0.0	0.0	0.0	0.0	0.0	0.0	0.0	0.0	-2.3841857e-09
-1.6884773e-21	-1.2510802e-21	-2.0316642e-22	-1.1453386e-21	-8.849157e-22	-8.778787e-21	-1.3888152e-20	-1.2596032e-20	-1.2223754e-21	2.5407473e-22	-3.0152233e-22	-3.430336e-21	-3.0174674e-21	-4.263733e-21	-4.186562e-21	-4.5050522e-21	2.1957457e-22	-1.26876226e-20	-3.0015107e-21	-6.967647e-22	-3.487548e-21	-1.8312373e-21	-1.0265302e-20	-1.4010816e-21	-1.1456208e-21	-3.2577806e-21	-5.9105007e-21	-7.52282e-22	-8.4527983e-22	-2.5283913e-22	4.0421112e-22	-1.5544134e-20	-3.744098e-21	-1.5314794e-21	-1.0368138e-20	-4.4956394e-21	-1.4524022e-20	-1.3263164e-21	4.0806904e-21	-3.851167e-22	-5.6516433e-21	-1.1908185e-21	-2.0147305e-20	3.1777902e-22	-1.3259769e-20	2.1492634e-21	-1.20197364e-20	1.1258616e-21	5.954703e-22	-7.8034805e-21	-1.2898128e-20	-3.3518702e-22	0.0	-5.404281e-23	-2.9742892e-21	-6.5650942e-21	-3.8270917e-21	-1.6315564e-21	-3.2625606e-20	-4.7205307e-21	-1.811846e-20	-1.7370467e-20	2.6307435e-21	-1.1141312e-20	-4.0896456e-21	-2.3763194e-22	-1.04054894e-20	-6.54361e-21	-4.286943e-21	-6.2662845e-21	-8.6087675e-21	-7.7933855e-21	-4.4725785e-21	-2.5434067e-21	-1.3714772e-20	4.8694883e-21	-4.7628135e-21	-1.2714511e-20	-1.02853665e-20	-1.6210961e-20	1.244393e-21	-1.7884666e-20	-8.4038395e-22	-8.744984e-22	-1.2834586e-21	4.7977635e-21	-9.0602385e-21	-1.4224721e-20	-1.1509309e-20	-8.251002e-21	3.0572297e-21	-1.5893836e-21	-1.0793342e-20	1.1791117e-20	-3.9789827e-21	-2.688373e-22	-8.421535e-21	-3.2756057e-21	2.1837227e-21	-1.645025e-20	1.0010033e-21	-4.4240824e-22	-9.7277094e-21	2.7612834e-21	-5.624396e-21	-2.549094e-21	-5.711987e-22	-1.0660191e-20	-4.447213e-21	-2.5934045e-21	-1.5439068e-21	-4.046887e-21	-8.273238e-22	-1.3610606e-21	-9.551713e-21	-5.1133167e-21	-7.950733e-21	-1.5348999e-20	-8.547611e-21	-1.7047986e-20	-1.4443515e-21	-9.651476e-22	1.2990892e-21	-3.663276e-21	-2.4592845e-21	-7.228208e-21	-3.8651472e-21	-9.622013e-21	-9.024933e-22	5.0700315e-21	-1.5688737e-20	-8.00352e-22	-2.2225547e-21	-3.4886193e-21	-1.2103976e-20	7.185532e-22	2.5140074e-20	-9.146377e-21	3.730346e-21	-4.574643e-21	-1.092778e-21	-1.5530545e-20	-3.618203e-21	-1.4119739e-20	-1.5545606e-20	-5.0908366e-21	-2.0232904e-20	-1.0235216e-20	-1.7109764e-20	-6.058271e-22	-1.7124458e-21	-1.1163102e-20	-2.0273985e-21	-8.040396e-21	-7.6014536e-22	-7.6672403e-22	-7.358364e-21	0.0	-5.9150203e-21	7.010909e-22	-6.131223e-22	-7.700824e-22	-2.0468035e-20	-2.6881674e-20	-3.653331e-22	5.7651383e-21	-2.4547566e-21	-1.2833242e-22	-7.8373125e-21	-4.00832e-21	-1.7916705e-20	-8.600584e-22	-2.9639226e-22	-2.4634887e-22	-3.1679192e-21	-1.1235383e-20	-8.326431e-21	-2.4138744e-21	-2.2779087e-20	-7.541778e-21	-3.0606985e-21	-1.7978393e-20	-2.3860026e-22	-2.155352e-21	-1.4449524e-20	-3.5116108e-20	-6.4383268e-21	-1.9013373e-20	-2.3599116e-21	7.3801005e-22	-5.9225147e-22	-1.2827198e-21	-2.312391e-21	-1.4105522e-20	-3.24828e-21	-3.58042e-21	-2.152472e-20	-6.891636e-21	-1.28313e-20	-3.0969777e-21	-5.4103606e-21	-2.7305226e-21	-1.7644021e-22	3.5283668e-21	-2.7640798e-21	-1.0829101e-20	-1.4295662e-20	-1.5341743e-20	-1.9280473e-21	-1.19086826e-20	-1.8228993e-20	-9.138551e-21	-2.1887537e-20	-2.8662693e-21	-6.353212e-21	-1.5814184e-20	-5.4894517e-21	-3.9770068e-22	-6.7512224e-21	-1.9578093e-21	-4.8646076e-22	-1.890682e-20	2.855387e-21	-1.18482604e-20	-1.5882334e-22	-5.5321355e-21	-1.4861673e-20	-1.5290351e-21	-1.294366e-20	-9.966076e-21	-1.9312704e-20	-3.7276805e-21	-4.78843e-21	-4.7811414e-20	-2.4069515e-20	-2.9124098e-21	2.0103435e-21	-2.4751358e-21	-6.418369e-21	1.52258e-21	-4.2080416e-20	-4.984885e-22	-1.6720273e-21	-3.3552665e-20	-7.676246e-21	-8.946039e-21	-6.859488e-22	-1.7641665e-20	-1.0808351e-21	-1.3119638e-21	-4.1453914e-21	-6.6863386e-22	-1.4434622e-21	-6.7329675e-21	-4.3566567e-24	-2.9756152e-20	-1.6016522e-20	-1.6453709e-22	-7.6754813e-22	-3.4492902e-21	-9.586012e-21	-2.0583796e-21	-1.2065968e-20	-4.8695315e-21	-5.5468902e-21	6.1890947e-22	0.0	-8.973276e-21	-1.5499702e-20	-1.604612e-20	-3.0374066e-21	-1.6799174e-20	-1.6795313e-21	-1.1077014e-21	-5.462974e-21	-1.0902189e-22	-1.2359862e-21	-5.7279212e-21	-2.2906778e-20	-5.2449604e-21	-4.7444426e-21	-3.0994349e-21	-8.6805464e-21	-1.0012841e-21	5.2209573e-23	-1.8235972e-21	-3.7260302e-21	-1.5874843e-20	-1.5467891e-20	-4.542315e-21	-2.5151131e-20	-3.3620792e-21	-5.079535e-22	-2.944236e-21	-9.922867e-21	-1.0674242e-20	1.3320658e-21	-3.518055e-21	3.9257475e-22	-7.586487e-22	-1.00226955e-20	-9.16708e-22	-9.2183326e-21	-1.1903687e-20	-7.055932e-21	-3.8205724e-21	-9.759e-21	-1.5949283e-21	-1.0777491e-21	-1.2594668e-20	-3.89525e-21	-7.086978e-21	1.9101218e-20	1.2063395e-22	-6.3809488e-21	-2.2162427e-20	2.5449007e-21	9.206003e-23	-2.0900465e-21	-1.0539402e-20	-1.984458e-22	-8.800602e-21	-6.6240203e-21	-4.5630914e-21	-9.83369e-21	1.8344943e-21	3.7347827e-21	-1.3409803e-20	-5.967285e-21	-6.659844e-21	-3.2470014e-21	-4.7610656e-22	-4.28969e-21	1.9670567e-21	-4.878476e-21	-3.6088008e-21	3.1494508e-21	-1.28207575e-20	1.4409331e-22	-3.7070463e-21	7.0840936e-22	-3.8070263e-22	-4.1825923e-21	-5.8491367e-21	-1.504304e-20	-3.069988e-22	-7.273637e-21	-1.3041375e-20	-4.2784933e-22	-8.6333834e-21	1.1889892e-20	-1.5551947e-20	3.264003e-23	-1.9535119e-20	-4.379061e-21	-2.9522934e-21	-1.9684577e-20	-1.9905927e-20	-1.8819952e-20	-4.6205594e-21	-7.275729e-21	-6.5588185e-21	-6.0183315e-21	-9.705881e-21	-1.7113173e-20	-1.7045712e-20	-5.5716663e-22	-8.4102195e-22	-1.4905924e-21	1.72141e-21	-8.6755e-21	-6.598647e-22	-7.480372e-21	-1.5127463e-21	-3.6607034e-22	-3.1796558e-21	-3.922553e-21	-1.1668417e-22	2.739363e-21	8.040082e-21	-6.4913983e-22	7.0378635e-21	-1.363421e-20	-1.4779722e-20	-3.46643e-21	-9.416515e-22	-1.0560822e-20	-3.5718903e-21	-1.6196594e-21	8.028656e-22	-7.496321e-21	-2.2324726e-22	2.221711e-21	-5.9705473e-21	-7.578577e-22	-6.2521538e-21	-1.0313272e-20	-1.1395979e-21	-1.0106431e-21	-1.6174115e-21	-1.3555112e-22	-6.6100762e-21	2.6663567e-21	5.536527e-23	-2.6673841e-20	-4.592771e-21	-2.1061415e-22	9.579284e-22	-2.4898153e-21	-1.1939454e-20	-8.043919e-21	-6.549152e-21	2.1061917e-21	-1.3434207e-20	-2.593568e-22	-4.2809497e-21	-1.0244325e-20	1.2429898e-21	-3.810544e-21	-1.3979486e-20	-1.3705838e-20	-8.218636e-21	-8.932529e-21	2.3509828e-21	-2.6306193e-21	-9.708847e-22	-1.007811e-21	2.4268343e-22	-2.2420932e-21	-4.7485692e-21	6.4647457e-21	0.0	-1.0170764e-21	9.395009e-22	-1.1710776e-20	-1.1146631e-20	6.950695e-23	-4.785832e-21	9.575272e-22	-1.3792678e-21	-8.940292e-22	-1.0358621e-20	-1.2890447e-21	3.6156828e-21	-1.6614166e-21	-5.4000176e-21	-1.2490215e-21	-1.59428e-21	5.0978726e-22	-1.0074103e-20	-4.76272e-22	-1.31148484e-20	-7.256323e-22	-6.3374632e-21	-1.1736102e-20	-4.318206e-21	-6.798586e-21	-2.9589196e-21	1.9017192e-22	-1.1763211e-20	3.0456055e-21	-7.836365e-21	-3.086976e-21	-4.2775008e-21	4.632963e-21	1.5723256e-22	-1.3320141e-22	-8.939351e-21	-5.3962662e-21	-1.8553966e-20	-3.7772274e-21	-4.321607e-21	-2.7838515e-21	-5.1155575e-21	-5.0166953e-23	-6.319453e-21	-5.8895506e-21	5.576619e-22	-2.717314e-22	-1.2511182e-20	-7.3948315e-21	-1.2660316e-20	2.8021364e-22	-1.7098234e-20	-1.471223e-20	-9.332944e-22	1.2098038e-21	-2.224719e-20	-5.6533174e-21	5.330328e-21	-4.7845746e-21	1.6998561e-23	-3.5381908e-21	-3.6424278e-22	-4.711492e-21	-2.8387851e-21	-5.942366e-21	7.133373e-22	-1.35104775e-20	-3.388211e-21
0.0	0.0	0.0	0.0	0.0	0.0	0.0	0.0	0.0	0.0	0.0	0.0	0.0	0.0	0.0	0.0	0.0	0.0	0.0	0.0	0.0	0.0	0.0	0.0	0.0	0.0	0.0	0.0	0.0	0.0	0.0	0.0	0.0	0.0	0.0	0.0	0.0	0.0	0.0	0.0	0.0	0.0	0.0	0.0	0.0	0.0	0.0	0.0	0.0	0.0	0.0	0.0	0.0	0.0	0.0	0.0	0.0	0.0	0.0	0.0	0.0	0.0	0.0	0.0	0.0	0.0	0.0	0.0	0.0	0.0	0.0	0.0	0.0	0.0	0.0	0.0	0.0	0.0	0.0	0.0	0.0	0.0	0.0	0.0	0.0	0.0	0.0	0.0	0.0	0.0	0.0	0.0	0.0	0.0	0.0	0.0	0.0	0.0	0.0	0.0	0.0	0.0	0.0	0.0	0.0	0.0	0.0	0.0	0.0	0.0	0.0	0.0	0.0	0.0	0.0	0.0	0.0	0.0	0.0	0.0	0.0	0.0	0.0	0.0	0.0	0.0	0.0	0.0	0.0	0.0	0.0	0.0	0.0	0.0	0.0	0.0	0.0	0.0	0.0	0.0	0.0	0.0	0.0	0.0	0.0	0.0	0.0	0.0	0.0	0.0	0.0	0.0	0.0	0.0	0.0	0.0	0.0	0.0	0.0	0.0	0.0	0.0	0.0	0.0	0.0	0.0	0.0	0.0	0.0	0.0	0.0	0.0	0.0	0.0	0.0	0.0	0.0	0.0	0.0	0.0	0.0	0.0	0.0	0.0	0.0	0.0	0.0	0.0	0.0	0.0	0.0	0.0	0.0	0.0	0.0	0.0	0.0	0.0	0.0	0.0	0.0	0.0	0.0	0.0	0.0	0.0	0.0	0.0	0.0	0.0	0.0	0.0	0.0	0.0	0.0	0.0	0.0	0.0	0.0	0.0	0.0	0.0	0.0	0.0	0.0	0.0	0.0	0.0	0.0	0.0	0.0	0.0	0.0	0.0	0.0	0.0	0.0	0.0	0.0	0.0	0.0	0.0	0.0	0.0	0.0	0.0	0.0	0.0	0.0	0.0	0.0	0.0	0.0	0.0	0.0	0.0	0.0	0.0	0.0	0.0	0.0	0.0	0.0	0.0	0.0	0.0	0.0	0.0	0.0	0.0	0.0	0.0	0.0	0.0	0.0	0.0	0.0	0.0	0.0	0.0	0.0	0.0	0.0	0.0	0.0	0.0	0.0	0.0	0.0	0.0	0.0	0.0	0.0	0.0	0.0	0.0	0.0	0.0	0.0	0.0	0.0	0.0	0.0	0.0	0.0	0.0	0.0	0.0	0.0	0.0	0.0	0.0	0.0	0.0	0.0	0.0	0.0	0.0	0.0	0.0	0.0	0.0	0.0	0.0	0.0	0.0	0.0	0.0	0.0	0.0	0.0	0.0	0.0	0.0	0.0	0.0	0.0	0.0	0.0	0.0	0.0	0.0	0.0	0.0	0.0	0.0	0.0	0.0	0.0	0.0	0.0	0.0	0.0	0.0	0.0	0.0	0.0	0.0	0.0	0.0	0.0	0.0	0.0	0.0	0.0	0.0	0.0	0.0	0.0	0.0	0.0	0.0	0.0	0.0	0.0	0.0	0.0	0.0	0.0	0.0	0.0	0.0	0.0	0.0	0.0	0.0	0.0	0.0	0.0	0.0	0.0	0.0	0.0	0.0	0.0	0.0	0.0	0.0	0.0	0.0	0.0	0.0	0.0	0.0	0.0	0.0	0.0	0.0	0.0	0.0	0.0	0.0	0.0	0.0	0.0	0.0	0.0	0.0	0.0	0.0	0.0	0.0	0.0	0.0	0.0	0.0	0.0	0.0	0.0	0.0	0.0	0.0	0.0	0.0	0.0	0.0	0.0	0.0	0.0	0.0	0.0	0.0	0.0	0.0	0.0	0.0	0.0	0.0	0.0	0.0	0.0	0.0	0.0	0.0	0.0	0.0	0.0	0.0	0.0	0.0	0.0	0.0	0.0	0.0	0.0	0.0	0.0	0.0	0.0	0.0	0.0	0.0	0.0	0.0	0.0	0.0	0.0	0.0	0.0	0.0	0.0	0.0	0.0	0.0	0.0	0.0	0.0	0.0	0.0	0.0	0.0	0.0	0.0	0.0	0.0	0.0	0.0	0.0	0.0	0.0
0.0	0.0	0.0	0.0	0.0	0.0	0.0	0.0	0.0	0.0	0.0	0.0	0.0	0.0	0.0	0.0	0.0	0.0	0.0	0.0	0.0	0.0	0.0	0.0	0.0	0.0	0.0	0.0	0.0	0.0	0.0	0.0	0.0	0.0	0.0	0.0	0.0	0.0	0.0	0.0	0.0	0.0	0.0	0.0	0.0	0.0	0.0	0.0	0.0	0.0	0.0	0.0	0.0	0.0	0.0	0.0	0.0	0.0	0.0	0.0	0.0	0.0	0.0	0.0	0.0	0.0	0.0	0.0	0.0	0.0	0.0	0.0	0.0	0.0	0.0	0.0	0.0	0.0	0.0	0.0	0.0	0.0	0.0	0.0	0.0	0.0	0.0	0.0	0.0	0.0	0.0	0.0	0.0	0.0	0.0	0.0	0.0	0.0	0.0	0.0	0.0	0.0	0.0	0.0	0.0	0.0	0.0	0.0	0.0	0.0	0.0	0.0	0.0	0.0	0.0	0.0	0.0	0.0	0.0	0.0	0.0	0.0	0.0	0.0	0.0	0.0	0.0	0.0	0.0	0.0	0.0	0.0	0.0	0.0	0.0	0.0	0.0	0.0	0.0	0.0	0.0	0.0	0.0	0.0	0.0	0.0	0.0	0.0	0.0	0.0	0.0	0.0	0.0	0.0	0.0	0.0	0.0	0.0	0.0	0.0	0.0	0.0	0.0	0.0	0.0	0.0	0.0	0.0	0.0	0.0	0.0	0.0	0.0	0.0	0.0	0.0	0.0	0.0	0.0	0.0	0.0	0.0	0.0	0.0	0.0	0.0	0.0	0.0	0.0	0.0	0.0	0.0	0.0	0.0	0.0	0.0	0.0	0.0	0.0	0.0	0.0	0.0	0.0	0.0	0.0	0.0	0.0	0.0	0.0	0.0	0.0	0.0	0.0	0.0	0.0	0.0	0.0	0.0	0.0	0.0	0.0	0.0	0.0	0.0	0.0	0.0	0.0	0.0	0.0	0.0	0.0	0.0	0.0	0.0	0.0	0.0	0.0	0.0	0.0	0.0	0.0	0.0	0.0	0.0	0.0	0.0	0.0	0.0	0.0	0.0	0.0	0.0	0.0	0.0	0.0	0.0	0.0	0.0	0.0	0.0	0.0	0.0	0.0	0.0	0.0	0.0	0.0	0.0	0.0	0.0	0.0	0.0	0.0	0.0	0.0	0.0	0.0	0.0	0.0	0.0	0.0	0.0	0.0	0.0	0.0	0.0	0.0	0.0	0.0	0.0	0.0	0.0	0.0	0.0	0.0	0.0	0.0	0.0	0.0	0.0	0.0	0.0	0.0	0.0	0.0	0.0	0.0	0.0	0.0	0.0	0.0	0.0	0.0	0.0	0.0	0.0	0.0	0.0	0.0	0.0	0.0	0.0	0.0	0.0	0.0	0.0	0.0	0.0	0.0	0.0	0.0	0.0	0.0	0.0	0.0	0.0	0.0	0.0	0.0	0.0	0.0	0.0	0.0	0.0	0.0	0.0	0.0	0.0	0.0	0.0	0.0	0.0	0.0	0.0	0.0	0.0	0.0	0.0	0.0	0.0	0.0	0.0	0.0	0.0	0.0	0.0	0.0	0.0	0.0	0.0	0.0	0.0	0.0	0.0	0.0	0.0	0.0	0.0	0.0	0.0	0.0	0.0	0.0	0.0	0.0	0.0	0.0	0.0	0.0	0.0	0.0	0.0	0.0	0.0	0.0	0.0	0.0	0.0	0.0	0.0	0.0	0.0	0.0	0.0	0.0	0.0	0.0	0.0	0.0	0.0	0.0	0.0	0.0	0.0	0.0	0.0	0.0	0.0	0.0	0.0	0.0	0.0	0.0	0.0	0.0	0.0	0.0	0.0	0.0	0.0	0.0	0.0	0.0	0.0	0.0	0.0	0.0	0.0	0.0	0.0	0.0	0.0	0.0	0.0	0.0	0.0	0.0	0.0	0.0	0.0	0.0	0.0	0.0	0.0	0.0	0.0	0.0	0.0	0.0	0.0	0.0	0.0	0.0	0.0	0.0	0.0	0.0	0.0	0.0	0.0	0.0	0.0	0.0	0.0	0.0	0.0	0.0	0.0	0.0	0.0	0.0	0.0	0.0	0.0	0.0	0.0	0.0	0.0	0.0	0.0	0.0	0.0	0.0	0.0	0.0	0.0	0.0	0.0	0.0	0.0
0.0	0.0	0.0	0.0	0.0	0.0	0.0	0.0	0.0	0.0	0.0	0.0	0.0	0.0	0.0	0.0	0.0	0.0	0.0	0.0	0.0	0.0	0.0	0.0	0.0	0.0	0.0	0.0	0.0	0.0	0.0	0.0	0.0	0.0	0.0	0.0	0.0	0.0	0.0	0.0	0.0	0.0	0.0	0.0	0.0	0.0	0.0	0.0	0.0	0.0	0.0	0.0	0.0	0.0	0.0	0.0	0.0	0.0	0.0	0.0	0.0	0.0	0.0	0.0	0.0	0.0	0.0	0.0	0.0	0.0	0.0	0.0	0.0	0.0	0.0	0.0	0.0	0.0	0.0	0.0	0.0	0.0	0.0	0.0	0.0	0.0	0.0	0.0	0.0	0.0	0.0	0.0	0.0	0.0	0.0	0.0	0.0	0.0	0.0	0.0	0.0	0.0	0.0	0.0	0.0	0.0	0.0	0.0	0.0	0.0	0.0	0.0	0.0	0.0	0.0	0.0	0.0	0.0	0.0	0.0	0.0	0.0	0.0	0.0	0.0	0.0	0.0	0.0	0.0	0.0	0.0	0.0	0.0	0.0	0.0	0.0	0.0	0.0	0.0	0.0	0.0	0.0	0.0	0.0	0.0	0.0	0.0	0.0	0.0	0.0	0.0	0.0	0.0	0.0	0.0	0.0	0.0	0.0	0.0	0.0	0.0	0.0	0.0	0.0	0.0	0.0	0.0	0.0	0.0	0.0	0.0	0.0	0.0	0.0	0.0	0.0	0.0	0.0	0.0	0.0	0.0	0.0	0.0	0.0	0.0	0.0	0.0	0.0	0.0	0.0	0.0	0.0	0.0	0.0	0.0	0.0	0.0	0.0	0.0	0.0	0.0	0.0	0.0	0.0	0.0	0.0	0.0	0.0	0.0	0.0	0.0	0.0	0.0	0.0	0.0	0.0	0.0	0.0	0.0	0.0	0.0	0.0	0.0	0.0	0.0	0.0	0.0	0.0	0.0	0.0	0.0	0.0	0.0	0.0	0.0	0.0	0.0	0.0	0.0	0.0	0.0	0.0	0.0	0.0	0.0	0.0	0.0	0.0	0.0	0.0	0.0	0.0	0.0	0.0	0.0	0.0	0.0	0.0	0.0	0.0	0.0	0.0	0.0	0.0	0.0	0.0	0.0	0.0	0.0	0.0	0.0	0.0	0.0	0.0	0.0	0.0	0.0	0.0	0.0	0.0	0.0	0.0	0.0	0.0	0.0	0.0	0.0	0.0	0.0	0.0	0.0	0.0	0.0	0.0	0.0	0.0	0.0	0.0	0.0	0.0	0.0	0.0	0.0	0.0	0.0	0.0	0.0	0.0	0.0	0.0	0.0	0.0	0.0	0.0	0.0	0.0	0.0	0.0	0.0	0.0	0.0	0.0	0.0	0.0	0.0	0.0	0.0	0.0	0.0	0.0	0.0	0.0	0.0	0.0	0.0	0.0	0.0	0.0	0.0	0.0	0.0	0.0	0.0	0.0	0.0	0.0	0.0	0.0	0.0	0.0	0.0	0.0	0.0	0.0	0.0	0.0	0.0	0.0	0.0	0.0	0.0	0.0	0.0	0.0	0.0	0.0	0.0	0.0	0.0	0.0	0.0	0.0	0.0	0.0	0.0	0.0	0.0	0.0	0.0	0.0	0.0	0.0	0.0	0.0	0.0	0.0	0.0	0.0	0.0	0.0	0.0	0.0	0.0	0.0	0.0	0.0	0.0	0.0	0.0	0.0	0.0	0.0	0.0	0.0	0.0	0.0	0.0	0.0	0.0	0.0	0.0	0.0	0.0	0.0	0.0	0.0	0.0	0.0	0.0	0.0	0.0	0.0	0.0	0.0	0.0	0.0	0.0	0.0	0.0	0.0	0.0	0.0	0.0	0.0	0.0	0.0	0.0	0.0	0.0	0.0	0.0	0.0	0.0	0.0	0.0	0.0	0.0	0.0	0.0	0.0	0.0	0.0	0.0	0.0	0.0	0.0	0.0	0.0	0.0	0.0	0.0	0.0	0.0	0.0	0.0	0.0	0.0	0.0	0.0	0.0	0.0	0.0	0.0	0.0	0.0	0.0	0.0	0.0	0.0	0.0	0.0	0.0	0.0	0.0	0.0	0.0	0.0	0.0	0.0	0.0	0.0	0.0	0.0	0.0	0.0	0.0	0.0	0.0	0.0	0.0
0.0	-1.1920929e-09	7.152557e-09	0.0	1.66893e-08	3.9339067e-08	3.9339067e-08	1.5497207e-08	0.0	-2.3841857e-09	8.34465e-09	2.6226044e-08	2.3841857e-09	3.5762786e-09	5.364418e-08	-3.5762786e-09	4.053116e-08	4.053116e-08	0.0	0.0	1.4305114e-08	3.4570693e-08	5.9604646e-09	0.0	1.1920929e-09	1.07288365e-08	3.4570693e-08	0.0	0.0	-1.1920929e-08	4.529953e-08	3.5762786e-09	2.3841858e-08	0.0	1.5497207e-08	5.9604646e-09	1.4305114e-08	-1.3113022e-08	1.1920929e-08	1.5497207e-08	4.053116e-08	1.2755395e-07	-6.437302e-08	2.3841857e-09	2.6226044e-08	2.9802322e-08	2.7418137e-08	1.5497207e-08	2.3841857e-09	1.1920929e-09	-5.9604646e-09	7.152557e-09	0.0	3.5762786e-09	5.00679e-08	1.9073486e-08	0.0	0.0	-4.172325e-08	1.7881394e-08	1.66893e-08	7.510185e-08	1.1920929e-08	2.8610229e-08	2.6226044e-08	5.9604646e-09	2.3841858e-08	0.0	0.0	-1.07288365e-08	-4.172325e-08	3.218651e-08	5.1259995e-08	0.0	2.3841858e-08	1.6450882e-07	-2.9802322e-08	0.0	1.1920929e-09	4.172325e-08	2.8610229e-08	2.7418137e-08	0.0	-7.152557e-09	2.8610229e-08	1.7642975e-07	1.0848046e-07	2.503395e-08	8.7022784e-08	1.1920929e-08	1.07288365e-08	1.07288365e-08	1.1920929e-09	0.0	2.7418137e-08	0.0	8.106232e-08	3.218651e-08	1.1920929e-08	5.6028366e-08	-3.5762786e-09	-4.7683715e-09	0.0	0.0	5.9604646e-09	2.9802322e-08	-5.9604646e-09	1.3113022e-08	6.318092e-08	-1.07288365e-08	0.0	8.225441e-08	0.0	2.3841858e-08	0.0	5.9604646e-09	1.07288365e-08	3.8146972e-08	-6.079674e-08	8.34465e-09	0.0	-4.7683715e-09	1.4305114e-08	7.152557e-09	2.2649765e-08	-4.7683715e-09	8.34465e-09	4.4107438e-08	0.0	7.7486035e-08	-2.3841857e-09	0.0	0.0	-4.5895575e-07	3.576279e-08	-1.4305114e-08	2.3841857e-09	0.0	3.218651e-08	2.2649765e-08	3.5762786e-09	3.9339067e-08	5.00679e-08	7.033348e-08	-2.3841857e-09	0.0	4.2915346e-08	0.0	4.529953e-08	-1.1920929e-08	0.0	0.0	-1.66893e-08	3.695488e-08	0.0	-8.34465e-09	4.2915346e-08	9.536743e-09	3.4570693e-08	1.0848046e-07	-1.3113022e-08	1.5497207e-08	6.67572e-08	2.503395e-08	5.9604646e-09	4.4107438e-08	0.0	-2.3841857e-09	9.298324e-08	-1.1920929e-09	2.1457673e-08	1.4305114e-08	0.0	0.0	0.0	0.0	1.1920929e-08	2.5629998e-07	3.576279e-08	-7.152557e-09	0.0	2.2649765e-08	-7.152557e-09	0.0	7.033348e-08	3.9339067e-08	2.6226044e-08	2.8610229e-08	3.33786e-08	0.0	-4.7683715e-09	0.0	0.0	5.1259995e-08	-1.1920929e-09	5.9604646e-09	3.9339067e-08	2.7418137e-08	1.4305114e-08	5.00679e-08	1.1920929e-09	0.0	-1.1920929e-09	-7.152557e-09	-2.3841857e-09	3.9339067e-08	1.07288365e-08	0.0	-4.7683715e-09	7.271767e-08	2.026558e-08	3.4570693e-08	1.3113022e-08	0.0	6.318092e-08	3.4570693e-08	7.390976e-08	1.1920929e-08	7.8678134e-08	2.9802322e-08	0.0	3.0994414e-08	7.8678134e-08	0.0	2.3841857e-09	-3.5762786e-09	3.33786e-08	2.2649765e-07	5.00679e-08	4.7683717e-08	5.6028366e-08	0.0	1.4305114e-08	2.2649765e-08	3.695488e-08	4.7683715e-09	3.0994414e-08	6.318092e-08	2.3841858e-08	2.3841857e-09	1.3113022e-08	0.0	4.7683717e-08	2.3841858e-08	-1.1920929e-09	1.1920929e-09	2.6226044e-07	1.3113022e-08	0.0	-4.529953e-08	3.33786e-08	0.0	1.07288365e-08	8.34465e-08	1.1920929e-08	2.8610229e-08	3.218651e-08	-1.1920929e-09	2.026558e-08	6.318092e-08	6.437302e-08	-1.9192696e-07	-7.152557e-09	0.0	-3.33786e-08	9.536743e-09	0.0	5.364418e-08	2.3841858e-08	2.503395e-08	1.4305114e-08	8.34465e-09	9.536743e-09	4.7683715e-09	0.0	-1.07288365e-08	1.4305114e-08	8.106232e-08	2.8610229e-08	8.34465e-09	2.7418137e-08	3.5762786e-09	2.7418137e-08	0.0	1.1920929e-09	-4.7683715e-09	0.0	3.576279e-08	1.9073486e-08	3.8146972e-08	1.9073486e-08	0.0	1.9073486e-08	0.0	1.7881394e-08	7.9870226e-08	8.583069e-08	0.0	0.0	7.152557e-09	2.8610229e-08	4.2915346e-08	3.576279e-08	1.1920929e-09	1.3113022e-08	2.2649765e-08	1.3113022e-08	2.7418137e-08	2.8610229e-08	1.07288365e-08	9.059906e-08	2.6226044e-08	5.9604646e-09	0.0	1.9431114e-07	1.4305114e-08	4.7683715e-09	0.0	2.2649765e-08	5.9604646e-09	2.360344e-07	3.0994414e-08	3.4570693e-08	0.0	2.2649765e-08	0.0	2.3841857e-09	7.7486035e-08	-5.9604646e-09	-4.649162e-08	1.7881394e-08	3.5762786e-09	1.4305114e-08	2.9802322e-08	5.2452087e-08	2.3841857e-09	5.8412553e-08	1.1920929e-08	9.179115e-08	3.576279e-08	0.0	-1.1920929e-09	-1.66893e-08	8.225441e-08	4.7683715e-09	6.556511e-08	8.7022784e-08	2.026558e-08	1.4305114e-08	-1.1920929e-09	0.0	2.503395e-08	1.07288365e-08	2.026558e-08	0.0	5.6028366e-08	3.576279e-08	-1.1920929e-09	1.1920929e-08	0.0	8.34465e-09	0.0	8.34465e-09	1.001358e-07	4.2915346e-08	0.0	-1.9073486e-08	-1.1920929e-08	-7.152557e-09	4.7683717e-08	2.1457673e-08	0.0	0.0	3.0994414e-08	-2.3841857e-09	1.66893e-08	1.1920929e-09	0.0	7.033348e-08	1.1920929e-09	0.0	3.576279e-08	1.15633014e-07	1.2159347e-07	1.7881394e-08	1.9073486e-08	1.4305114e-08	1.9073486e-08	1.4305114e-08	2.8610229e-08	2.1457673e-08	0.0	2.3841857e-09	8.34465e-09	-1.1920929e-09	3.8146972e-08	4.053116e-08	1.07288365e-08	1.66893e-08	3.33786e-08	-1.1920929e-09	4.7683717e-08	1.013279e-07	0.0	2.7418137e-08	2.7418137e-08	4.7683715e-09	5.00679e-08	6.556511e-08	3.5762786e-09	1.07288365e-08	3.9339067e-08	0.0	2.3841857e-09	5.9604646e-09	1.5497207e-08	3.576279e-08	-7.152557e-09	2.8610229e-08	1.9073486e-08	8.940697e-08	1.1920929e-07	3.4570693e-08	0.0	1.66893e-08	0.0	1.9073486e-08	0.0	1.7881394e-08	1.9073486e-08	0.0	0.0	1.1086464e-07	2.3841857e-09	8.7022784e-08	1.7881394e-08	1.0848046e-07	7.510185e-08	0.0	1.1920929e-08	-7.152557e-09	-2.1457673e-08	1.5497207e-08	3.218651e-08	-1.1920929e-09	2.503395e-08	6.7949294e-08	4.2915346e-08	0.0	2.3841857e-09	-1.1920929e-09	3.218651e-08	0.0	-1.1920929e-09	3.218651e-08	0.0	-1.1920929e-09	1.7881394e-08	6.437302e-08	0.0	4.7683715e-09	9.6559525e-08	1.07288365e-08	1.5497207e-08	1.8596648e-07	1.07288365e-08	2.2649765e-08	0.0	2.6226044e-08	4.053116e-08	-1.1920929e-09	2.6226044e-08	-2.3841857e-09	0.0	-2.3841857e-09	0.0	2.9802322e-08	1.4305114e-08	5.00679e-08	4.172325e-08	1.5497207e-08	1.66893e-08	3.0994414e-08	2.8610229e-08	3.4570693e-08	0.0	1.66893e-08	1.1920929e-08	8.34465e-08	1.1920929e-09	8.106232e-08	0.0	2.7418137e-08	-4.7683715e-09	4.4107438e-08	-1.3113022e-08	0.0	6.318092e-08	1.9073486e-08	-4.7683715e-09
0.0	0.0	0.0	0.0	0.0	0.0	0.0	0.0	0.0	0.0	0.0	0.0	0.0	0.0	0.0	0.0	0.0	0.0	0.0	0.0	0.0	0.0	0.0	0.0	0.0	0.0	0.0	0.0	0.0	0.0	0.0	0.0	0.0	0.0	0.0	0.0	0.0	0.0	0.0	0.0	0.0	0.0	0.0	0.0	0.0	0.0	0.0	0.0	0.0	0.0	0.0	0.0	0.0	0.0	0.0	0.0	0.0	0.0	0.0	0.0	0.0	0.0	0.0	0.0	0.0	0.0	0.0	0.0	0.0	0.0	0.0	0.0	0.0	0.0	0.0	0.0	0.0	0.0	0.0	0.0	0.0	0.0	0.0	0.0	0.0	0.0	0.0	0.0	0.0	0.0	0.0	0.0	0.0	0.0	0.0	0.0	0.0	0.0	0.0	0.0	0.0	0.0	0.0	0.0	0.0	0.0	0.0	0.0	0.0	0.0	0.0	0.0	0.0	0.0	0.0	0.0	0.0	0.0	0.0	0.0	0.0	0.0	0.0	0.0	0.0	0.0	0.0	0.0	0.0	0.0	0.0	0.0	0.0	0.0	0.0	0.0	0.0	0.0	0.0	0.0	0.0	0.0	0.0	0.0	0.0	0.0	0.0	0.0	0.0	0.0	0.0	0.0	0.0	0.0	0.0	0.0	0.0	0.0	0.0	0.0	0.0	0.0	0.0	0.0	0.0	0.0	0.0	0.0	0.0	0.0	0.0	0.0	0.0	0.0	0.0	0.0	0.0	0.0	0.0	0.0	0.0	0.0	0.0	0.0	0.0	0.0	0.0	0.0	0.0	0.0	0.0	0.0	0.0	0.0	0.0	0.0	0.0	0.0	0.0	0.0	0.0	0.0	0.0	0.0	0.0	0.0	0.0	0.0	0.0	0.0	0.0	0.0	0.0	0.0	0.0	0.0	0.0	0.0	0.0	0.0	0.0	0.0	0.0	0.0	0.0	0.0	0.0	0.0	0.0	0.0	0.0	0.0	0.0	0.0	0.0	0.0	0.0	0.0	0.0	0.0	0.0	0.0	0.0	0.0	0.0	0.0	0.0	0.0	0.0	0.0	0.0	0.0	0.0	0.0	0.0	0.0	0.0	0.0	0.0	0.0	0.0	0.0	0.0	0.0	0.0	0.0	0.0	0.0	0.0	0.0	0.0	0.0	0.0	0.0	0.0	0.0	0.0	0.0	0.0	0.0	0.0	0.0	0.0	0.0	0.0	0.0	0.0	0.0	0.0	0.0	0.0	0.0	0.0	0.0	0.0	0.0	0.0	0.0	0.0	0.0	0.0	0.0	0.0	0.0	0.0	0.0	0.0	0.0	0.0	0.0	0.0	0.0	0.0	0.0	0.0	0.0	0.0	0.0	0.0	0.0	0.0	0.0	0.0	0.0	0.0	0.0	0.0	0.0	0.0	0.0	0.0	0.0	0.0	0.0	0.0	0.0	0.0	0.0	0.0	0.0	0.0	0.0	0.0	0.0	0.0	0.0	0.0	0.0	0.0	0.0	0.0	0.0	0.0	0.0	0.0	0.0	0.0	0.0	0.0	0.0	0.0	0.0	0.0	0.0	0.0	0.0	0.0	0.0	0.0	0.0	0.0	0.0	0.0	0.0	0.0	0.0	0.0	0.0	0.0	0.0	0.0	0.0	0.0	0.0	0.0	0.0	0.0	0.0	0.0	0.0	0.0	0.0	0.0	0.0	0.0	0.0	0.0	0.0	0.0	0.0	0.0	0.0	0.0	0.0	0.0	0.0	0.0	0.0	0.0	0.0	0.0	0.0	0.0	0.0	0.0	0.0	0.0	0.0	0.0	0.0	0.0	0.0	0.0	0.0	0.0	0.0	0.0	0.0	0.0	0.0	0.0	0.0	0.0	0.0	0.0	0.0	0.0	0.0	0.0	0.0	0.0	0.0	0.0	0.0	0.0	0.0	0.0	0.0	0.0	0.0	0.0	0.0	0.0	0.0	0.0	0.0	0.0	0.0	0.0	0.0	0.0	0.0	0.0	0.0	0.0	0.0	0.0	0.0	0.0	0.0	0.0	0.0	0.0	0.0	0.0	0.0	0.0	0.0	0.0	0.0	0.0	0.0	0.0	0.0	0.0	0.0	0.0	0.0	0.0	0.0	0.0	0.0	0.0	0.0	0.0	0.0	0.0	0.0	0.0	0.0
0.0	0.0	0.0	0.0	0.0	0.0	0.0	0.0	0.0	0.0	0.0	0.0	0.0	0.0	0.0	0.0	0.0	0.0	0.0	0.0	0.0	0.0	0.0	0.0	0.0	0.0	0.0	0.0	0.0	0.0	0.0	0.0	0.0	0.0	0.0	0.0	0.0	0.0	0.0	0.0	0.0	0.0	0.0	0.0	0.0	0.0	0.0	0.0	0.0	0.0	0.0	0.0	0.0	0.0	0.0	0.0	0.0	0.0	0.0	0.0	0.0	0.0	0.0	0.0	0.0	0.0	0.0	0.0	0.0	0.0	0.0	0.0	0.0	0.0	0.0	0.0	0.0	0.0	0.0	0.0	0.0	0.0	0.0	0.0	0.0	0.0	0.0	0.0	0.0	0.0	0.0	0.0	0.0	0.0	0.0	0.0	0.0	0.0	0.0	0.0	0.0	0.0	0.0	0.0	0.0	0.0	0.0	0.0	0.0	0.0	0.0	0.0	0.0	0.0	0.0	0.0	0.0	0.0	0.0	0.0	0.0	0.0	0.0	0.0	0.0	0.0	0.0	0.0	0.0	0.0	0.0	0.0	0.0	0.0	0.0	0.0	0.0	0.0	0.0	0.0	0.0	0.0	0.0	0.0	0.0	0.0	0.0	0.0	0.0	0.0	0.0	0.0	0.0	0.0	0.0	0.0	0.0	0.0	0.0	0.0	0.0	0.0	0.0	0.0	0.0	0.0	0.0	0.0	0.0	0.0	0.0	0.0	0.0	0.0	0.0	0.0	0.0	0.0	0.0	0.0	0.0	0.0	0.0	0.0	0.0	0.0	0.0	0.0	0.0	0.0	0.0	0.0	0.0	0.0	0.0	0.0	0.0	0.0	0.0	0.0	0.0	0.0	0.0	0.0	0.0	0.0	0.0	0.0	0.0	0.0	0.0	0.0	0.0	0.0	0.0	0.0	0.0	0.0	0.0	0.0	0.0	0.0	0.0	0.0	0.0	0.0	0.0	0.0	0.0	0.0	0.0	0.0	0.0	0.0	0.0	0.0	0.0	0.0	0.0	0.0	0.0	0.0	0.0	0.0	0.0	0.0	0.0	0.0	0.0	0.0	0.0	0.0	0.0	0.0	0.0	0.0	0.0	0.0	0.0	0.0	0.0	0.0	0.0	0.0	0.0	0.0	0.0	0.0	0.0	0.0	0.0	0.0	0.0	0.0	0.0	0.0	0.0	0.0	0.0	0.0	0.0	0.0	0.0	0.0	0.0	0.0	0.0	0.0	0.0	0.0	0.0	0.0	0.0	0.0	0.0	0.0	0.0	0.0	0.0	0.0	0.0	0.0	0.0	0.0	0.0	0.0	0.0	0.0	0.0	0.0	0.0	0.0	0.0	0.0	0.0	0.0	0.0	0.0	0.0	0.0	0.0	0.0	0.0	0.0	0.0	0.0	0.0	0.0	0.0	0.0	0.0	0.0	0.0	0.0	0.0	0.0	0.0	0.0	0.0	0.0	0.0	0.0	0.0	0.0	0.0	0.0	0.0	0.0	0.0	0.0	0.0	0.0	0.0	0.0	0.0	0.0	0.0	0.0	0.0	0.0	0.0	0.0	0.0	0.0	0.0	0.0	0.0	0.0	0.0	0.0	0.0	0.0	0.0	0.0	0.0	0.0	0.0	0.0	0.0	0.0	0.0	0.0	0.0	0.0	0.0	0.0	0.0	0.0	0.0	0.0	0.0	0.0	0.0	0.0	0.0	0.0	0.0	0.0	0.0	0.0	0.0	0.0	0.0	0.0	0.0	0.0	0.0	0.0	0.0	0.0	0.0	0.0	0.0	0.0	0.0	0.0	0.0	0.0	0.0	0.0	0.0	0.0	0.0	0.0	0.0	0.0	0.0	0.0	0.0	0.0	0.0	0.0	0.0	0.0	0.0	0.0	0.0	0.0	0.0	0.0	0.0	0.0	0.0	0.0	0.0	0.0	0.0	0.0	0.0	0.0	0.0	0.0	0.0	0.0	0.0	0.0	0.0	0.0	0.0	0.0	0.0	0.0	0.0	0.0	0.0	0.0	0.0	0.0	0.0	0.0	0.0	0.0	0.0	0.0	0.0	0.0	0.0	0.0	0.0	0.0	0.0	0.0	0.0	0.0	0.0	0.0	0.0	0.0	0.0	0.0	0.0	0.0	0.0	0.0	0.0	0.0	0.0	0.0	0.0	0.0
0.0	0.0	0.0	0.0	0.0	0.0	0.0	0.0	0.0	0.0	0.0	0.0	0.0	0.0	0.0	0.0	0.0	0.0	0.0	0.0	0.0	0.0	0.0	0.0	0.0	0.0	0.0	0.0	0.0	0.0	0.0	0.0	0.0	0.0	0.0	0.0	0.0	0.0	0.0	0.0	0.0	0.0	0.0	0.0	0.0	0.0	0.0	0.0	0.0	0.0	0.0	0.0	0.0	0.0	0.0	0.0	0.0	0.0	0.0	0.0	0.0	0.0	0.0	0.0	0.0	0.0	0.0	0.0	0.0	0.0	0.0	0.0	0.0	0.0	0.0	0.0	0.0	0.0	0.0	0.0	0.0	0.0	0.0	0.0	0.0	0.0	0.0	0.0	0.0	0.0	0.0	0.0	0.0	0.0	0.0	0.0	0.0	0.0	0.0	0.0	0.0	0.0	0.0	0.0	0.0	0.0	0.0	0.0	0.0	0.0	0.0	0.0	0.0	0.0	0.0	0.0	0.0	0.0	0.0	0.0	0.0	0.0	0.0	0.0	0.0	0.0	0.0	0.0	0.0	0.0	0.0	0.0	0.0	0.0	0.0	0.0	0.0	0.0	0.0	0.0	0.0	0.0	0.0	0.0	0.0	0.0	0.0	0.0	0.0	0.0	0.0	0.0	0.0	0.0	0.0	0.0	0.0	0.0	0.0	0.0	0.0	0.0	0.0	0.0	0.0	0.0	0.0	0.0	0.0	0.0	0.0	0.0	0.0	0.0	0.0	0.0	0.0	0.0	0.0	0.0	0.0	0.0	0.0	0.0	0.0	0.0	0.0	0.0	0.0	0.0	0.0	0.0	0.0	0.0	0.0	0.0	0.0	0.0	0.0	0.0	0.0	0.0	0.0	0.0	0.0	0.0	0.0	0.0	0.0	0.0	0.0	0.0	0.0	0.0	0.0	0.0	0.0	0.0	0.0	0.0	0.0	0.0	0.0	0.0	0.0	0.0	0.0	0.0	0.0	0.0	0.0	0.0	0.0	0.0	0.0	0.0	0.0	0.0	0.0	0.0	0.0	0.0	0.0	0.0	0.0	0.0	0.0	0.0	0.0	0.0	0.0	0.0	0.0	0.0	0.0	0.0	0.0	0.0	0.0	0.0	0.0	0.0	0.0	0.0	0.0	0.0	0.0	0.0	0.0	0.0	0.0	0.0	0.0	0.0	0.0	0.0	0.0	0.0	0.0	0.0	0.0	0.0	0.0	0.0	0.0	0.0	0.0	0.0	0.0	0.0	0.0	0.0	0.0	0.0	0.0	0.0	0.0	0.0	0.0	0.0	0.0	0.0	0.0	0.0	0.0	0.0	0.0	0.0	0.0	0.0	0.0	0.0	0.0	0.0	0.0	0.0	0.0	0.0	0.0	0.0	0.0	0.0	0.0	0.0	0.0	0.0	0.0	0.0	0.0	0.0	0.0	0.0	0.0	0.0	0.0	0.0	0.0	0.0	0.0	0.0	0.0	0.0	0.0	0.0	0.0	0.0	0.0	0.0	0.0	0.0	0.0	0.0	0.0	0.0	0.0	0.0	0.0	0.0	0.0	0.0	0.0	0.0	0.0	0.0	0.0	0.0	0.0	0.0	0.0	0.0	0.0	0.0	0.0	0.0	0.0	0.0	0.0	0.0	0.0	0.0	0.0	0.0	0.0	0.0	0.0	0.0	0.0	0.0	0.0	0.0	0.0	0.0	0.0	0.0	0.0	0.0	0.0	0.0	0.0	0.0	0.0	0.0	0.0	0.0	0.0	0.0	0.0	0.0	0.0	0.0	0.0	0.0	0.0	0.0	0.0	0.0	0.0	0.0	0.0	0.0	0.0	0.0	0.0	0.0	0.0	0.0	0.0	0.0	0.0	0.0	0.0	0.0	0.0	0.0	0.0	0.0	0.0	0.0	0.0	0.0	0.0	0.0	0.0	0.0	0.0	0.0	0.0	0.0	0.0	0.0	0.0	0.0	0.0	0.0	0.0	0.0	0.0	0.0	0.0	0.0	0.0	0.0	0.0	0.0	0.0	0.0	0.0	0.0	0.0	0.0	0.0	0.0	0.0	0.0	0.0	0.0	0.0	0.0	0.0	0.0	0.0	0.0	0.0	0.0	0.0	0.0	0.0	0.0	0.0	0.0	0.0	0.0	0.0	0.0	0.0	0.0	0.0	0.0	0.0	0.0
0.0	0.0	0.0	0.0	0.0	0.0	0.0	0.0	0.0	0.0	0.0	0.0	0.0	0.0	0.0	0.0	0.0	0.0	0.0	0.0	0.0	0.0	0.0	0.0	0.0	0.0	0.0	0.0	0.0	0.0	0.0	0.0	0.0	0.0	0.0	0.0	0.0	0.0	0.0	0.0	0.0	0.0	0.0	0.0	0.0	0.0	0.0	0.0	0.0	0.0	0.0	0.0	0.0	0.0	0.0	0.0	0.0	0.0	0.0	0.0	0.0	0.0	0.0	0.0	0.0	0.0	0.0	0.0	0.0	0.0	0.0	0.0	0.0	0.0	0.0	0.0	0.0	0.0	0.0	0.0	0.0	0.0	0.0	0.0	0.0	0.0	0.0	0.0	0.0	0.0	0.0	0.0	0.0	0.0	0.0	0.0	0.0	0.0	0.0	0.0	0.0	0.0	0.0	0.0	0.0	0.0	0.0	0.0	0.0	0.0	0.0	0.0	0.0	0.0	0.0	0.0	0.0	0.0	0.0	0.0	0.0	0.0	0.0	0.0	0.0	0.0	0.0	0.0	0.0	0.0	0.0	0.0	0.0	0.0	0.0	0.0	0.0	0.0	0.0	0.0	0.0	0.0	0.0	0.0	0.0	0.0	0.0	0.0	0.0	0.0	0.0	0.0	0.0	0.0	0.0	0.0	0.0	0.0	0.0	0.0	0.0	0.0	0.0	0.0	0.0	0.0	0.0	0.0	0.0	0.0	0.0	0.0	0.0	0.0	0.0	0.0	0.0	0.0	0.0	0.0	0.0	0.0	0.0	0.0	0.0	0.0	0.0	0.0	0.0	0.0	0.0	0.0	0.0	0.0	0.0	0.0	0.0	0.0	0.0	0.0	0.0	0.0	0.0	0.0	0.0	0.0	0.0	0.0	0.0	0.0	0.0	0.0	0.0	0.0	0.0	0.0	0.0	0.0	0.0	0.0	0.0	0.0	0.0	0.0	0.0	0.0	0.0	0.0	0.0	0.0	0.0	0.0	0.0	0.0	0.0	0.0	0.0	0.0	0.0	0.0	0.0	0.0	0.0	0.0	0.0	0.0	0.0	0.0	0.0	0.0	0.0	0.0	0.0	0.0	0.0	0.0	0.0	0.0	0.0	0.0	0.0	0.0	0.0	0.0	0.0	0.0	0.0	0.0	0.0	0.0	0.0	0.0	0.0	0.0	0.0	0.0	0.0	0.0	0.0	0.0	0.0	0.0	0.0	0.0	0.0	0.0	0.0	0.0	0.0	0.0	0.0	0.0	0.0	0.0	0.0	0.0	0.0	0.0	0.0	0.0	0.0	0.0	0.0	0.0	0.0	0.0	0.0	0.0	0.0	0.0	0.0	0.0	0.0	0.0	0.0	0.0	0.0	0.0	0.0	0.0	0.0	0.0	0.0	0.0	0.0	0.0	0.0	0.0	0.0	0.0	0.0	0.0	0.0	0.0	0.0	0.0	0.0	0.0	0.0	0.0	0.0	0.0	0.0	0.0	0.0	0.0	0.0	0.0	0.0	0.0	0.0	0.0	0.0	0.0	0.0	0.0	0.0	0.0	0.0	0.0	0.0	0.0	0.0	0.0	0.0	0.0	0.0	0.0	0.0	0.0	0.0	0.0	0.0	0.0	0.0	0.0	0.0	0.0	0.0	0.0	0.0	0.0	0.0	0.0	0.0	0.0	0.0	0.0	0.0	0.0	0.0	0.0	0.0	0.0	0.0	0.0	0.0	0.0	0.0	0.0	0.0	0.0	0.0	0.0	0.0	0.0	0.0	0.0	0.0	0.0	0.0	0.0	0.0	0.0	0.0	0.0	0.0	0.0	0.0	0.0	0.0	0.0	0.0	0.0	0.0	0.0	0.0	0.0	0.0	0.0	0.0	0.0	0.0	0.0	0.0	0.0	0.0	0.0	0.0	0.0	0.0	0.0	0.0	0.0	0.0	0.0	0.0	0.0	0.0	0.0	0.0	0.0	0.0	0.0	0.0	0.0	0.0	0.0	0.0	0.0	0.0	0.0	0.0	0.0	0.0	0.0	0.0	0.0	0.0	0.0	0.0	0.0	0.0	0.0	0.0	0.0	0.0	0.0	0.0	0.0	0.0	0.0	0.0	0.0	0.0	0.0	0.0	0.0	0.0	0.0	0.0	0.0	0.0	0.0	0.0	0.0	0.0	0.0	0.0	0.0
0.0	0.0	0.0	0.0	0.0	0.0	0.0	0.0	0.0	0.0	0.0	0.0	0.0	0.0	0.0	0.0	0.0	0.0	0.0	0.0	0.0	0.0	0.0	0.0	0.0	0.0	0.0	0.0	0.0	0.0	0.0	0.0	0.0	0.0	0.0	0.0	0.0	0.0	0.0	0.0	0.0	0.0	0.0	0.0	0.0	0.0	0.0	0.0	0.0	0.0	0.0	0.0	0.0	0.0	0.0	0.0	0.0	0.0	0.0	0.0	0.0	0.0	0.0	0.0	0.0	0.0	0.0	0.0	0.0	0.0	0.0	0.0	0.0	0.0	0.0	0.0	0.0	0.0	0.0	0.0	0.0	0.0	0.0	0.0	0.0	0.0	0.0	0.0	0.0	0.0	0.0	0.0	0.0	0.0	0.0	0.0	0.0	0.0	0.0	0.0	0.0	0.0	0.0	0.0	0.0	0.0	0.0	0.0	0.0	0.0	0.0	0.0	0.0	0.0	0.0	0.0	0.0	0.0	0.0	0.0	0.0	0.0	0.0	0.0	0.0	0.0	0.0	0.0	0.0	0.0	0.0	0.0	0.0	0.0	0.0	0.0	0.0	0.0	0.0	0.0	0.0	0.0	0.0	0.0	0.0	0.0	0.0	0.0	0.0	0.0	0.0	0.0	0.0	0.0	0.0	0.0	0.0	0.0	0.0	0.0	0.0	0.0	0.0	0.0	0.0	0.0	0.0	0.0	0.0	0.0	0.0	0.0	0.0	0.0	0.0	0.0	0.0	0.0	0.0	0.0	0.0	0.0	0.0	0.0	0.0	0.0	0.0	0.0	0.0	0.0	0.0	0.0	0.0	0.0	0.0	0.0	0.0	0.0	0.0	0.0	0.0	0.0	0.0	0.0	0.0	0.0	0.0	0.0	0.0	0.0	0.0	0.0	0.0	0.0	0.0	0.0	0.0	0.0	0.0	0.0	0.0	0.0	0.0	0.0	0.0	0.0	0.0	0.0	0.0	0.0	0.0	0.0	0.0	0.0	0.0	0.0	0.0	0.0	0.0	0.0	0.0	0.0	0.0	0.0	0.0	0.0	0.0	0.0	0.0	0.0	0.0	0.0	0.0	0.0	0.0	0.0	0.0	0.0	0.0	0.0	0.0	0.0	0.0	0.0	0.0	0.0	0.0	0.0	0.0	0.0	0.0	0.0	0.0	0.0	0.0	0.0	0.0	0.0	0.0	0.0	0.0	0.0	0.0	0.0	0.0	0.0	0.0	0.0	0.0	0.0	0.0	0.0	0.0	0.0	0.0	0.0	0.0	0.0	0.0	0.0	0.0	0.0	0.0	0.0	0.0	0.0	0.0	0.0	0.0	0.0	0.0	0.0	0.0	0.0	0.0	0.0	0.0	0.0	0.0	0.0	0.0	0.0	0.0	0.0	0.0	0.0	0.0	0.0	0.0	0.0	0.0	0.0	0.0	0.0	0.0	0.0	0.0	0.0	0.0	0.0	0.0	0.0	0.0	0.0	0.0	0.0	0.0	0.0	0.0	0.0	0.0	0.0	0.0	0.0	0.0	0.0	0.0	0.0	0.0	0.0	0.0	0.0	0.0	0.0	0.0	0.0	0.0	0.0	0.0	0.0	0.0	0.0	0.0	0.0	0.0	0.0	0.0	0.0	0.0	0.0	0.0	0.0	0.0	0.0	0.0	0.0	0.0	0.0	0.0	0.0	0.0	0.0	0.0	0.0	0.0	0.0	0.0	0.0	0.0	0.0	0.0	0.0	0.0	0.0	0.0	0.0	0.0	0.0	0.0	0.0	0.0	0.0	0.0	0.0	0.0	0.0	0.0	0.0	0.0	0.0	0.0	0.0	0.0	0.0	0.0	0.0	0.0	0.0	0.0	0.0	0.0	0.0	0.0	0.0	0.0	0.0	0.0	0.0	0.0	0.0	0.0	0.0	0.0	0.0	0.0	0.0	0.0	0.0	0.0	0.0	0.0	0.0	0.0	0.0	0.0	0.0	0.0	0.0	0.0	0.0	0.0	0.0	0.0	0.0	0.0	0.0	0.0	0.0	0.0	0.0	0.0	0.0	0.0	0.0	0.0	0.0	0.0	0.0	0.0	0.0	0.0	0.0	0.0	0.0	0.0	0.0	0.0	0.0	0.0	0.0	0.0	0.0	0.0	0.0	0.0	0.0	0.0	0.0	0.0	0.0
0.0	0.0	0.0	0.0	0.0	0.0	0.0	0.0	0.0	0.0	0.0	0.0	0.0	0.0	0.0	0.0	0.0	0.0	0.0	0.0	0.0	0.0	0.0	0.0	0.0	0.0	0.0	0.0	0.0	0.0	0.0	0.0	0.0	0.0	0.0	0.0	0.0	0.0	0.0	0.0	0.0	0.0	0.0	0.0	0.0	0.0	0.0	0.0	0.0	0.0	0.0	0.0	0.0	0.0	0.0	0.0	0.0	0.0	0.0	0.0	0.0	0.0	0.0	0.0	0.0	0.0	0.0	0.0	0.0	0.0	0.0	0.0	0.0	0.0	0.0	0.0	0.0	0.0	0.0	0.0	0.0	0.0	0.0	0.0	0.0	0.0	0.0	0.0	0.0	0.0	0.0	0.0	0.0	0.0	0.0	0.0	0.0	0.0	0.0	0.0	0.0	0.0	0.0	0.0	0.0	0.0	0.0	0.0	0.0	0.0	0.0	0.0	0.0	0.0	0.0	0.0	0.0	0.0	0.0	0.0	0.0	0.0	0.0	0.0	0.0	0.0	0.0	0.0	0.0	0.0	0.0	0.0	0.0	0.0	0.0	0.0	0.0	0.0	0.0	0.0	0.0	0.0	0.0	0.0	0.0	0.0	0.0	0.0	0.0	0.0	0.0	0.0	0.0	0.0	0.0	0.0	0.0	0.0	0.0	0.0	0.0	0.0	0.0	0.0	0.0	0.0	0.0	0.0	0.0	0.0	0.0	0.0	0.0	0.0	0.0	0.0	0.0	0.0	0.0	0.0	0.0	0.0	0.0	0.0	0.0	0.0	0.0	0.0	0.0	0.0	0.0	0.0	0.0	0.0	0.0	0.0	0.0	0.0	0.0	0.0	0.0	0.0	0.0	0.0	0.0	0.0	0.0	0.0	0.0	0.0	0.0	0.0	0.0	0.0	0.0	0.0	0.0	0.0	0.0	0.0	0.0	0.0	0.0	0.0	0.0	0.0	0.0	0.0	0.0	0.0	0.0	0.0	0.0	0.0	0.0	0.0	0.0	0.0	0.0	0.0	0.0	0.0	0.0	0.0	0.0	0.0	0.0	0.0	0.0	0.0	0.0	0.0	0.0	0.0	0.0	0.0	0.0	0.0	0.0	0.0	0.0	0.0	0.0	0.0	0.0	0.0	0.0	0.0	0.0	0.0	0.0	0.0	0.0	0.0	0.0	0.0	0.0	0.0	0.0	0.0	0.0	0.0	0.0	0.0	0.0	0.0	0.0	0.0	0.0	0.0	0.0	0.0	0.0	0.0	0.0	0.0	0.0	0.0	0.0	0.0	0.0	0.0	0.0	0.0	0.0	0.0	0.0	0.0	0.0	0.0	0.0	0.0	0.0	0.0	0.0	0.0	0.0	0.0	0.0	0.0	0.0	0.0	0.0	0.0	0.0	0.0	0.0	0.0	0.0	0.0	0.0	0.0	0.0	0.0	0.0	0.0	0.0	0.0	0.0	0.0	0.0	0.0	0.0	0.0	0.0	0.0	0.0	0.0	0.0	0.0	0.0	0.0	0.0	0.0	0.0	0.0	0.0	0.0	0.0	0.0	0.0	0.0	0.0	0.0	0.0	0.0	0.0	0.0	0.0	0.0	0.0	0.0	0.0	0.0	0.0	0.0	0.0	0.0	0.0	0.0	0.0	0.0	0.0	0.0	0.0	0.0	0.0	0.0	0.0	0.0	0.0	0.0	0.0	0.0	0.0	0.0	0.0	0.0	0.0	0.0	0.0	0.0	0.0	0.0	0.0	0.0	0.0	0.0	0.0	0.0	0.0	0.0	0.0	0.0	0.0	0.0	0.0	0.0	0.0	0.0	0.0	0.0	0.0	0.0	0.0	0.0	0.0	0.0	0.0	0.0	0.0	0.0	0.0	0.0	0.0	0.0	0.0	0.0	0.0	0.0	0.0	0.0	0.0	0.0	0.0	0.0	0.0	0.0	0.0	0.0	0.0	0.0	0.0	0.0	0.0	0.0	0.0	0.0	0.0	0.0	0.0	0.0	0.0	0.0	0.0	0.0	0.0	0.0	0.0	0.0	0.0	0.0	0.0	0.0	0.0	0.0	0.0	0.0	0.0	0.0	0.0	0.0	0.0	0.0	0.0	0.0	0.0	0.0	0.0	0.0	0.0	0.0	0.0	0.0	0.0	0.0	0.0	0.0	0.0	0.0
0.0	0.0	0.0	0.0	0.0	0.0	0.0	0.0	0.0	0.0	0.0	0.0	0.0	0.0	0.0	0.0	0.0	0.0	0.0	0.0	0.0	0.0	0.0	0.0	0.0	0.0	0.0	0.0	0.0	0.0	0.0	0.0	0.0	0.0	0.0	0.0	0.0	0.0	0.0	0.0	0.0	0.0	0.0	0.0	0.0	0.0	0.0	0.0	0.0	0.0	0.0	0.0	0.0	0.0	0.0	0.0	0.0	0.0	0.0	0.0	0.0	0.0	0.0	0.0	0.0	0.0	0.0	0.0	0.0	0.0	0.0	0.0	0.0	0.0	0.0	0.0	0.0	0.0	0.0	0.0	0.0	0.0	0.0	0.0	0.0	0.0	0.0	0.0	0.0	0.0	0.0	0.0	0.0	0.0	0.0	0.0	0.0	0.0	0.0	0.0	0.0	0.0	0.0	0.0	0.0	0.0	0.0	0.0	0.0	0.0	0.0	0.0	0.0	0.0	0.0	0.0	0.0	0.0	0.0	0.0	0.0	0.0	0.0	0.0	0.0	0.0	0.0	0.0	0.0	0.0	0.0	0.0	0.0	0.0	0.0	0.0	0.0	0.0	0.0	0.0	0.0	0.0	0.0	0.0	0.0	0.0	0.0	0.0	0.0	0.0	0.0	0.0	0.0	0.0	0.0	0.0	0.0	0.0	0.0	0.0	0.0	0.0	0.0	0.0	0.0	0.0	0.0	0.0	0.0	0.0	0.0	0.0	0.0	0.0	0.0	0.0	0.0	0.0	0.0	0.0	0.0	0.0	0.0	0.0	0.0	0.0	0.0	0.0	0.0	0.0	0.0	0.0	0.0	0.0	0.0	0.0	0.0	0.0	0.0	0.0	0.0	0.0	0.0	0.0	0.0	0.0	0.0	0.0	0.0	0.0	0.0	0.0	0.0	0.0	0.0	0.0	0.0	0.0	0.0	0.0	0.0	0.0	0.0	0.0	0.0	0.0	0.0	0.0	0.0	0.0	0.0	0.0	0.0	0.0	0.0	0.0	0.0	0.0	0.0	0.0	0.0	0.0	0.0	0.0	0.0	0.0	0.0	0.0	0.0	0.0	0.0	0.0	0.0	0.0	0.0	0.0	0.0	0.0	0.0	0.0	0.0	0.0	0.0	0.0	0.0	0.0	0.0	0.0	0.0	0.0	0.0	0.0	0.0	0.0	0.0	0.0	0.0	0.0	0.0	0.0	0.0	0.0	0.0	0.0	0.0	0.0	0.0	0.0	0.0	0.0	0.0	0.0	0.0	0.0	0.0	0.0	0.0	0.0	0.0	0.0	0.0	0.0	0.0	0.0	0.0	0.0	0.0	0.0	0.0	0.0	0.0	0.0	0.0	0.0	0.0	0.0	0.0	0.0	0.0	0.0	0.0	0.0	0.0	0.0	0.0	0.0	0.0	0.0	0.0	0.0	0.0	0.0	0.0	0.0	0.0	0.0	0.0	0.0	0.0	0.0	0.0	0.0	0.0	0.0	0.0	0.0	0.0	0.0	0.0	0.0	0.0	0.0	0.0	0.0	0.0	0.0	0.0	0.0	0.0	0.0	0.0	0.0	0.0	0.0	0.0	0.0	0.0	0.0	0.0	0.0	0.0	0.0	0.0	0.0	0.0	0.0	0.0	0.0	0.0	0.0	0.0	0.0	0.0	0.0	0.0	0.0	0.0	0.0	0.0	0.0	0.0	0.0	0.0	0.0	0.0	0.0	0.0	0.0	0.0	0.0	0.0	0.0	0.0	0.0	0.0	0.0	0.0	0.0	0.0	0.0	0.0	0.0	0.0	0.0	0.0	0.0	0.0	0.0	0.0	0.0	0.0	0.0	0.0	0.0	0.0	0.0	0.0	0.0	0.0	0.0	0.0	0.0	0.0	0.0	0.0	0.0	0.0	0.0	0.0	0.0	0.0	0.0	0.0	0.0	0.0	0.0	0.0	0.0	0.0	0.0	0.0	0.0	0.0	0.0	0.0	0.0	0.0	0.0	0.0	0.0	0.0	0.0	0.0	0.0	0.0	0.0	0.0	0.0	0.0	0.0	0.0	0.0	0.0	0.0	0.0	0.0	0.0	0.0	0.0	0.0	0.0	0.0	0.0	0.0	0.0	0.0	0.0	0.0	0.0	0.0	0.0	0.0	0.0	0.0	0.0	0.0	0.0	0.0	0.0	0.0
0.0	0.0	0.0	0.0	0.0	0.0	0.0	0.0	0.0	0.0	0.0	0.0	0.0	0.0	0.0	0.0	0.0	0.0	0.0	0.0	0.0	0.0	0.0	0.0	0.0	0.0	0.0	0.0	0.0	0.0	0.0	0.0	0.0	0.0	0.0	0.0	0.0	0.0	0.0	0.0	0.0	0.0	0.0	0.0	0.0	0.0	0.0	0.0	0.0	0.0	0.0	0.0	0.0	0.0	0.0	0.0	0.0	0.0	0.0	0.0	0.0	0.0	0.0	0.0	0.0	0.0	0.0	0.0	0.0	0.0	0.0	0.0	0.0	0.0	0.0	0.0	0.0	0.0	0.0	0.0	0.0	0.0	0.0	0.0	0.0	0.0	0.0	0.0	0.0	0.0	0.0	0.0	0.0	0.0	0.0	0.0	0.0	0.0	0.0	0.0	0.0	0.0	0.0	0.0	0.0	0.0	0.0	0.0	0.0	0.0	0.0	0.0	0.0	0.0	0.0	0.0	0.0	0.0	0.0	0.0	0.0	0.0	0.0	0.0	0.0	0.0	0.0	0.0	0.0	0.0	0.0	0.0	0.0	0.0	0.0	0.0	0.0	0.0	0.0	0.0	0.0	0.0	0.0	0.0	0.0	0.0	0.0	0.0	0.0	0.0	0.0	0.0	0.0	0.0	0.0	0.0	0.0	0.0	0.0	0.0	0.0	0.0	0.0	0.0	0.0	0.0	0.0	0.0	0.0	0.0	0.0	0.0	0.0	0.0	0.0	0.0	0.0	0.0	0.0	0.0	0.0	0.0	0.0	0.0	0.0	0.0	0.0	0.0	0.0	0.0	0.0	0.0	0.0	0.0	0.0	0.0	0.0	0.0	0.0	0.0	0.0	0.0	0.0	0.0	0.0	0.0	0.0	0.0	0.0	0.0	0.0	0.0	0.0	0.0	0.0	0.0	0.0	0.0	0.0	0.0	0.0	0.0	0.0	0.0	0.0	0.0	0.0	0.0	0.0	0.0	0.0	0.0	0.0	0.0	0.0	0.0	0.0	0.0	0.0	0.0	0.0	0.0	0.0	0.0	0.0	0.0	0.0	0.0	0.0	0.0	0.0	0.0	0.0	0.0	0.0	0.0	0.0	0.0	0.0	0.0	0.0	0.0	0.0	0.0	0.0	0.0	0.0	0.0	0.0	0.0	0.0	0.0	0.0	0.0	0.0	0.0	0.0	0.0	0.0	0.0	0.0	0.0	0.0	0.0	0.0	0.0	0.0	0.0	0.0	0.0	0.0	0.0	0.0	0.0	0.0	0.0	0.0	0.0	0.0	0.0	0.0	0.0	0.0	0.0	0.0	0.0	0.0	0.0	0.0	0.0	0.0	0.0	0.0	0.0	0.0	0.0	0.0	0.0	0.0	0.0	0.0	0.0	0.0	0.0	0.0	0.0	0.0	0.0	0.0	0.0	0.0	0.0	0.0	0.0	0.0	0.0	0.0	0.0	0.0	0.0	0.0	0.0	0.0	0.0	0.0	0.0	0.0	0.0	0.0	0.0	0.0	0.0	0.0	0.0	0.0	0.0	0.0	0.0	0.0	0.0	0.0	0.0	0.0	0.0	0.0	0.0	0.0	0.0	0.0	0.0	0.0	0.0	0.0	0.0	0.0	0.0	0.0	0.0	0.0	0.0	0.0	0.0	0.0	0.0	0.0	0.0	0.0	0.0	0.0	0.0	0.0	0.0	0.0	0.0	0.0	0.0	0.0	0.0	0.0	0.0	0.0	0.0	0.0	0.0	0.0	0.0	0.0	0.0	0.0	0.0	0.0	0.0	0.0	0.0	0.0	0.0	0.0	0.0	0.0	0.0	0.0	0.0	0.0	0.0	0.0	0.0	0.0	0.0	0.0	0.0	0.0	0.0	0.0	0.0	0.0	0.0	0.0	0.0	0.0	0.0	0.0	0.0	0.0	0.0	0.0	0.0	0.0	0.0	0.0	0.0	0.0	0.0	0.0	0.0	0.0	0.0	0.0	0.0	0.0	0.0	0.0	0.0	0.0	0.0	0.0	0.0	0.0	0.0	0.0	0.0	0.0	0.0	0.0	0.0	0.0	0.0	0.0	0.0	0.0	0.0	0.0	0.0	0.0	0.0	0.0	0.0	0.0	0.0	0.0	0.0	0.0	0.0	0.0	0.0	0.0	0.0	0.0	0.0	0.0	0.0
0.0	0.0	0.0	0.0	0.0	0.0	0.0	0.0	0.0	0.0	0.0	0.0	0.0	0.0	0.0	0.0	0.0	0.0	0.0	0.0	0.0	0.0	0.0	0.0	0.0	0.0	0.0	0.0	0.0	0.0	0.0	0.0	0.0	0.0	0.0	0.0	0.0	0.0	0.0	0.0	0.0	0.0	0.0	0.0	0.0	0.0	0.0	0.0	0.0	0.0	0.0	0.0	0.0	0.0	0.0	0.0	0.0	0.0	0.0	0.0	0.0	0.0	0.0	0.0	0.0	0.0	0.0	0.0	0.0	0.0	0.0	0.0	0.0	0.0	0.0	0.0	0.0	0.0	0.0	0.0	0.0	0.0	0.0	0.0	0.0	0.0	0.0	0.0	0.0	0.0	0.0	0.0	0.0	0.0	0.0	0.0	0.0	0.0	0.0	0.0	0.0	0.0	0.0	0.0	0.0	0.0	0.0	0.0	0.0	0.0	0.0	0.0	0.0	0.0	0.0	0.0	0.0	0.0	0.0	0.0	0.0	0.0	0.0	0.0	0.0	0.0	0.0	0.0	0.0	0.0	0.0	0.0	0.0	0.0	0.0	0.0	0.0	0.0	0.0	0.0	0.0	0.0	0.0	0.0	0.0	0.0	0.0	0.0	0.0	0.0	0.0	0.0	0.0	0.0	0.0	0.0	0.0	0.0	0.0	0.0	0.0	0.0	0.0	0.0	0.0	0.0	0.0	0.0	0.0	0.0	0.0	0.0	0.0	0.0	0.0	0.0	0.0	0.0	0.0	0.0	0.0	0.0	0.0	0.0	0.0	0.0	0.0	0.0	0.0	0.0	0.0	0.0	0.0	0.0	0.0	0.0	0.0	0.0	0.0	0.0	0.0	0.0	0.0	0.0	0.0	0.0	0.0	0.0	0.0	0.0	0.0	0.0	0.0	0.0	0.0	0.0	0.0	0.0	0.0	0.0	0.0	0.0	0.0	0.0	0.0	0.0	0.0	0.0	0.0	0.0	0.0	0.0	0.0	0.0	0.0	0.0	0.0	0.0	0.0	0.0	0.0	0.0	0.0	0.0	0.0	0.0	0.0	0.0	0.0	0.0	0.0	0.0	0.0	0.0	0.0	0.0	0.0	0.0	0.0	0.0	0.0	0.0	0.0	0.0	0.0	0.0	0.0	0.0	0.0	0.0	0.0	0.0	0.0	0.0	0.0	0.0	0.0	0.0	0.0	0.0	0.0	0.0	0.0	0.0	0.0	0.0	0.0	0.0	0.0	0.0	0.0	0.0	0.0	0.0	0.0	0.0	0.0	0.0	0.0	0.0	0.0	0.0	0.0	0.0	0.0	0.0	0.0	0.0	0.0	0.0	0.0	0.0	0.0	0.0	0.0	0.0	0.0	0.0	0.0	0.0	0.0	0.0	0.0	0.0	0.0	0.0	0.0	0.0	0.0	0.0	0.0	0.0	0.0	0.0	0.0	0.0	0.0	0.0	0.0	0.0	0.0	0.0	0.0	0.0	0.0	0.0	0.0	0.0	0.0	0.0	0.0	0.0	0.0	0.0	0.0	0.0	0.0	0.0	0.0	0.0	0.0	0.0	0.0	0.0	0.0	0.0	0.0	0.0	0.0	0.0	0.0	0.0	0.0	0.0	0.0	0.0	0.0	0.0	0.0	0.0	0.0	0.0	0.0	0.0	0.0	0.0	0.0	0.0	0.0	0.0	0.0	0.0	0.0	0.0	0.0	0.0	0.0	0.0	0.0	0.0	0.0	0.0	0.0	0.0	0.0	0.0	0.0	0.0	0.0	0.0	0.0	0.0	0.0	0.0	0.0	0.0	0.0	0.0	0.0	0.0	0.0	0.0	0.0	0.0	0.0	0.0	0.0	0.0	0.0	0.0	0.0	0.0	0.0	0.0	0.0	0.0	0.0	0.0	0.0	0.0	0.0	0.0	0.0	0.0	0.0	0.0	0.0	0.0	0.0	0.0	0.0	0.0	0.0	0.0	0.0	0.0	0.0	0.0	0.0	0.0	0.0	0.0	0.0	0.0	0.0	0.0	0.0	0.0	0.0	0.0	0.0	0.0	0.0	0.0	0.0	0.0	0.0	0.0	0.0	0.0	0.0	0.0	0.0	0.0	0.0	0.0	0.0	0.0	0.0	0.0	0.0	0.0	0.0	0.0	0.0	0.0	0.0	0.0	0.0	0.0
0.0	0.0	0.0	0.0	0.0	0.0	0.0	0.0	0.0	0.0	0.0	0.0	0.0	0.0	0.0	0.0	0.0	0.0	0.0	0.0	0.0	0.0	0.0	0.0	0.0	0.0	0.0	0.0	0.0	0.0	0.0	0.0	0.0	0.0	0.0	0.0	0.0	0.0	0.0	0.0	0.0	0.0	0.0	0.0	0.0	0.0	0.0	0.0	0.0	0.0	0.0	0.0	0.0	0.0	0.0	0.0	0.0	0.0	0.0	0.0	0.0	0.0	0.0	0.0	0.0	0.0	0.0	0.0	0.0	0.0	0.0	0.0	0.0	0.0	0.0	0.0	0.0	0.0	0.0	0.0	0.0	0.0	0.0	0.0	0.0	0.0	0.0	0.0	0.0	0.0	0.0	0.0	0.0	0.0	0.0	0.0	0.0	0.0	0.0	0.0	0.0	0.0	0.0	0.0	0.0	0.0	0.0	0.0	0.0	0.0	0.0	0.0	0.0	0.0	0.0	0.0	0.0	0.0	0.0	0.0	0.0	0.0	0.0	0.0	0.0	0.0	0.0	0.0	0.0	0.0	0.0	0.0	0.0	0.0	0.0	0.0	0.0	0.0	0.0	0.0	0.0	0.0	0.0	0.0	0.0	0.0	0.0	0.0	0.0	0.0	0.0	0.0	0.0	0.0	0.0	0.0	0.0	0.0	0.0	0.0	0.0	0.0	0.0	0.0	0.0	0.0	0.0	0.0	0.0	0.0	0.0	0.0	0.0	0.0	0.0	0.0	0.0	0.0	0.0	0.0	0.0	0.0	0.0	0.0	0.0	0.0	0.0	0.0	0.0	0.0	0.0	0.0	0.0	0.0	0.0	0.0	0.0	0.0	0.0	0.0	0.0	0.0	0.0	0.0	0.0	0.0	0.0	0.0	0.0	0.0	0.0	0.0	0.0	0.0	0.0	0.0	0.0	0.0	0.0	0.0	0.0	0.0	0.0	0.0	0.0	0.0	0.0	0.0	0.0	0.0	0.0	0.0	0.0	0.0	0.0	0.0	0.0	0.0	0.0	0.0	0.0	0.0	0.0	0.0	0.0	0.0	0.0	0.0	0.0	0.0	0.0	0.0	0.0	0.0	0.0	0.0	0.0	0.0	0.0	0.0	0.0	0.0	0.0	0.0	0.0	0.0	0.0	0.0	0.0	0.0	0.0	0.0	0.0	0.0	0.0	0.0	0.0	0.0	0.0	0.0	0.0	0.0	0.0	0.0	0.0	0.0	0.0	0.0	0.0	0.0	0.0	0.0	0.0	0.0	0.0	0.0	0.0	0.0	0.0	0.0	0.0	0.0	0.0	0.0	0.0	0.0	0.0	0.0	0.0	0.0	0.0	0.0	0.0	0.0	0.0	0.0	0.0	0.0	0.0	0.0	0.0	0.0	0.0	0.0	0.0	0.0	0.0	0.0	0.0	0.0	0.0	0.0	0.0	0.0	0.0	0.0	0.0	0.0	0.0	0.0	0.0	0.0	0.0	0.0	0.0	0.0	0.0	0.0	0.0	0.0	0.0	0.0	0.0	0.0	0.0	0.0	0.0	0.0	0.0	0.0	0.0	0.0	0.0	0.0	0.0	0.0	0.0	0.0	0.0	0.0	0.0	0.0	0.0	0.0	0.0	0.0	0.0	0.0	0.0	0.0	0.0	0.0	0.0	0.0	0.0	0.0	0.0	0.0	0.0	0.0	0.0	0.0	0.0	0.0	0.0	0.0	0.0	0.0	0.0	0.0	0.0	0.0	0.0	0.0	0.0	0.0	0.0	0.0	0.0	0.0	0.0	0.0	0.0	0.0	0.0	0.0	0.0	0.0	0.0	0.0	0.0	0.0	0.0	0.0	0.0	0.0	0.0	0.0	0.0	0.0	0.0	0.0	0.0	0.0	0.0	0.0	0.0	0.0	0.0	0.0	0.0	0.0	0.0	0.0	0.0	0.0	0.0	0.0	0.0	0.0	0.0	0.0	0.0	0.0	0.0	0.0	0.0	0.0	0.0	0.0	0.0	0.0	0.0	0.0	0.0	0.0	0.0	0.0	0.0	0.0	0.0	0.0	0.0	0.0	0.0	0.0	0.0	0.0	0.0	0.0	0.0	0.0	0.0	0.0	0.0	0.0	0.0	0.0	0.0	0.0	0.0	0.0	0.0	0.0	0.0	0.0	0.0	0.0	0.0	0.0
0.0	0.0	0.0	0.0	0.0	0.0	0.0	0.0	0.0	0.0	0.0	0.0	0.0	0.0	0.0	0.0	0.0	0.0	0.0	0.0	0.0	0.0	0.0	0.0	0.0	0.0	0.0	0.0	0.0	0.0	0.0	0.0	0.0	0.0	0.0	0.0	0.0	0.0	0.0	0.0	0.0	0.0	0.0	0.0	0.0	0.0	0.0	0.0	0.0	0.0	0.0	0.0	0.0	0.0	0.0	0.0	0.0	0.0	0.0	0.0	0.0	0.0	0.0	0.0	0.0	0.0	0.0	0.0	0.0	0.0	0.0	0.0	0.0	0.0	0.0	0.0	0.0	0.0	0.0	0.0	0.0	0.0	0.0	0.0	0.0	0.0	0.0	0.0	0.0	0.0	0.0	0.0	0.0	0.0	0.0	0.0	0.0	0.0	0.0	0.0	0.0	0.0	0.0	0.0	0.0	0.0	0.0	0.0	0.0	0.0	0.0	0.0	0.0	0.0	0.0	0.0	0.0	0.0	0.0	0.0	0.0	0.0	0.0	0.0	0.0	0.0	0.0	0.0	0.0	0.0	0.0	0.0	0.0	0.0	0.0	0.0	0.0	0.0	0.0	0.0	0.0	0.0	0.0	0.0	0.0	0.0	0.0	0.0	0.0	0.0	0.0	0.0	0.0	0.0	0.0	0.0	0.0	0.0	0.0	0.0	0.0	0.0	0.0	0.0	0.0	0.0	0.0	0.0	0.0	0.0	0.0	0.0	0.0	0.0	0.0	0.0	0.0	0.0	0.0	0.0	0.0	0.0	0.0	0.0	0.0	0.0	0.0	0.0	0.0	0.0	0.0	0.0	0.0	0.0	0.0	0.0	0.0	0.0	0.0	0.0	0.0	0.0	0.0	0.0	0.0	0.0	0.0	0.0	0.0	0.0	0.0	0.0	0.0	0.0	0.0	0.0	0.0	0.0	0.0	0.0	0.0	0.0	0.0	0.0	0.0	0.0	0.0	0.0	0.0	0.0	0.0	0.0	0.0	0.0	0.0	0.0	0.0	0.0	0.0	0.0	0.0	0.0	0.0	0.0	0.0	0.0	0.0	0.0	0.0	0.0	0.0	0.0	0.0	0.0	0.0	0.0	0.0	0.0	0.0	0.0	0.0	0.0	0.0	0.0	0.0	0.0	0.0	0.0	0.0	0.0	0.0	0.0	0.0	0.0	0.0	0.0	0.0	0.0	0.0	0.0	0.0	0.0	0.0	0.0	0.0	0.0	0.0	0.0	0.0	0.0	0.0	0.0	0.0	0.0	0.0	0.0	0.0	0.0	0.0	0.0	0.0	0.0	0.0	0.0	0.0	0.0	0.0	0.0	0.0	0.0	0.0	0.0	0.0	0.0	0.0	0.0	0.0	0.0	0.0	0.0	0.0	0.0	0.0	0.0	0.0	0.0	0.0	0.0	0.0	0.0	0.0	0.0	0.0	0.0	0.0	0.0	0.0	0.0	0.0	0.0	0.0	0.0	0.0	0.0	0.0	0.0	0.0	0.0	0.0	0.0	0.0	0.0	0.0	0.0	0.0	0.0	0.0	0.0	0.0	0.0	0.0	0.0	0.0	0.0	0.0	0.0	0.0	0.0	0.0	0.0	0.0	0.0	0.0	0.0	0.0	0.0	0.0	0.0	0.0	0.0	0.0	0.0	0.0	0.0	0.0	0.0	0.0	0.0	0.0	0.0	0.0	0.0	0.0	0.0	0.0	0.0	0.0	0.0	0.0	0.0	0.0	0.0	0.0	0.0	0.0	0.0	0.0	0.0	0.0	0.0	0.0	0.0	0.0	0.0	0.0	0.0	0.0	0.0	0.0	0.0	0.0	0.0	0.0	0.0	0.0	0.0	0.0	0.0	0.0	0.0	0.0	0.0	0.0	0.0	0.0	0.0	0.0	0.0	0.0	0.0	0.0	0.0	0.0	0.0	0.0	0.0	0.0	0.0	0.0	0.0	0.0	0.0	0.0	0.0	0.0	0.0	0.0	0.0	0.0	0.0	0.0	0.0	0.0	0.0	0.0	0.0	0.0	0.0	0.0	0.0	0.0	0.0	0.0	0.0	0.0	0.0	0.0	0.0	0.0	0.0	0.0	0.0	0.0	0.0	0.0	0.0	0.0	0.0	0.0	0.0	0.0	0.0	0.0	0.0	0.0	0.0	0.0	0.0	0.0	0.0
0.0	0.0	0.0	0.0	0.0	0.0	0.0	0.0	0.0	0.0	0.0	0.0	0.0	0.0	0.0	0.0	0.0	0.0	0.0	0.0	0.0	0.0	0.0	0.0	0.0	0.0	0.0	0.0	0.0	0.0	0.0	0.0	0.0	0.0	0.0	0.0	0.0	0.0	0.0	0.0	0.0	0.0	0.0	0.0	0.0	0.0	0.0	0.0	0.0	0.0	0.0	0.0	0.0	0.0	0.0	0.0	0.0	0.0	0.0	0.0	0.0	0.0	0.0	0.0	0.0	0.0	0.0	0.0	0.0	0.0	0.0	0.0	0.0	0.0	0.0	0.0	0.0	0.0	0.0	0.0	0.0	0.0	0.0	0.0	0.0	0.0	0.0	0.0	0.0	0.0	0.0	0.0	0.0	0.0	0.0	0.0	0.0	0.0	0.0	0.0	0.0	0.0	0.0	0.0	0.0	0.0	0.0	0.0	0.0	0.0	0.0	0.0	0.0	0.0	0.0	0.0	0.0	0.0	0.0	0.0	0.0	0.0	0.0	0.0	0.0	0.0	0.0	0.0	0.0	0.0	0.0	0.0	0.0	0.0	0.0	0.0	0.0	0.0	0.0	0.0	0.0	0.0	0.0	0.0	0.0	0.0	0.0	0.0	0.0	0.0	0.0	0.0	0.0	0.0	0.0	0.0	0.0	0.0	0.0	0.0	0.0	0.0	0.0	0.0	0.0	0.0	0.0	0.0	0.0	0.0	0.0	0.0	0.0	0.0	0.0	0.0	0.0	0.0	0.0	0.0	0.0	0.0	0.0	0.0	0.0	0.0	0.0	0.0	0.0	0.0	0.0	0.0	0.0	0.0	0.0	0.0	0.0	0.0	0.0	0.0	0.0	0.0	0.0	0.0	0.0	0.0	0.0	0.0	0.0	0.0	0.0	0.0	0.0	0.0	0.0	0.0	0.0	0.0	0.0	0.0	0.0	0.0	0.0	0.0	0.0	0.0	0.0	0.0	0.0	0.0	0.0	0.0	0.0	0.0	0.0	0.0	0.0	0.0	0.0	0.0	0.0	0.0	0.0	0.0	0.0	0.0	0.0	0.0	0.0	0.0	0.0	0.0	0.0	0.0	0.0	0.0	0.0	0.0	0.0	0.0	0.0	0.0	0.0	0.0	0.0	0.0	0.0	0.0	0.0	0.0	0.0	0.0	0.0	0.0	0.0	0.0	0.0	0.0	0.0	0.0	0.0	0.0	0.0	0.0	0.0	0.0	0.0	0.0	0.0	0.0	0.0	0.0	0.0	0.0	0.0	0.0	0.0	0.0	0.0	0.0	0.0	0.0	0.0	0.0	0.0	0.0	0.0	0.0	0.0	0.0	0.0	0.0	0.0	0.0	0.0	0.0	0.0	0.0	0.0	0.0	0.0	0.0	0.0	0.0	0.0	0.0	0.0	0.0	0.0	0.0	0.0	0.0	0.0	0.0	0.0	0.0	0.0	0.0	0.0	0.0	0.0	0.0	0.0	0.0	0.0	0.0	0.0	0.0	0.0	0.0	0.0	0.0	0.0	0.0	0.0	0.0	0.0	0.0	0.0	0.0	0.0	0.0	0.0	0.0	0.0	0.0	0.0	0.0	0.0	0.0	0.0	0.0	0.0	0.0	0.0	0.0	0.0	0.0	0.0	0.0	0.0	0.0	0.0	0.0	0.0	0.0	0.0	0.0	0.0	0.0	0.0	0.0	0.0	0.0	0.0	0.0	0.0	0.0	0.0	0.0	0.0	0.0	0.0	0.0	0.0	0.0	0.0	0.0	0.0	0.0	0.0	0.0	0.0	0.0	0.0	0.0	0.0	0.0	0.0	0.0	0.0	0.0	0.0	0.0	0.0	0.0	0.0	0.0	0.0	0.0	0.0	0.0	0.0	0.0	0.0	0.0	0.0	0.0	0.0	0.0	0.0	0.0	0.0	0.0	0.0	0.0	0.0	0.0	0.0	0.0	0.0	0.0	0.0	0.0	0.0	0.0	0.0	0.0	0.0	0.0	0.0	0.0	0.0	0.0	0.0	0.0	0.0	0.0	0.0	0.0	0.0	0.0	0.0	0.0	0.0	0.0	0.0	0.0	0.0	0.0	0.0	0.0	0.0	0.0	0.0	0.0	0.0	0.0	0.0	0.0	0.0	0.0	0.0	0.0	0.0	0.0	0.0	0.0	0.0	0.0
0.0	0.0	0.0	0.0	0.0	0.0	0.0	0.0	0.0	0.0	0.0	0.0	0.0	0.0	0.0	0.0	0.0	0.0	0.0	0.0	0.0	0.0	0.0	0.0	0.0	0.0	0.0	0.0	0.0	0.0	0.0	0.0	0.0	0.0	0.0	0.0	0.0	0.0	0.0	0.0	0.0	0.0	0.0	0.0	0.0	0.0	0.0	0.0	0.0	0.0	0.0	0.0	0.0	0.0	0.0	0.0	0.0	0.0	0.0	0.0	0.0	0.0	0.0	0.0	0.0	0.0	0.0	0.0	0.0	0.0	0.0	0.0	0.0	0.0	0.0	0.0	0.0	0.0	0.0	0.0	0.0	0.0	0.0	0.0	0.0	0.0	0.0	0.0	0.0	0.0	0.0	0.0	0.0	0.0	0.0	0.0	0.0	0.0	0.0	0.0	0.0	0.0	0.0	0.0	0.0	0.0	0.0	0.0	0.0	0.0	0.0	0.0	0.0	0.0	0.0	0.0	0.0	0.0	0.0	0.0	0.0	0.0	0.0	0.0	0.0	0.0	0.0	0.0	0.0	0.0	0.0	0.0	0.0	0.0	0.0	0.0	0.0	0.0	0.0	0.0	0.0	0.0	0.0	0.0	0.0	0.0	0.0	0.0	0.0	0.0	0.0	0.0	0.0	0.0	0.0	0.0	0.0	0.0	0.0	0.0	0.0	0.0	0.0	0.0	0.0	0.0	0.0	0.0	0.0	0.0	0.0	0.0	0.0	0.0	0.0	0.0	0.0	0.0	0.0	0.0	0.0	0.0	0.0	0.0	0.0	0.0	0.0	0.0	0.0	0.0	0.0	0.0	0.0	0.0	0.0	0.0	0.0	0.0	0.0	0.0	0.0	0.0	0.0	0.0	0.0	0.0	0.0	0.0	0.0	0.0	0.0	0.0	0.0	0.0	0.0	0.0	0.0	0.0	0.0	0.0	0.0	0.0	0.0	0.0	0.0	0.0	0.0	0.0	0.0	0.0	0.0	0.0	0.0	0.0	0.0	0.0	0.0	0.0	0.0	0.0	0.0	0.0	0.0	0.0	0.0	0.0	0.0	0.0	0.0	0.0	0.0	0.0	0.0	0.0	0.0	0.0	0.0	0.0	0.0	0.0	0.0	0.0	0.0	0.0	0.0	0.0	0.0	0.0	0.0	0.0	0.0	0.0	0.0	0.0	0.0	0.0	0.0	0.0	0.0	0.0	0.0	0.0	0.0	0.0	0.0	0.0	0.0	0.0	0.0	0.0	0.0	0.0	0.0	0.0	0.0	0.0	0.0	0.0	0.0	0.0	0.0	0.0	0.0	0.0	0.0	0.0	0.0	0.0	0.0	0.0	0.0	0.0	0.0	0.0	0.0	0.0	0.0	0.0	0.0	0.0	0.0	0.0	0.0	0.0	0.0	0.0	0.0	0.0	0.0	0.0	0.0	0.0	0.0	0.0	0.0	0.0	0.0	0.0	0.0	0.0	0.0	0.0	0.0	0.0	0.0	0.0	0.0	0.0	0.0	0.0	0.0	0.0	0.0	0.0	0.0	0.0	0.0	0.0	0.0	0.0	0.0	0.0	0.0	0.0	0.0	0.0	0.0	0.0	0.0	0.0	0.0	0.0	0.0	0.0	0.0	0.0	0.0	0.0	0.0	0.0	0.0	0.0	0.0	0.0	0.0	0.0	0.0	0.0	0.0	0.0	0.0	0.0	0.0	0.0	0.0	0.0	0.0	0.0	0.0	0.0	0.0	0.0	0.0	0.0	0.0	0.0	0.0	0.0	0.0	0.0	0.0	0.0	0.0	0.0	0.0	0.0	0.0	0.0	0.0	0.0	0.0	0.0	0.0	0.0	0.0	0.0	0.0	0.0	0.0	0.0	0.0	0.0	0.0	0.0	0.0	0.0	0.0	0.0	0.0	0.0	0.0	0.0	0.0	0.0	0.0	0.0	0.0	0.0	0.0	0.0	0.0	0.0	0.0	0.0	0.0	0.0	0.0	0.0	0.0	0.0	0.0	0.0	0.0	0.0	0.0	0.0	0.0	0.0	0.0	0.0	0.0	0.0	0.0	0.0	0.0	0.0	0.0	0.0	0.0	0.0	0.0	0.0	0.0	0.0	0.0	0.0	0.0	0.0	0.0	0.0	0.0	0.0	0.0	0.0	0.0	0.0	0.0	0.0	0.0	0.0
3.5762786e-09	-8.8214875e-08	1.1920929e-09	-7.390976e-08	0.0	-1.07288365e-08	-3.0994414e-08	-4.053116e-08	-3.8146972e-08	-5.8412553e-08	-1.07288365e-08	-1.1920929e-08	-4.4107438e-08	-1.1920929e-08	-4.7683715e-09	0.0	-5.364418e-08	-1.1920929e-08	0.0	-4.649162e-08	-9.536743e-09	-1.9073486e-08	0.0	-8.7022784e-08	0.0	-7.510185e-08	-5.9604646e-09	0.0	-9.536743e-09	-2.3841857e-09	-8.34465e-09	0.0	0.0	0.0	-2.026558e-08	-2.6226044e-08	-1.3113022e-08	0.0	0.0	4.7683715e-09	-2.3841857e-09	-5.6028366e-08	0.0	4.7683715e-09	-8.34465e-09	-8.34465e-09	-1.7881394e-08	-1.013279e-07	-4.649162e-08	0.0	-2.3841857e-09	-1.07288365e-08	-1.1920929e-09	0.0	-2.2649765e-08	0.0	-3.218651e-08	-2.3841857e-09	-2.3841858e-08	-2.2649765e-08	-1.07288365e-08	-1.5497207e-08	0.0	-8.34465e-09	-1.66893e-08	0.0	-1.07288365e-08	-9.536743e-09	-4.053116e-08	0.0	-1.7881394e-08	0.0	-5.364418e-08	-2.9802322e-08	0.0	-8.34465e-08	-7.152557e-09	-1.4305114e-08	-3.576279e-08	0.0	-5.00679e-08	-1.66893e-08	-2.2649765e-08	-2.8610229e-08	-8.34465e-09	2.3841857e-09	0.0	-1.7881394e-08	-6.556511e-08	-9.536743e-09	-1.1920929e-09	0.0	0.0	0.0	-3.218651e-08	0.0	-3.0994414e-08	-1.5497207e-08	-1.4305114e-08	-7.152557e-09	-1.1920929e-09	1.1920929e-09	-2.1457673e-08	-3.576279e-08	-3.0994414e-08	0.0	-3.5762786e-09	0.0	-6.437302e-08	-6.556511e-08	-2.2649765e-08	1.1920929e-09	-1.1920929e-08	-1.1920929e-09	-4.649162e-08	-2.6226044e-08	0.0	-1.3113022e-08	-5.9604646e-09	-2.3841857e-09	-1.66893e-08	0.0	-2.2649765e-08	-2.2292137e-07	-4.887581e-08	-4.053116e-08	0.0	-7.033348e-08	0.0	-1.66893e-08	-3.4570693e-08	1.1920929e-09	0.0	1.1920929e-08	-1.66893e-08	-8.34465e-09	3.5762786e-09	0.0	-1.66893e-08	-2.7418137e-08	2.3841857e-09	0.0	-1.66893e-08	-4.7683715e-09	-3.8146972e-08	-3.576279e-08	-2.6226044e-08	-1.3113022e-08	-3.4570693e-08	-1.1920929e-08	-5.1259995e-08	-3.218651e-08	-3.5762786e-09	-2.3841858e-08	4.7683715e-09	0.0	-8.34465e-09	9.536743e-09	-2.3841858e-08	-3.0994414e-08	-7.152557e-09	-3.0994414e-08	-2.9802322e-08	-1.1920929e-08	0.0	0.0	-2.3841858e-08	-4.7683715e-09	-1.4305114e-08	-3.218651e-08	-2.3841858e-08	-3.33786e-08	1.1920929e-09	-8.7022784e-08	-2.3841857e-09	-5.2452087e-08	-1.07288365e-08	-7.510185e-08	-4.053116e-08	-8.34465e-09	2.2649765e-08	-1.07288365e-08	0.0	-2.3841858e-08	0.0	-2.8610229e-08	-1.66893e-08	-1.1920929e-09	-3.576279e-08	0.0	-2.3841857e-09	-2.7418137e-08	-5.8412553e-08	-3.576279e-08	-4.7683717e-08	0.0	-5.9604646e-09	0.0	-1.7881394e-08	-3.4570693e-08	-2.3841857e-09	-8.34465e-09	0.0	-2.503395e-08	-9.417534e-08	-3.4570693e-08	0.0	-2.8610229e-08	-5.7220458e-08	-2.026558e-08	-1.9073486e-08	-2.3841857e-09	0.0	0.0	-2.3841857e-09	0.0	-1.4305114e-08	2.3841857e-09	-4.4107438e-08	-2.026558e-08	2.3841857e-09	-2.026558e-08	-1.1920929e-08	-2.1457673e-08	0.0	0.0	-7.152557e-09	-4.7683715e-09	0.0	-2.8610229e-08	0.0	-9.536743e-09	-8.34465e-09	-4.7683715e-09	-1.5497207e-08	-5.9604646e-09	4.7683715e-09	-8.463859e-08	-5.2452087e-08	0.0	-3.5762786e-09	4.7683715e-09	-7.8678134e-08	0.0	-8.8214875e-08	-2.6226044e-08	-5.00679e-08	0.0	-5.9604646e-09	-1.07288365e-08	-1.9073486e-08	3.5762786e-09	0.0	-6.7949294e-08	2.3841857e-09	0.0	-3.4570693e-08	2.3841857e-09	1.1920929e-08	-3.5762786e-09	-3.33786e-08	4.7683715e-09	-1.1920929e-09	-8.34465e-09	7.152557e-09	-5.9604646e-09	0.0	8.34465e-09	-1.3113022e-08	-1.07288365e-08	-2.1457673e-08	-2.3841857e-09	-1.5497207e-08	-7.152558e-08	-3.0994414e-08	0.0	-4.529953e-08	-4.172325e-08	-4.7683717e-08	-1.5497207e-08	-2.9802322e-08	-3.9339067e-08	-2.8610229e-08	0.0	-1.3113022e-08	1.1920929e-09	-8.7022784e-08	0.0	-1.9073486e-08	-2.2649765e-08	-1.7881394e-08	-8.34465e-09	2.3841858e-08	-9.536743e-09	-1.1920929e-09	-2.3841858e-08	-6.67572e-08	-1.3113022e-08	0.0	2.3841857e-09	-1.1920929e-09	-2.3841858e-08	-4.7683715e-09	-3.0994414e-08	0.0	0.0	-1.1920929e-09	-2.8610229e-08	-5.9604646e-09	-7.152557e-09	0.0	0.0	0.0	-3.5762786e-09	-4.529953e-08	0.0	-3.576279e-08	-1.3113022e-08	-8.583069e-08	-4.7683715e-09	1.1920929e-09	-1.1920929e-08	0.0	-7.152557e-09	0.0	-5.4836274e-08	-1.1920929e-08	-1.3113022e-08	2.3841857e-09	-3.4570693e-08	0.0	0.0	-4.7683715e-09	-2.2649765e-08	-4.2915346e-08	0.0	-5.364418e-08	0.0	-9.536743e-09	-2.6226044e-08	-3.0994414e-08	-1.07288365e-08	0.0	-4.4107438e-08	-3.0994414e-08	-6.556511e-08	0.0	0.0	9.536743e-09	-3.218651e-08	0.0	-5.9604646e-09	-3.0994414e-08	-1.5497207e-08	0.0	-3.218651e-08	0.0	-1.5497207e-08	-2.3841857e-09	-2.503395e-08	-1.1920929e-09	0.0	-3.5762786e-09	-8.34465e-09	0.0	-2.7418137e-08	-1.4305114e-08	-7.152557e-09	0.0	-3.4570693e-08	-4.172325e-08	-1.1920929e-09	-2.3841858e-08	4.7683715e-09	-8.34465e-09	0.0	1.1920929e-09	-2.3841857e-09	-1.07288365e-08	-1.9073486e-08	-9.536743e-09	-1.3113022e-08	-3.4570693e-08	0.0	-1.1920929e-09	-4.4107438e-08	-1.3113022e-08	-4.887581e-08	1.1920929e-09	-9.536743e-09	-1.5497207e-08	-1.1920929e-09	-7.152557e-09	-5.00679e-08	-4.7683715e-09	-4.649162e-08	-2.3841857e-09	-3.576279e-08	2.3841857e-09	0.0	-4.887581e-08	-1.07288365e-08	-6.318092e-08	-4.7683715e-09	-1.66893e-08	-1.4305114e-08	1.1920929e-09	-6.318092e-08	1.1920929e-09	-4.649162e-08	0.0	-1.7881394e-08	0.0	-4.7683717e-08	0.0	-6.318092e-08	0.0	-3.33786e-08	-1.9073486e-08	0.0	-4.2915346e-08	-1.3113022e-08	-4.529953e-08	-2.7418137e-08	-2.3841858e-08	0.0	-7.152557e-09	0.0	-1.66893e-08	-1.07288365e-08	2.3841857e-09	9.536743e-09	-1.1920929e-08	0.0	-2.6226044e-08	-3.5762786e-09	-1.7881394e-08	-7.152557e-09	-1.5497207e-08	-9.417534e-08	-3.4570693e-08	-7.152557e-09	-4.172325e-08	-1.4305114e-08	-3.4570693e-08	-3.5762786e-09	-6.556511e-08	-2.9802322e-08	0.0	-7.152558e-08	-1.07288365e-08	-2.503395e-08	1.5497207e-08	-5.9604646e-09	-1.5497207e-08	-3.9339067e-08	-2.3841857e-09	-2.6226044e-08	-9.536743e-09	-4.7683715e-09	-3.5762786e-09	0.0	-4.7683715e-09	-2.3841858e-08	-6.67572e-08	-4.7683715e-09	-3.576279e-08	-3.8146972e-08	0.0	0.0	0.0	-4.529953e-08	0.0	-5.00679e-08	0.0	0.0	0.0	-1.3113022e-08	-5.1259995e-08	-2.9802322e-08	-1.5497207e-08	-1.3113022e-08	-1.7881394e-08	-1.07288365e-08	-7.152557e-09	-4.529953e-08	0.0	0.0	0.0	-4.2915346e-08	0.0	3.5762786e-09	-6.9141386e-08	-5.9604646e-09	-1.9073486e-08	-1.0251999e-07	-4.053116e-08	-4.053116e-08	-1.1920929e-09	-3.5762786e-09
-1.3282241e-21	-2.1512382e-23	-5.4255344e-22	4.792271e-23	3.429284e-23	-5.0375812e-21	-7.46259e-21	-6.982535e-21	-5.7009445e-22	4.403615e-22	-1.0202327e-21	-5.207254e-21	-5.547942e-22	-5.524569e-22	-1.8588346e-21	-3.465475e-21	-1.8182826e-22	-6.342605e-21	-3.2221767e-21	-2.924135e-23	8.2736206e-22	-3.72421e-22	-1.9364934e-21	-2.6785193e-22	-5.5581884e-23	-1.8637314e-21	1.1499563e-21	-1.6718974e-22	-5.2565934e-22	-5.852494e-22	4.6837396e-22	-4.642444e-21	5.837977e-22	-9.484252e-22	-1.782839e-21	-1.182573e-21	-9.352199e-21	-1.0071885e-21	-1.9101358e-22	3.3257106e-22	1.1741312e-21	-1.9387583e-21	-1.9997257e-21	-1.141928e-22	-2.1019823e-21	-2.9575104e-21	-6.982366e-21	9.374329e-22	7.0647687e-22	-2.9869569e-21	-7.737802e-21	-1.0210511e-23	0.0	-1.0884818e-22	-2.638396e-23	2.5035189e-22	1.5080759e-21	-1.8666241e-21	-1.431964e-20	-1.1068851e-20	-1.1430996e-20	-7.7792815e-21	-3.9053398e-21	-7.376461e-21	-2.03965e-21	-1.4549021e-22	-3.0910901e-21	-1.670045e-21	-5.9466685e-21	-3.667255e-21	-3.087705e-22	-1.6219285e-21	-1.5540304e-21	-6.574836e-21	-6.850184e-21	3.8615685e-22	-1.3452345e-21	-9.559184e-21	-7.265732e-21	-6.193823e-21	1.1634937e-21	-4.8153653e-21	-1.3276735e-21	-4.073358e-22	-1.3144102e-21	-1.1618641e-21	-6.72466e-21	-9.155223e-21	-8.255511e-22	3.9599204e-22	1.721001e-23	-1.1082669e-23	-4.085063e-21	-2.076137e-21	2.5427532e-22	-2.0007535e-22	-9.267406e-22	-7.732273e-21	2.225138e-21	-1.0150811e-20	-5.45887e-22	-2.3946756e-21	-5.972636e-21	-3.072976e-24	-4.4378276e-21	-6.113989e-21	-4.5853155e-22	-5.1935868e-21	-1.6351578e-21	-3.2597286e-21	-1.3159089e-21	-2.609823e-21	-5.720026e-22	-4.5895733e-21	-2.8214753e-21	-2.7302534e-21	-5.2375283e-21	-1.2130263e-20	-7.491953e-21	-5.7234884e-21	1.0020388e-21	-1.1975398e-21	-8.2509714e-23	-1.0017126e-21	-1.2594725e-21	-3.0322761e-21	-3.2823262e-21	-4.123874e-21	-6.4375846e-23	5.6010802e-21	-5.543515e-21	0.0	-1.2853838e-21	-1.4068099e-21	-1.0641561e-20	-8.08536e-22	-9.827878e-22	-4.471216e-21	1.7970131e-21	-6.424799e-21	2.2098183e-22	-6.3412643e-21	-2.7273056e-21	-7.574613e-21	-9.5196e-21	-4.4116126e-22	-6.5777863e-21	-4.609955e-21	-2.2432114e-21	-5.7099035e-22	-4.0063977e-23	-8.131509e-21	-9.712114e-22	-5.2764197e-22	-5.9091715e-23	-6.498967e-22	-2.0420664e-21	-4.1756647e-22	-3.7956006e-21	-2.8120005e-21	-4.3562227e-22	-1.6495796e-21	-5.9620965e-21	-9.677118e-21	-3.785892e-22	3.4480285e-21	-6.7935207e-22	-3.5162932e-23	-1.6883232e-21	-1.9850675e-21	-9.703143e-21	-3.1248558e-22	-8.1469843e-22	8.4404475e-23	-2.2850864e-21	-4.3105674e-21	-5.2299972e-21	-2.1938716e-21	-1.0527705e-20	-4.791531e-21	-8.508984e-22	-6.714179e-21	0.0	3.009014e-22	-5.5750822e-21	-8.7582505e-21	-4.0878228e-21	-3.829817e-21	-8.926473e-22	-1.746778e-22	-7.29396e-22	7.321665e-22	-3.363686e-21	-5.527926e-21	-3.0120055e-21	-1.8677532e-21	-7.634385e-21	-8.4536865e-21	-1.0537931e-20	-7.1108376e-22	-2.7624658e-21	-1.1063453e-21	-8.467176e-23	1.757521e-22	-8.123012e-22	-4.9839134e-21	-8.302248e-21	-6.852009e-21	-8.5113264e-23	-7.66577e-21	-3.9113597e-22	-6.0256125e-21	-5.7180152e-21	-1.2911121e-21	-5.8578386e-21	-9.907364e-21	-1.803655e-21	-1.3620377e-21	-2.312583e-21	-9.849538e-21	-1.247652e-22	-6.908901e-21	-2.7302471e-21	-7.016638e-21	4.7911953e-22	-1.947967e-21	-3.0923507e-21	-1.0682976e-21	-9.141571e-21	-2.6828626e-21	-6.779778e-21	-4.679776e-21	-6.786474e-22	-4.9567207e-21	-8.237374e-21	-5.45263e-22	1.4996562e-21	-1.1753704e-21	-3.8725777e-21	-5.685357e-22	-9.213779e-21	-1.2121195e-22	-8.985859e-22	-1.0939379e-20	-6.8735324e-21	-8.649313e-21	-3.7922096e-23	-1.2307447e-20	2.5133987e-22	-3.595775e-22	-6.755477e-21	-3.516231e-22	-2.6736069e-21	-2.1897274e-21	4.6275277e-22	-1.0664702e-20	-5.894915e-21	-4.34823e-23	-1.6719544e-21	-9.082469e-22	-2.3918057e-21	-1.4733012e-21	-5.216316e-21	-3.2344674e-21	-1.1411949e-21	-8.535026e-22	-5.650988e-23	-4.1592253e-21	-8.067367e-21	-7.613562e-21	-2.3418683e-21	-6.4851933e-21	-1.0659525e-21	-1.7783913e-21	-6.4754356e-21	-3.840708e-22	1.21107e-22	-4.7686845e-21	-6.0260673e-21	-5.2962173e-21	-3.15609e-21	-4.343175e-21	-2.3697485e-21	-2.8181577e-22	5.9715717e-23	-2.4519753e-22	-1.7294945e-21	4.9810283e-22	-3.277393e-21	-1.3228572e-21	-6.5891968e-21	-2.693478e-21	-3.8397258e-22	-1.1472463e-21	-4.9871426e-21	-2.928378e-21	-3.0218945e-21	-1.1507602e-21	2.128227e-21	-9.953568e-23	-1.0160891e-20	-2.6542562e-21	-1.935031e-21	-3.7749365e-21	-2.2623797e-20	-2.798067e-21	-5.765877e-21	-2.4359213e-21	3.2552195e-21	-5.021405e-21	-1.6174002e-21	-1.8004636e-20	-6.21513e-22	-1.6193095e-23	-1.1439045e-21	2.5462873e-21	-1.0886504e-21	-2.1832915e-23	-9.296781e-22	-5.966289e-21	0.0	-3.3659312e-21	-8.959348e-21	-3.978646e-21	-4.129778e-21	-1.3426196e-21	7.776756e-21	-6.883653e-21	-3.386371e-21	9.203211e-22	2.0299582e-21	-2.1886372e-22	-1.3395208e-21	4.2318975e-22	-2.2175777e-21	-1.5219885e-21	2.5847243e-21	-7.776758e-21	-6.757678e-22	-1.465397e-21	1.5049103e-22	-3.7532752e-22	-1.946098e-21	-2.0547942e-22	-1.1223141e-20	1.0326316e-22	-3.906959e-21	-6.905127e-21	-1.4055799e-21	-3.8630058e-21	6.5657574e-21	-8.478436e-21	9.8141e-22	-4.778912e-21	5.4593496e-21	-2.0504561e-21	-3.9141645e-21	-8.148836e-21	-3.8313116e-21	-1.9540137e-21	-1.0292362e-20	-1.609285e-21	-2.1163798e-21	-5.7574202e-21	-7.38937e-21	-6.6439353e-21	-7.835887e-22	-3.7938588e-22	-2.625678e-22	-1.7329206e-21	-6.8296846e-21	2.710831e-22	-5.3773024e-21	-1.0374716e-21	-6.1079634e-22	-7.006721e-22	8.0732207e-22	-1.5560198e-22	-2.164494e-22	2.5605489e-21	-9.445756e-22	2.8566212e-21	-1.1284153e-20	-5.7042593e-21	-7.21621e-21	8.515483e-22	-3.2118674e-21	6.002333e-23	-1.425077e-23	-1.2276084e-22	-2.1152606e-21	1.7606947e-21	6.8381316e-22	-1.4014559e-21	3.9435525e-22	-1.7309272e-22	-1.6037672e-21	1.3042555e-21	4.5165402e-21	-1.0909561e-21	-9.2495336e-23	-4.3007976e-21	-3.5996523e-22	-4.1288204e-23	-8.505933e-21	-1.6895542e-21	-3.8986107e-22	-2.6511904e-21	-5.023106e-22	-6.83176e-21	-2.7363207e-21	-2.526659e-21	7.339e-22	-1.0172714e-20	0.0	1.749947e-22	-4.3969823e-21	-6.788061e-22	-5.6077595e-21	-5.3881713e-21	-6.592377e-21	-7.3233175e-21	-5.4773016e-21	4.1225957e-22	-1.2286e-21	3.135733e-21	-5.9835456e-22	5.2360532e-24	-2.8684065e-21	7.5691267e-22	3.3966258e-22	-6.7699977e-22	-8.140119e-22	1.7616362e-22	-7.0756295e-21	-1.0434811e-21	-1.2512658e-23	-2.793651e-21	-5.277687e-21	-4.9128326e-23	1.2948711e-21	-6.243606e-21	6.6160954e-22	-1.014673e-21	8.464534e-22	-8.156192e-21	-4.406727e-22	2.2327e-22	-9.806458e-22	-4.8845225e-21	-6.65214e-22	1.5808512e-21	-7.5966457e-22	-4.2808067e-21	-4.992639e-21	-9.489515e-22	-4.4257075e-21	-1.0162389e-21	3.034936e-22	-4.8383454e-21	-2.562436e-21	-3.0332955e-21	-2.904954e-21	-2.1825976e-21	-1.1510389e-21	3.1899652e-22	-1.0661226e-21	-5.746646e-21	-5.3322736e-21	-5.681916e-21	-1.0961234e-21	6.3894016e-23	-1.1297592e-21	-2.5112196e-21	4.9029062e-23	-3.2042485e-21	-3.5939386e-21	8.056155e-22	4.5199736e-22	-4.796953e-21	-3.2274075e-21	-5.7168532e-21	-3.275052e-21	-3.673252e-21	-9.736332e-21	-7.371973e-22	1.1775692e-22	-1.05311175e-20	-1.8566782e-21	-1.2325213e-21	-2.5989328e-21	2.4249163e-22	-3.0656e-21	-4.4432266e-22	2.1977155e-21	-5.559424e-22	-3.1784793e-21	-3.8728905e-22	-6.135333e-21	-1.7276546e-21
